[32m>[0m Building NixOS configuration
[?25l[?2026h[35;1mwarning:[0m Git tree '/etc/nixos' is dirty
[1m⏱ 0s[0m[?2026l[?2026h[1G[2K[1m⏱ 0s[0m[?2026l[?2026h[1G[2K[1m⏱ 0s[0m[?2026l[?2026h[1G[2K[1m⏱ 0s[0m[?2026l[?2026h[1G[2K[1m⏱ 0s[0m[?2026l[?2026h[1G[2K[1m⏱ 0s[0m[?2026l[?2026h[1G[2K[1m⏱ 0s[0m[?2026l[?2026h[1G[2K[1m⏱ 0s[0m[?2026l[?2026h[1G[2K[1m⏱ 0s[0m[?2026l[?2026h[1G[2K[1m⏱ 0s[0m[?2026l[?2026h[1G[2K[1m⏱ 0s[0m[?2026l[?2026h[1G[2K[1m⏱ 0s[0m[?2026l[?2026h[1G[2K[1m⏱ 0s[0m[?2026l[?2026h[1G[2K[1m⏱ 0s[0m[?2026l[?2026h[1G[2K[1m⏱ 0s[0m[?2026l[?2026h[1G[2K[1m⏱ 1s[0m[?2026l[?2026h[1G[2K[1m⏱ 1s[0m[?2026l[?2026h[1G[2K[1m⏱ 1s[0m[?2026l[?2026h[1G[2K[1m⏱ 1s[0m[?2026l[?2026h[1G[2K[1m⏱ 1s[0m[?2026l[?2026h[1G[2K[1m⏱ 1s[0m[?2026l[?2026h[1G[2K[1m⏱ 1s[0m[?2026l[?2026h[1G[2K[1m⏱ 1s[0m[?2026l[?2026h[1G[2K[1m⏱ 1s[0m[?2026l[?2026h[1G[2K[1m⏱ 1s[0m[?2026l[?2026h[1G[2K[1m⏱ 1s[0m[?2026l[?2026h[1G[2K[1m⏱ 1s[0m[?2026l[?2026h[1G[2K[1m⏱ 1s[0m[?2026l[?2026h[1G[2K[1m⏱ 1s[0m[?2026l[?2026h[1G[2K[1m⏱ 1s[0m[?2026l[?2026h[1G[2K[1m⏱ 2s[0m[?2026l[?2026h[1G[2K[1m⏱ 2s[0m[?2026l[?2026h[1G[2K[1m⏱ 2s[0m[?2026l[?2026h[1G[2K[1m⏱ 2s[0m[?2026l[?2026h[1G[2K[1m⏱ 2s[0m[?2026l[?2026h[1G[2K[1m⏱ 2s[0m[?2026l[?2026h[1G[2K[1m⏱ 2s[0m[?2026l[?2026h[1G[2K[1m⏱ 2s[0m[?2026l[?2026h[1G[2K[1m⏱ 2s[0m[?2026l[?2026h[1G[2K[1m⏱ 2s[0m[?2026l[?2026h[1G[2K[1m⏱ 2s[0m[?2026l[?2026h[1G[2K[1m⏱ 3s[0m[?2026l[?2026h[1G[2K[1m⏱ 3s[0m[?2026l[?2026h[1G[2K[1m⏱ 3s[0m[?2026l[?2026h[1G[2K[1m⏱ 3s[0m[?2026l[?2026h[1G[2K[1m⏱ 3s[0m[?2026l[?2026h[1G[2K[1m⏱ 3s[0m[?2026l[?2026h[1G[2K[1m⏱ 3s[0m[?2026l[?2026h[1G[2K[1m⏱ 3s[0m[?2026l[?2026h[1G[2K[1m⏱ 3s[0m[?2026l[?2026h[1G[2K[1m⏱ 3s[0m[?2026l[?2026h[1G[2K[1m⏱ 3s[0m[?2026l[?2026h[1G[2K[1m⏱ 3s[0m[?2026l[?2026h[1G[2K[1m⏱ 3s[0m[?2026l[?2026h[1G[2K[1m⏱ 3s[0m[?2026l[?2026h[1G[2K[1m⏱ 3s[0m[?2026l[?2026h[1G[2K[1m⏱ 3s[0m[?2026l[?2026h[1G[2K[1m⏱ 3s[0m[?2026l[?2026h[1G[2K[1m⏱ 4s[0m[?2026l[?2026h[1G[2K[1m⏱ 4s[0m[?2026l[?2026h[1G[2K[1m⏱ 4s[0m[?2026l[?2026h[1G[2K[1m⏱ 4s[0m[?2026l[?2026h[1G[2K[1m⏱ 4s[0m[?2026l[?2026h[1G[2K[1m⏱ 4s[0m[?2026l[?2026h[1G[2K[1m⏱ 4s[0m[?2026l[?2026h[1G[2K[1m⏱ 4s[0m[?2026l[?2026h[1G[2K[1m⏱ 4s[0m[?2026l[?2026h[1G[2K[1m⏱ 4s[0m[?2026l[?2026h[1G[2K[1m⏱ 4s[0m[?2026l[?2026h[1G[2K[1m⏱ 4s[0m[?2026l[?2026h[1G[2K[1m⏱ 4s[0m[?2026l[?2026h[1G[2K[1m⏱ 4s[0m[?2026l[?2026h[1G[2K[1m⏱ 4s[0m[?2026l[?2026h[1G[2K[1m⏱ 4s[0m[?2026l[?2026h[1G[2K[1m⏱ 5s[0m[?2026l[?2026h[1G[2K[1m⏱ 5s[0m[?2026l[?2026h[1G[2K[1m⏱ 5s[0m[?2026l[?2026h[1G[2K[1m⏱ 5s[0m[?2026l[?2026h[1G[2K[1m⏱ 5s[0m[?2026l[?2026h[1G[2K[1m⏱ 5s[0m[?2026l[?2026h[1G[2K[1m⏱ 5s[0m[?2026l[?2026h[1G[2K[1m⏱ 5s[0m[?2026l[?2026h[1G[2K[1m⏱ 5s[0m[?2026l[?2026h[1G[2K[1m⏱ 5s[0m[?2026l[?2026h[1G[2K[1m⏱ 5s[0m[?2026l[?2026h[1G[2K[1m⏱ 5s[0m[?2026l[?2026h[1G[2K[1m⏱ 5s[0m[?2026l[?2026h[1G[2K[1m⏱ 5s[0m[?2026l[?2026h[1G[2K[1m⏱ 5s[0m[?2026l[?2026h[1G[2K[1m⏱ 5s[0m[?2026l[?2026h[1G[2K[1m⏱ 6s[0m[?2026l[?2026h[1G[2K[1m⏱ 6s[0m[?2026l[?2026h[1G[2K[1m⏱ 6s[0m[?2026l[?2026h[1G[2K[1m⏱ 6s[0m[?2026l[?2026h[1G[2K[1m⏱ 6s[0m[?2026l[?2026h[1G[2K[1m⏱ 6s[0m[?2026l[?2026h[1G[2K[1m⏱ 6s[0m[?2026l[?2026h[1G[2K[1m⏱ 6s[0m[?2026l[?2026h[1G[2K[1m⏱ 6s[0m[?2026l[?2026h[1G[2K[1m⏱ 6s[0m[?2026l[?2026h[1G[2K[1m⏱ 6s[0m[?2026l[?2026h[1G[2K[1m⏱ 6s[0m[?2026l[?2026h[1G[2K[1m⏱ 6s[0m[?2026l[?2026h[1G[2K[1m⏱ 6s[0m[?2026l[?2026h[1G[2K[1m⏱ 6s[0m[?2026l[?2026h[1G[2K[1m⏱ 6s[0m[?2026l[?2026h[1G[2K[1m⏱ 7s[0m[?2026l[?2026h[1G[2K[1m⏱ 7s[0m[?2026l[?2026h[1G[2K[1m⏱ 7s[0m[?2026l[?2026h[1G[2K[1m⏱ 7s[0m[?2026l[?2026h[1G[2K[1m⏱ 7s[0m[?2026l[?2026h[1G[2K[1m⏱ 7s[0m[?2026l[?2026h[1G[2K[1m⏱ 7s[0m[?2026l[?2026h[1G[2K[1m⏱ 7s[0m[?2026l[?2026h[1G[2K[1m⏱ 7s[0m[?2026l[?2026h[1G[2K[1m⏱ 7s[0m[?2026l[?2026h[1G[2K[1m⏱ 7s[0m[?2026l[?2026h[1G[2K[1m⏱ 7s[0m[?2026l[?2026h[1G[2K[1m⏱ 7s[0m[?2026l[?2026h[1G[2K[1m⏱ 7s[0m[?2026l[?2026h[1G[2K[1m⏱ 7s[0m[?2026l[?2026h[1G[2K[1m⏱ 7s[0m[?2026l[?2026h[1G[2K[1m⏱ 8s[0m[?2026l[?2026h[1G[2K[1m⏱ 8s[0m[?2026l[?2026h[1G[2K[1m⏱ 8s[0m[?2026l[?2026h[1G[2K[1m⏱ 8s[0m[?2026l[?2026h[1G[2K[1m⏱ 9s[0m[?2026l[?2026h[1G[2K[1m⏱ 9s[0m[?2026l[?2026h[1G[2K[1m⏱ 9s[0m[?2026l[?2026h[1G[2K[1m⏱ 10s[0m[?2026l[?2026h[1G[2K[1m⏱ 10s[0m[?2026l[?2026h[1G[2K[1m⏱ 10s[0m[?2026l[?2026h[1G[2K[1m⏱ 10s[0m[?2026l[?2026h[1G[2K[1m⏱ 10s[0m[?2026l[?2026h[1G[2K[1m⏱ 10s[0m[?2026l[?2026h[1G[2K[1m⏱ 10s[0m[?2026l[?2026h[1G[2K[1m⏱ 10s[0m[?2026l[?2026h[1G[2K[1m⏱ 10s[0m[?2026l[?2026h[1G[2K[1m⏱ 10s[0m[?2026l[?2026h[1G[2K[1m⏱ 11s[0m[?2026l[?2026h[1G[2K[1m⏱ 11s[0m[?2026l[?2026h[1G[2K[1m⏱ 11s[0m[?2026l[?2026h[1G[2K[1m⏱ 11s[0m[?2026l[?2026h[1G[2K[1m⏱ 11s[0m[?2026l[?2026h[1G[2K[1m⏱ 11s[0m[?2026l[?2026h[1G[2K[1m⏱ 11s[0m[?2026l[?2026h[1G[2K[1m⏱ 11s[0m[?2026l[?2026h[1G[2K[1m⏱ 11s[0m[?2026l[?2026h[1G[2K[1m⏱ 11s[0m[?2026l[?2026h[1G[2K[1m⏱ 11s[0m[?2026l[?2026h[1G[2K[1m⏱ 11s[0m[?2026l[?2026h[1G[2K[1m⏱ 11s[0m[?2026l[?2026h[1G[2K[1m⏱ 11s[0m[?2026l[?2026h[1G[2K[1m⏱ 11s[0m[?2026l[?2026h[1G[2K[1m⏱ 11s[0m[?2026l[?2026h[1G[2K[1m⏱ 11s[0m[?2026l[?2026h[1G[2K[1m⏱ 12s[0m[?2026l[?2026h[1G[2K[1m⏱ 12s[0m[?2026l[?2026h[1G[2K[1m⏱ 12s[0m[?2026l[?2026h[1G[2K[1m⏱ 12s[0m[?2026l[?2026h[1G[2K[1m⏱ 12s[0m[?2026l[?2026h[1G[2K[1m⏱ 12s[0m[?2026l[?2026h[1G[2K[1m⏱ 12s[0m[?2026l[?2026h[1G[2K[1m⏱ 12s[0m[?2026l[?2026h[1G[2K[1m⏱ 12s[0m[?2026l[?2026h[1G[2K[1m⏱ 12s[0m[?2026l[?2026h[1G[2K[1m⏱ 12s[0m[?2026l[?2026h[1G[2K[1m⏱ 12s[0m[?2026l[?2026h[1G[2K[1m⏱ 12s[0m[?2026l[?2026h[1G[2K[1m⏱ 12s[0m[?2026l[?2026h[1G[2K[1m⏱ 13s[0m[?2026l[?2026h[1G[2K[1m⏱ 13s[0m[?2026l[?2026h[1G[2K[1m⏱ 13s[0m[?2026l[?2026h[1G[2K[1m⏱ 13s[0m[?2026l[?2026h[1G[2K[1m⏱ 13s[0m[?2026l[?2026h[1G[2K[1m⏱ 13s[0m[?2026l[?2026h[1G[2K[1m⏱ 13s[0m[?2026l[?2026h[1G[2K[1m⏱ 13s[0m[?2026l[?2026h[1G[2K[1m⏱ 14s[0m[?2026l[?2026h[1G[2K[1m⏱ 14s[0m[?2026l[?2026h[1G[2K[1m⏱ 14s[0m[?2026l[?2026h[1G[2K[1m⏱ 15s[0m[?2026l[?2026h[1G[2K[1m⏱ 15s[0m[?2026l[?2026h[1G[2K[1m⏱ 15s[0m[?2026l[?2026h[1G[2K[1m⏱ 15s[0m[?2026l[?2026h[1G[2K[1m⏱ 15s[0m[?2026l[?2026h[1G[2K[1m⏱ 15s[0m[?2026l[?2026h[1G[2K[1m⏱ 16s[0m[?2026l[?2026h[1G[2K[1m⏱ 17s[0m[?2026l[?2026h[1G[2K[1m⏱ 18s[0m[?2026l[?2026h[1G[2K[1m⏱ 19s[0m[?2026l[?2026h[1G[2K[1m⏱ 19s[0m[?2026l[?2026h[1G[2K[1m⏱ 19s[0m[?2026l[?2026h[1G[2K[1m⏱ 19s[0m[?2026l[?2026h[1G[2K[1m⏱ 19s[0m[?2026l[?2026h[1G[2K[1m⏱ 20s[0m[?2026l[?2026h[1G[2K[1m⏱ 20s[0m[?2026l[?2026h[1G[2K[1m⏱ 20s[0m[?2026l[?2026h[1G[2K[1m⏱ 20s[0m[?2026l[?2026h[1G[2K[1m⏱ 20s[0m[?2026l[?2026h[1G[2K[1m⏱ 20s[0m[?2026l[?2026h[1G[2K[1m⏱ 21s[0m[?2026l[?2026h[1G[2K[1m⏱ 21s[0m[?2026l[?2026h[1G[2K[1m⏱ 21s[0m[?2026l[?2026h[1G[2K[1m⏱ 21s[0m[?2026l[?2026h[1G[2K[1m⏱ 21s[0m[?2026l[?2026h[1G[2K[1m⏱ 21s[0m[?2026l[?2026h[1G[2K[1m⏱ 22s[0m[?2026l[?2026h[1G[2K[1m⏱ 23s[0m[?2026l[?2026h[1G[2K[1m⏱ 23s[0m[?2026l[?2026h[1G[2K[1m⏱ 23s[0m[?2026l[?2026h[1G[2K[1m⏱ 24s[0m[?2026l[?2026h[1G[2K[1m⏱ 24s[0m[?2026l[?2026h[1G[2K[1m⏱ 24s[0m[?2026l[?2026h[1G[2K[1m⏱ 24s[0m[?2026l[?2026h[1G[2K[1m⏱ 24s[0m[?2026l[?2026h[1G[2K[1m⏱ 24s[0m[?2026l[?2026h[1G[2K[1m⏱ 24s[0m[?2026l[?2026h[1G[2K[1m⏱ 24s[0m[?2026l[?2026h[1G[2K[1m⏱ 24s[0m[?2026l[?2026h[1G[2K[1m⏱ 24s[0m[?2026l[?2026h[1G[2K[1m⏱ 24s[0m[?2026l[?2026h[1G[2K[1m⏱ 24s[0m[?2026l[?2026h[1G[2K[1m⏱ 24s[0m[?2026l[?2026h[1G[2K[1m⏱ 24s[0m[?2026l[?2026h[1G[2K[1m⏱ 24s[0m[?2026l[?2026h[1G[2K[1m⏱ 24s[0m[?2026l[?2026h[1G[2K[1m⏱ 25s[0m[?2026l[?2026h[1G[2K[1m⏱ 25s[0m[?2026l[?2026h[1G[2K[1m⏱ 26s[0m[?2026l[?2026h[1G[2K[1m⏱ 26s[0m[?2026l[?2026h[1G[2K[1m⏱ 26s[0m[?2026l[?2026h[1G[2K[1m⏱ 26s[0m[?2026l[?2026h[1G[2K[1m⏱ 26s[0m[?2026l[?2026h[1G[2K[1m⏱ 26s[0m[?2026l[?2026h[1G[2K[1m⏱ 27s[0m[?2026l[?2026h[1G[2K[1m⏱ 27s[0m[?2026l[?2026h[1G[2K[1m⏱ 27s[0m[?2026l[?2026h[1G[2K[1m⏱ 27s[0m[?2026l[?2026h[1G[2K[1m⏱ 27s[0m[?2026l[?2026h[1G[2K[1m⏱ 27s[0m[?2026l[?2026h[1G[2K[1m⏱ 28s[0m[?2026l[?2026h[1G[2K[1m⏱ 28s[0m[?2026l[?2026h[1G[2K[1m⏱ 28s[0m[?2026l[?2026h[1G[2K[1m⏱ 28s[0m[?2026l[?2026h[1G[2K[1m⏱ 28s[0m[?2026l[?2026h[1G[2K[1m⏱ 28s[0m[?2026l[?2026h[1G[2Kthese 27 derivations will be built:
  /nix/store/pf2c4zhfbayczrsihwc3s7hk2zkzgn1b-builder.pl.drv
  /nix/store/anxvzyn8v6qchr1bjx4h6avmwh8xaswa-dummy-fc-dir1.drv
  /nix/store/hsnk2y5bs4nhr9blvid8iadnmdyl09gv-dummy-fc-dir2.drv
  /nix/store/nfx75kpdd97h6g7x81fwsspmiz7xki2x-dummy-xdg-mime-dirs2.drv
  /nix/store/vqfb368bpriz0qppr27238zjwkc84d18-dummy-xdg-mime-dirs1.drv
  /nix/store/rcwhshz9pjd63kjfp828hac7zflfnqgq-home-manager-path.drv
  /nix/store/fjn69kb7il5vcvm81rbim1zq5v6x8cng-user-environment.drv
  /nix/store/2p1gchhlxqfk2fy8mnj84847mfgpwsy2-unit-pipewire.socket-disabled.drv
  /nix/store/3d8dqwyr0x4hfv226h4786zl8f7ssbn6-unit-pipewire-pulse.socket-disabled.drv
  /nix/store/4kjg9ah1wvw1ab8srmg0z79j822ndgzp-unit-wireplumber.service-disabled.drv
  /nix/store/kwxrrffciw725b7n17k3a6432zgw1ykq-unit-console-getty.service-disabled.drv
  /nix/store/wlavqm33xa86h6jrs3qxlp32yhpkb1pz-unit-pipewire-pulse.service-disabled.drv
  /nix/store/x4f2cmdq60f6hdkirf6z6bdwx3n6x8ay-unit-pipewire.service-disabled.drv
  /nix/store/6clrlkq5jr0wp29b23i5azv2nn2g3vlc-activation-script.drv
  /nix/store/l0vaj8nq2c1jk3ia04syy8np44wldv4c-hm_fontconfigconf.d10hmfonts.conf.drv
  /nix/store/p67i6rs3l2p0amq0cnajnas800md61xn-home-manager-files.drv
  /nix/store/ccsi0mj54pfr7a478ri30xpcp2kkr0ad-home-manager-generation.drv
  /nix/store/yw3f2pyq1glcc57hamw7hk4bwc1vrwxh-unit-home-manager-licht.service.drv
  /nix/store/r3v2y33m203qns85k899crz0cxcalak9-system-units.drv
  /nix/store/1g0fk5xb9g6h7g3kazxfkv9f5hy95wh5-etc.drv
  /nix/store/7nlvm031ynyhf8x2dlgfd82yqm8favxn-ensure-all-wrappers-paths-exist.drv
  /nix/store/ay7954qpbycnghjh9cxr2mh01vfhh86w-activate.drv
  /nix/store/ib85ryh54ylcxh57wzcjz1mibww1virf-dry-activate.drv
  /nix/store/ly0ps4x1qagr4af9gb9qggqdkxkzrzgi-perl-5.42.0-env.drv
  /nix/store/qrriaiayg3y9n7x7pjbfn69xi2p6nxqr-stage-2-init.sh.drv
  /nix/store/vllmkgx0s9lbjjyynbl3vay620chw5pi-boot.json.drv
  /nix/store/nhbpnl8mbdcsam7yvdph39r30kwk6mvx-nixos-system-licht-26.05.20260907.93108a5.drv
these 10 paths will be fetched (3.6 MiB download, 26.0 MiB unpacked):
  /nix/store/qqlrkblzhy8mkrrgz5d1vaxn14v98d0r-die-hook
  /nix/store/3wbppfzpwj9kwkfrx9bkg99fbmr49p9q-file-5.47
  /nix/store/finpdyscmk3xzcvrp6yxhxkwa6xqnwdp-gnu-config-2024-01-01
  /nix/store/jrf0jzrrgiqxhk2kzc7qvc9qpivm86ns-gnumake-4.4.1
  /nix/store/zgi7n65namq775ixng2m8q5ivnb91qfi-make-binary-wrapper-hook
  /nix/store/bpjwzx5qrfcpfnnl18nj6xxx6mpm5bqm-make-shell-wrapper-hook
  /nix/store/igij6pvja1yvldp3w5ydlpswqzwsr8s6-patchelf-0.15.2
  /nix/store/fbrmzbsak0m5kx8is8i71igsnwmhxs9q-stdenv-linux
  /nix/store/xdm9kkbv3nv4wr8cl7b3dh00ivbicg27-texinfo-7.2
  /nix/store/glpgfn5wqqvbq02jk18sdm3qxq41k2d5-update-autotools-gnu-config-scripts-hook
[0m┏━ [1mDependency Graph[0m:[0m
┣━━━ [1mBuilds          [0m │ [1mDownloads       [0m
┗━ ∑ [33m⏵ 0[0m │ [32m✔ 0[0m │ [34m⏸ [1m27[0m[0m │ [33m↓ 0[0m │ [32m↓ 0[0m │ [34m⏸ [1m10[0m[0m │ [1m⏱ 28s[0m[?2026l[?2026h[2K[1F[2K[1F[2Kcopying path '/nix/store/qqlrkblzhy8mkrrgz5d1vaxn14v98d0r-die-hook' from 'https://cache.nixos.org'
[0m┏━ [1mDependency Graph[0m:
┃       [34m┌─ [0m[1m[33m↓ ⏵ die-hook[0m[0m                                       
┃    [34m┌─ [0m[34m↓ ⏸ make-binary-wrapper-hook[0m                          
┃ [34m┌─ [0m[34m⏸ perl-5.42.0-env[0m                                        
┃ [34m├─ [0m[34m⏸ ensure-all-wrappers-paths-exist[0m[90m waiting for [0m[34m2 ↓ ⏸[0m      
┃ [34m⏸ nixos-system-licht-26.05.20260907.93108a5[0m                 [0m
┣━━━ [1mBuilds          [0m │ [1mDownloads      [0m │ [1mHost                   [0m
┃    [33m   [0m │ [32m   [0m │      │ [33m   [0m │ [32m   [0m │     │ [35m      localhost        [0m
┃    [33m   [0m │ [32m   [0m │      │ [33m↓ [1m1[0m[0m │ [32m   [0m │     │ [35mcache.nixos.org (https)[0m
┗━ ∑ [33m⏵ 0[0m │ [32m✔ 0[0m │ [34m⏸ [1m27[0m[0m │ [33m↓ [1m1[0m[0m │ [32m↓ 0[0m │ [34m⏸ [1m9[0m[0m │ [1m⏱ 34s                  [0m[?2026l[?2026h[2K[1F[2K[1F[2K[1F[2K[1F[2K[1F[2K[1F[2K[1F[2K[1F[2K[1F[2Kcopying path '/nix/store/finpdyscmk3xzcvrp6yxhxkwa6xqnwdp-gnu-config-2024-01-01' from 'https://cache.nixos.org'
[0m┏━ [1mDependency Graph[0m:
┃ [34m┌─ [0m[34m⏸ boot.json[0m[90m waiting for [0m[33m1 ↓[0m [34m2 ↓ ⏸[0m                        
┃ [34m├─ [0m[34m⏸ stage-2-init.sh[0m[90m waiting for [0m[33m1 ↓[0m [34m2 ↓ ⏸[0m                  
┃ [34m├─ [0m[34m⏸ dry-activate[0m[90m waiting for [0m[33m1 ↓[0m [34m2 ↓ ⏸[0m                     
┃ [34m├─ [0m[34m⏸ ensure-all-wrappers-paths-exist[0m[90m waiting for [0m[33m1 ↓[0m [34m2 ↓ ⏸[0m  
┃ [34m│  [0m         [34m┌─ [0m[1m[33m↓ ⏵ gnu-config-2024-01-01[0m[0m                    
┃ [34m│  [0m      [34m┌─ [0m[34m↓ ⏸ update-autotools-gnu-config-scripts-hook[0m    
┃ [34m│  [0m   [34m┌─ [0m[34m↓ ⏸ stdenv-linux[0m                                   
┃ [34m│  [0m[34m┌─ [0m[34m⏸ builder.pl[0m                                          
┃ [34m├─ [0m[34m⏸ perl-5.42.0-env[0m                                        
┃ [34m⏸ nixos-system-licht-26.05.20260907.93108a5[0m                 [0m
┣━━━ [1mBuilds          [0m │ [1mDownloads      [0m │ [1mHost                   [0m
┃    [33m   [0m │ [32m   [0m │      │ [33m   [0m │ [32m   [0m │     │ [35m      localhost        [0m
┃    [33m   [0m │ [32m   [0m │      │ [33m↓ [1m1[0m[0m │ [32m↓ [1m1[0m[0m │     │ [35mcache.nixos.org (https)[0m
┗━ ∑ [33m⏵ 0[0m │ [32m✔ 0[0m │ [34m⏸ [1m27[0m[0m │ [33m↓ [1m1[0m[0m │ [32m↓ [1m1[0m[0m │ [34m⏸ [1m8[0m[0m │ [1m⏱ 34s                  [0m[?2026l[?2026h[2K[1F[2K[1F[2K[1F[2K[1F[2K[1F[2K[1F[2K[1F[2K[1F[2K[1F[2K[1F[2K[1F[2K[1F[2K[1F[2K[1F[2Kcopying path '/nix/store/3wbppfzpwj9kwkfrx9bkg99fbmr49p9q-file-5.47' from 'https://cache.nixos.org'
copying path '/nix/store/igij6pvja1yvldp3w5ydlpswqzwsr8s6-patchelf-0.15.2' from 'https://cache.nixos.org'
copying path '/nix/store/jrf0jzrrgiqxhk2kzc7qvc9qpivm86ns-gnumake-4.4.1' from 'https://cache.nixos.org'
[0m┏━ [1mDependency Graph[0m:
┃ [34m┌─ [0m[34m⏸ boot.json[0m[90m waiting for [0m[33m4 ↓[0m [34m2 ↓ ⏸[0m                        
┃ [34m├─ [0m[34m⏸ stage-2-init.sh[0m[90m waiting for [0m[33m4 ↓[0m [34m2 ↓ ⏸[0m                  
┃ [34m├─ [0m[34m⏸ dry-activate[0m[90m waiting for [0m[33m4 ↓[0m [34m2 ↓ ⏸[0m                     
┃ [34m│  [0m   [34m┌─ [0m[1m[33m↓ ⏵ gnumake-4.4.1[0m[0m                                  
┃ [34m│  [0m   [34m├─ [0m[1m[33m↓ ⏵ patchelf-0.15.2[0m[0m                                
┃ [34m│  [0m   [34m├─ [0m[1m[33m↓ ⏵ file-5.47[0m[0m                                      
┃ [34m│  [0m   [34m├─ [0m[1m[33m↓ ⏵ gnu-config-2024-01-01[0m[0m                          
┃ [34m│  [0m[34m┌─ [0m[34m↓ ⏸ stdenv-linux[0m                                      
┃ [34m├─ [0m[34m⏸ ensure-all-wrappers-paths-exist[0m                        
┃ [34m⏸ nixos-system-licht-26.05.20260907.93108a5[0m                 [0m
┣━━━ [1mBuilds          [0m │ [1mDownloads      [0m │ [1mHost                   [0m
┃    [33m   [0m │ [32m   [0m │      │ [33m   [0m │ [32m   [0m │     │ [35m      localhost        [0m
┃    [33m   [0m │ [32m   [0m │      │ [33m↓ [1m4[0m[0m │ [32m↓ [1m1[0m[0m │     │ [35mcache.nixos.org (https)[0m
┗━ ∑ [33m⏵ 0[0m │ [32m✔ 0[0m │ [34m⏸ [1m27[0m[0m │ [33m↓ [1m4[0m[0m │ [32m↓ [1m1[0m[0m │ [34m⏸ [1m5[0m[0m │ [1m⏱ 34s                  [0m[?2026l[?2026h[2K[1F[2K[1F[2K[1F[2K[1F[2K[1F[2K[1F[2K[1F[2K[1F[2K[1F[2K[1F[2K[1F[2K[1F[2K[1F[2K[1F[2K[0m┏━ [1mDependency Graph[0m:
┃ [34m┌─ [0m[34m⏸ boot.json[0m[90m waiting for [0m[33m3 ↓[0m [34m2 ↓ ⏸[0m                        
┃ [34m├─ [0m[34m⏸ stage-2-init.sh[0m[90m waiting for [0m[33m3 ↓[0m [34m2 ↓ ⏸[0m                  
┃ [34m├─ [0m[34m⏸ dry-activate[0m[90m waiting for [0m[33m3 ↓[0m [34m2 ↓ ⏸[0m                     
┃ [34m│  [0m   [34m┌─ [0m[1m[33m↓ ⏵ gnumake-4.4.1[0m[0m                                  
┃ [34m│  [0m   [34m├─ [0m[1m[33m↓ ⏵ patchelf-0.15.2[0m[0m                                
┃ [34m│  [0m   [34m├─ [0m[1m[33m↓ ⏵ file-5.47[0m[0m                                      
┃ [34m│  [0m[34m┌─ [0m[34m↓ ⏸ stdenv-linux[0m                                      
┃ [34m├─ [0m[34m⏸ ensure-all-wrappers-paths-exist[0m                        
┃ [34m⏸ nixos-system-licht-26.05.20260907.93108a5[0m                 [0m
┣━━━ [1mBuilds          [0m │ [1mDownloads      [0m │ [1mHost                   [0m
┃    [33m   [0m │ [32m   [0m │      │ [33m   [0m │ [32m   [0m │     │ [35m      localhost        [0m
┃    [33m   [0m │ [32m   [0m │      │ [33m↓ [1m3[0m[0m │ [32m↓ [1m2[0m[0m │     │ [35mcache.nixos.org (https)[0m
┗━ ∑ [33m⏵ 0[0m │ [32m✔ 0[0m │ [34m⏸ [1m27[0m[0m │ [33m↓ [1m3[0m[0m │ [32m↓ [1m2[0m[0m │ [34m⏸ [1m5[0m[0m │ [1m⏱ 34s                  [0m[?2026l[?2026h[2K[1F[2K[1F[2K[1F[2K[1F[2K[1F[2K[1F[2K[1F[2K[1F[2K[1F[2K[1F[2K[1F[2K[1F[2K[1F[2Kcopying path '/nix/store/xdm9kkbv3nv4wr8cl7b3dh00ivbicg27-texinfo-7.2' from 'https://cache.nixos.org'
copying path '/nix/store/zgi7n65namq775ixng2m8q5ivnb91qfi-make-binary-wrapper-hook' from 'https://cache.nixos.org'
copying path '/nix/store/bpjwzx5qrfcpfnnl18nj6xxx6mpm5bqm-make-shell-wrapper-hook' from 'https://cache.nixos.org'
[0m┏━ [1mDependency Graph[0m:
┃ [34m┌─ [0m[1m[33m↓ ⏵ make-shell-wrapper-hook[0m[0m                              
┃ [34m├─ [0m[34m⏸ activate[0m[90m waiting for [0m[33m4 ↓[0m [34m2 ↓ ⏸[0m                         
┃ [34m│  [0m   [34m┌─ [0m[1m[33m↓ ⏵ texinfo-7.2[0m[0m                                    
┃ [34m│  [0m[34m┌─ [0m[34m⏸ user-environment[0m                                    
┃ [34m├─ [0m[34m⏸ etc[0m                                                    
┃ [34m│  [0m[34m┌─ [0m[1m[33m↓ ⏵ make-binary-wrapper-hook[0m[0m                          
┃ [34m│  [0m[34m├─ [0m[34m⏸ builder.pl[0m[90m waiting for [0m[33m3 ↓[0m [34m2 ↓ ⏸[0m                    
┃ [34m├─ [0m[34m⏸ perl-5.42.0-env[0m                                        
┃ [34m│  [0m   [34m┌─ [0m[1m[33m↓ ⏵ gnumake-4.4.1[0m[0m                                  
┃ [34m│  [0m   [34m├─ [0m[1m[33m↓ ⏵ patchelf-0.15.2[0m[0m                                
┃ [34m│  [0m   [34m├─ [0m[1m[33m↓ ⏵ file-5.47[0m[0m 472.0KiB/10.4MiB                     [1m  4.4%[0m
┃ [34m│  [0m[34m┌─ [0m[34m↓ ⏸ stdenv-linux[0m                                      
┃ [34m├─ [0m[34m⏸ ensure-all-wrappers-paths-exist[0m                        
┃ [34m⏸ nixos-system-licht-26.05.20260907.93108a5[0m                 [0m
┣━━━ [1mBuilds          [0m │ [1mDownloads      [0m │ [1mHost                   [0m
┃    [33m   [0m │ [32m   [0m │      │ [33m   [0m │ [32m   [0m │     │ [35m      localhost        [0m
┃    [33m   [0m │ [32m   [0m │      │ [33m↓ [1m6[0m[0m │ [32m↓ [1m2[0m[0m │     │ [35mcache.nixos.org (https)[0m
┗━ ∑ [33m⏵ 0[0m │ [32m✔ 0[0m │ [34m⏸ [1m27[0m[0m │ [33m↓ [1m6[0m[0m │ [32m↓ [1m2[0m[0m │ [34m⏸ [1m2[0m[0m │ [1m⏱ 35s                  [0m[?2026l[?2026h[2K[1F[2K[1F[2K[1F[2K[1F[2K[1F[2K[1F[2K[1F[2K[1F[2K[1F[2K[1F[2K[1F[2K[1F[2K[1F[2K[1F[2K[1F[2K[1F[2K[1F[2K[1F[2Kcopying path '/nix/store/glpgfn5wqqvbq02jk18sdm3qxq41k2d5-update-autotools-gnu-config-scripts-hook' from 'https://cache.nixos.org'
[0m┏━ [1mDependency Graph[0m:
┃ [34m┌─ [0m[34m⏸ activate[0m[90m waiting for [0m[33m5 ↓[0m [34m1 ↓ ⏸[0m                         
┃ [34m│  [0m      [34m┌─ [0m[34m⏸ dummy-xdg-mime-dirs1[0m[90m waiting for [0m[33m4 ↓[0m [34m1 ↓ ⏸[0m    
┃ [34m│  [0m      [34m├─ [0m[34m⏸ dummy-xdg-mime-dirs2[0m[90m waiting for [0m[33m4 ↓[0m [34m1 ↓ ⏸[0m    
┃ [34m│  [0m      [34m├─ [0m[34m⏸ dummy-fc-dir2[0m[90m waiting for [0m[33m4 ↓[0m [34m1 ↓ ⏸[0m           
┃ [34m│  [0m      [34m├─ [0m[34m⏸ dummy-fc-dir1[0m[90m waiting for [0m[33m4 ↓[0m [34m1 ↓ ⏸[0m           
┃ [34m│  [0m   [34m┌─ [0m[34m⏸ home-manager-path[0m                                
┃ [34m│  [0m   [34m├─ [0m[1m[33m↓ ⏵ texinfo-7.2[0m[0m                                    
┃ [34m│  [0m[34m┌─ [0m[34m⏸ user-environment[0m                                    
┃ [34m├─ [0m[34m⏸ etc[0m                                                    
┃ [34m│  [0m[34m┌─ [0m[34m⏸ builder.pl[0m[90m waiting for [0m[33m4 ↓[0m [34m1 ↓ ⏸[0m                    
┃ [34m│  [0m[34m├─ [0m[1m[33m↓ ⏵ make-binary-wrapper-hook[0m[0m                          
┃ [34m├─ [0m[34m⏸ perl-5.42.0-env[0m                                        
┃ [34m│  [0m   [34m┌─ [0m[1m[33m↓ ⏵ gnumake-4.4.1[0m[0m                                  
┃ [34m│  [0m   [34m├─ [0m[1m[33m↓ ⏵ patchelf-0.15.2[0m[0m                                
┃ [34m│  [0m   [34m│  [0m[34m┌─ [0m[1m[33m↓ ⏵ update-autotools-gnu-config-scripts-hook[0m[0m    
┃ [34m│  [0m   [34m├─ [0m[1m[33m↓ ⏵ file-5.47[0m[0m 1.1MiB/10.4MiB                       [1m 10.8%[0m
┃ [34m│  [0m[34m┌─ [0m[34m↓ ⏸ stdenv-linux[0m                                      
┃ [34m├─ [0m[1m[33m↓ ⏵ make-shell-wrapper-hook[0m[0m                              
┃ [34m⏸ nixos-system-licht-26.05.20260907.93108a5[0m                 [0m
┣━━━ [1mBuilds          [0m │ [1mDownloads      [0m │ [1mHost                   [0m
┃    [33m   [0m │ [32m   [0m │      │ [33m   [0m │ [32m   [0m │     │ [35m      localhost        [0m
┃    [33m   [0m │ [32m   [0m │      │ [33m↓ [1m7[0m[0m │ [32m↓ [1m2[0m[0m │     │ [35mcache.nixos.org (https)[0m
┗━ ∑ [33m⏵ 0[0m │ [32m✔ 0[0m │ [34m⏸ [1m27[0m[0m │ [33m↓ [1m7[0m[0m │ [32m↓ [1m2[0m[0m │ [34m⏸ [1m1[0m[0m │ [1m⏱ 35s                  [0m[?2026l[?2026h[2K[1F[2K[1F[2K[1F[2K[1F[2K[1F[2K[1F[2K[1F[2K[1F[2K[1F[2K[1F[2K[1F[2K[1F[2K[1F[2K[1F[2K[1F[2K[1F[2K[1F[2K[1F[2K[1F[2K[1F[2K[1F[2K[1F[2K[1F[2K[0m┏━ [1mDependency Graph[0m:
┃ [34m┌─ [0m[34m⏸ activate[0m[90m waiting for [0m[33m5 ↓[0m [34m1 ↓ ⏸[0m                         
┃ [34m│  [0m      [34m┌─ [0m[34m⏸ dummy-xdg-mime-dirs1[0m[90m waiting for [0m[33m4 ↓[0m [34m1 ↓ ⏸[0m    
┃ [34m│  [0m      [34m├─ [0m[34m⏸ dummy-xdg-mime-dirs2[0m[90m waiting for [0m[33m4 ↓[0m [34m1 ↓ ⏸[0m    
┃ [34m│  [0m      [34m├─ [0m[34m⏸ dummy-fc-dir2[0m[90m waiting for [0m[33m4 ↓[0m [34m1 ↓ ⏸[0m           
┃ [34m│  [0m      [34m├─ [0m[34m⏸ dummy-fc-dir1[0m[90m waiting for [0m[33m4 ↓[0m [34m1 ↓ ⏸[0m           
┃ [34m│  [0m   [34m┌─ [0m[34m⏸ home-manager-path[0m                                
┃ [34m│  [0m   [34m├─ [0m[1m[33m↓ ⏵ texinfo-7.2[0m[0m                                    
┃ [34m│  [0m[34m┌─ [0m[34m⏸ user-environment[0m                                    
┃ [34m├─ [0m[34m⏸ etc[0m                                                    
┃ [34m│  [0m[34m┌─ [0m[34m⏸ builder.pl[0m[90m waiting for [0m[33m4 ↓[0m [34m1 ↓ ⏸[0m                    
┃ [34m│  [0m[34m├─ [0m[1m[33m↓ ⏵ make-binary-wrapper-hook[0m[0m                          
┃ [34m├─ [0m[34m⏸ perl-5.42.0-env[0m                                        
┃ [34m│  [0m   [34m┌─ [0m[1m[33m↓ ⏵ gnumake-4.4.1[0m[0m                                  
┃ [34m│  [0m   [34m├─ [0m[1m[33m↓ ⏵ patchelf-0.15.2[0m[0m                                
┃ [34m│  [0m   [34m│  [0m[34m┌─ [0m[1m[33m↓ ⏵ update-autotools-gnu-config-scripts-hook[0m[0m    
┃ [34m│  [0m   [34m├─ [0m[1m[33m↓ ⏵ file-5.47[0m[0m 1.1MiB/10.4MiB                       [1m 10.8%[0m
┃ [34m│  [0m[34m┌─ [0m[34m↓ ⏸ stdenv-linux[0m                                      
┃ [34m├─ [0m[1m[33m↓ ⏵ make-shell-wrapper-hook[0m[0m                              
┃ [34m⏸ nixos-system-licht-26.05.20260907.93108a5[0m                 [0m
┣━━━ [1mBuilds          [0m │ [1mDownloads      [0m │ [1mHost                   [0m
┃    [33m   [0m │ [32m   [0m │      │ [33m   [0m │ [32m   [0m │     │ [35m      localhost        [0m
┃    [33m   [0m │ [32m   [0m │      │ [33m↓ [1m7[0m[0m │ [32m↓ [1m2[0m[0m │     │ [35mcache.nixos.org (https)[0m
┗━ ∑ [33m⏵ 0[0m │ [32m✔ 0[0m │ [34m⏸ [1m27[0m[0m │ [33m↓ [1m7[0m[0m │ [32m↓ [1m2[0m[0m │ [34m⏸ [1m1[0m[0m │ [1m⏱ 35s                  [0m[?2026l[?2026h[2K[1F[2K[1F[2K[1F[2K[1F[2K[1F[2K[1F[2K[1F[2K[1F[2K[1F[2K[1F[2K[1F[2K[1F[2K[1F[2K[1F[2K[1F[2K[1F[2K[1F[2K[1F[2K[1F[2K[1F[2K[1F[2K[1F[2K[1F[2K[0m┏━ [1mDependency Graph[0m:
┃ [34m┌─ [0m[34m⏸ activate[0m[90m waiting for [0m[33m5 ↓[0m [34m1 ↓ ⏸[0m                         
┃ [34m│  [0m      [34m┌─ [0m[34m⏸ dummy-xdg-mime-dirs1[0m[90m waiting for [0m[33m4 ↓[0m [34m1 ↓ ⏸[0m    
┃ [34m│  [0m      [34m├─ [0m[34m⏸ dummy-xdg-mime-dirs2[0m[90m waiting for [0m[33m4 ↓[0m [34m1 ↓ ⏸[0m    
┃ [34m│  [0m      [34m├─ [0m[34m⏸ dummy-fc-dir2[0m[90m waiting for [0m[33m4 ↓[0m [34m1 ↓ ⏸[0m           
┃ [34m│  [0m      [34m├─ [0m[34m⏸ dummy-fc-dir1[0m[90m waiting for [0m[33m4 ↓[0m [34m1 ↓ ⏸[0m           
┃ [34m│  [0m   [34m┌─ [0m[34m⏸ home-manager-path[0m                                
┃ [34m│  [0m   [34m├─ [0m[1m[33m↓ ⏵ texinfo-7.2[0m[0m                                    
┃ [34m│  [0m[34m┌─ [0m[34m⏸ user-environment[0m                                    
┃ [34m├─ [0m[34m⏸ etc[0m                                                    
┃ [34m│  [0m[34m┌─ [0m[34m⏸ builder.pl[0m[90m waiting for [0m[33m4 ↓[0m [34m1 ↓ ⏸[0m                    
┃ [34m│  [0m[34m├─ [0m[1m[33m↓ ⏵ make-binary-wrapper-hook[0m[0m                          
┃ [34m├─ [0m[34m⏸ perl-5.42.0-env[0m                                        
┃ [34m│  [0m   [34m┌─ [0m[1m[33m↓ ⏵ gnumake-4.4.1[0m[0m                                  
┃ [34m│  [0m   [34m├─ [0m[1m[33m↓ ⏵ patchelf-0.15.2[0m[0m                                
┃ [34m│  [0m   [34m│  [0m[34m┌─ [0m[1m[33m↓ ⏵ update-autotools-gnu-config-scripts-hook[0m[0m    
┃ [34m│  [0m   [34m├─ [0m[1m[33m↓ ⏵ file-5.47[0m[0m ⏱ 1s 1.1MiB/10.4MiB                  [1m 10.8%[0m
┃ [34m│  [0m[34m┌─ [0m[34m↓ ⏸ stdenv-linux[0m                                      
┃ [34m├─ [0m[1m[33m↓ ⏵ make-shell-wrapper-hook[0m[0m                              
┃ [34m⏸ nixos-system-licht-26.05.20260907.93108a5[0m                 [0m
┣━━━ [1mBuilds          [0m │ [1mDownloads      [0m │ [1mHost                   [0m
┃    [33m   [0m │ [32m   [0m │      │ [33m   [0m │ [32m   [0m │     │ [35m      localhost        [0m
┃    [33m   [0m │ [32m   [0m │      │ [33m↓ [1m7[0m[0m │ [32m↓ [1m2[0m[0m │     │ [35mcache.nixos.org (https)[0m
┗━ ∑ [33m⏵ 0[0m │ [32m✔ 0[0m │ [34m⏸ [1m27[0m[0m │ [33m↓ [1m7[0m[0m │ [32m↓ [1m2[0m[0m │ [34m⏸ [1m1[0m[0m │ [1m⏱ 35s                  [0m[?2026l[?2026h[2K[1F[2K[1F[2K[1F[2K[1F[2K[1F[2K[1F[2K[1F[2K[1F[2K[1F[2K[1F[2K[1F[2K[1F[2K[1F[2K[1F[2K[1F[2K[1F[2K[1F[2K[1F[2K[1F[2K[1F[2K[1F[2K[1F[2K[1F[2K[0m┏━ [1mDependency Graph[0m:
┃ [34m┌─ [0m[34m⏸ activate[0m[90m waiting for [0m[33m5 ↓[0m [34m1 ↓ ⏸[0m                         
┃ [34m│  [0m      [34m┌─ [0m[34m⏸ dummy-xdg-mime-dirs1[0m[90m waiting for [0m[33m4 ↓[0m [34m1 ↓ ⏸[0m    
┃ [34m│  [0m      [34m├─ [0m[34m⏸ dummy-xdg-mime-dirs2[0m[90m waiting for [0m[33m4 ↓[0m [34m1 ↓ ⏸[0m    
┃ [34m│  [0m      [34m├─ [0m[34m⏸ dummy-fc-dir2[0m[90m waiting for [0m[33m4 ↓[0m [34m1 ↓ ⏸[0m           
┃ [34m│  [0m      [34m├─ [0m[34m⏸ dummy-fc-dir1[0m[90m waiting for [0m[33m4 ↓[0m [34m1 ↓ ⏸[0m           
┃ [34m│  [0m   [34m┌─ [0m[34m⏸ home-manager-path[0m                                
┃ [34m│  [0m   [34m├─ [0m[1m[33m↓ ⏵ texinfo-7.2[0m[0m                                    
┃ [34m│  [0m[34m┌─ [0m[34m⏸ user-environment[0m                                    
┃ [34m├─ [0m[34m⏸ etc[0m                                                    
┃ [34m│  [0m[34m┌─ [0m[34m⏸ builder.pl[0m[90m waiting for [0m[33m4 ↓[0m [34m1 ↓ ⏸[0m                    
┃ [34m│  [0m[34m├─ [0m[1m[33m↓ ⏵ make-binary-wrapper-hook[0m[0m                          
┃ [34m├─ [0m[34m⏸ perl-5.42.0-env[0m                                        
┃ [34m│  [0m   [34m┌─ [0m[1m[33m↓ ⏵ gnumake-4.4.1[0m[0m                                  
┃ [34m│  [0m   [34m├─ [0m[1m[33m↓ ⏵ patchelf-0.15.2[0m[0m ⏱ 1s                           
┃ [34m│  [0m   [34m│  [0m[34m┌─ [0m[1m[33m↓ ⏵ update-autotools-gnu-config-scripts-hook[0m[0m    
┃ [34m│  [0m   [34m├─ [0m[1m[33m↓ ⏵ file-5.47[0m[0m ⏱ 1s 1.6MiB/10.4MiB                  [1m 15.6%[0m
┃ [34m│  [0m[34m┌─ [0m[34m↓ ⏸ stdenv-linux[0m                                      
┃ [34m├─ [0m[1m[33m↓ ⏵ make-shell-wrapper-hook[0m[0m                              
┃ [34m⏸ nixos-system-licht-26.05.20260907.93108a5[0m                 [0m
┣━━━ [1mBuilds          [0m │ [1mDownloads      [0m │ [1mHost                   [0m
┃    [33m   [0m │ [32m   [0m │      │ [33m   [0m │ [32m   [0m │     │ [35m      localhost        [0m
┃    [33m   [0m │ [32m   [0m │      │ [33m↓ [1m7[0m[0m │ [32m↓ [1m2[0m[0m │     │ [35mcache.nixos.org (https)[0m
┗━ ∑ [33m⏵ 0[0m │ [32m✔ 0[0m │ [34m⏸ [1m27[0m[0m │ [33m↓ [1m7[0m[0m │ [32m↓ [1m2[0m[0m │ [34m⏸ [1m1[0m[0m │ [1m⏱ 35s                  [0m[?2026l[?2026h[2K[1F[2K[1F[2K[1F[2K[1F[2K[1F[2K[1F[2K[1F[2K[1F[2K[1F[2K[1F[2K[1F[2K[1F[2K[1F[2K[1F[2K[1F[2K[1F[2K[1F[2K[1F[2K[1F[2K[1F[2K[1F[2K[1F[2K[1F[2K[0m┏━ [1mDependency Graph[0m:
┃ [34m┌─ [0m[34m⏸ activate[0m[90m waiting for [0m[33m5 ↓[0m [34m1 ↓ ⏸[0m                         
┃ [34m│  [0m      [34m┌─ [0m[34m⏸ dummy-xdg-mime-dirs1[0m[90m waiting for [0m[33m4 ↓[0m [34m1 ↓ ⏸[0m    
┃ [34m│  [0m      [34m├─ [0m[34m⏸ dummy-xdg-mime-dirs2[0m[90m waiting for [0m[33m4 ↓[0m [34m1 ↓ ⏸[0m    
┃ [34m│  [0m      [34m├─ [0m[34m⏸ dummy-fc-dir2[0m[90m waiting for [0m[33m4 ↓[0m [34m1 ↓ ⏸[0m           
┃ [34m│  [0m      [34m├─ [0m[34m⏸ dummy-fc-dir1[0m[90m waiting for [0m[33m4 ↓[0m [34m1 ↓ ⏸[0m           
┃ [34m│  [0m   [34m┌─ [0m[34m⏸ home-manager-path[0m                                
┃ [34m│  [0m   [34m├─ [0m[1m[33m↓ ⏵ texinfo-7.2[0m[0m                                    
┃ [34m│  [0m[34m┌─ [0m[34m⏸ user-environment[0m                                    
┃ [34m├─ [0m[34m⏸ etc[0m                                                    
┃ [34m│  [0m[34m┌─ [0m[34m⏸ builder.pl[0m[90m waiting for [0m[33m4 ↓[0m [34m1 ↓ ⏸[0m                    
┃ [34m│  [0m[34m├─ [0m[1m[33m↓ ⏵ make-binary-wrapper-hook[0m[0m                          
┃ [34m├─ [0m[34m⏸ perl-5.42.0-env[0m                                        
┃ [34m│  [0m   [34m┌─ [0m[1m[33m↓ ⏵ gnumake-4.4.1[0m[0m ⏱ 1s                             
┃ [34m│  [0m   [34m├─ [0m[1m[33m↓ ⏵ patchelf-0.15.2[0m[0m ⏱ 1s                           
┃ [34m│  [0m   [34m│  [0m[34m┌─ [0m[1m[33m↓ ⏵ update-autotools-gnu-config-scripts-hook[0m[0m    
┃ [34m│  [0m   [34m├─ [0m[1m[33m↓ ⏵ file-5.47[0m[0m ⏱ 1s 1.6MiB/10.4MiB                  [1m 15.6%[0m
┃ [34m│  [0m[34m┌─ [0m[34m↓ ⏸ stdenv-linux[0m                                      
┃ [34m├─ [0m[1m[33m↓ ⏵ make-shell-wrapper-hook[0m[0m                              
┃ [34m⏸ nixos-system-licht-26.05.20260907.93108a5[0m                 [0m
┣━━━ [1mBuilds          [0m │ [1mDownloads      [0m │ [1mHost                   [0m
┃    [33m   [0m │ [32m   [0m │      │ [33m   [0m │ [32m   [0m │     │ [35m      localhost        [0m
┃    [33m   [0m │ [32m   [0m │      │ [33m↓ [1m7[0m[0m │ [32m↓ [1m2[0m[0m │     │ [35mcache.nixos.org (https)[0m
┗━ ∑ [33m⏵ 0[0m │ [32m✔ 0[0m │ [34m⏸ [1m27[0m[0m │ [33m↓ [1m7[0m[0m │ [32m↓ [1m2[0m[0m │ [34m⏸ [1m1[0m[0m │ [1m⏱ 35s                  [0m[?2026l[?2026h[2K[1F[2K[1F[2K[1F[2K[1F[2K[1F[2K[1F[2K[1F[2K[1F[2K[1F[2K[1F[2K[1F[2K[1F[2K[1F[2K[1F[2K[1F[2K[1F[2K[1F[2K[1F[2K[1F[2K[1F[2K[1F[2K[1F[2K[1F[2K[0m┏━ [1mDependency Graph[0m:
┃ [34m┌─ [0m[34m⏸ activate[0m[90m waiting for [0m[33m5 ↓[0m [34m1 ↓ ⏸[0m                         
┃ [34m│  [0m      [34m┌─ [0m[34m⏸ dummy-xdg-mime-dirs1[0m[90m waiting for [0m[33m4 ↓[0m [34m1 ↓ ⏸[0m    
┃ [34m│  [0m      [34m├─ [0m[34m⏸ dummy-xdg-mime-dirs2[0m[90m waiting for [0m[33m4 ↓[0m [34m1 ↓ ⏸[0m    
┃ [34m│  [0m      [34m├─ [0m[34m⏸ dummy-fc-dir2[0m[90m waiting for [0m[33m4 ↓[0m [34m1 ↓ ⏸[0m           
┃ [34m│  [0m      [34m├─ [0m[34m⏸ dummy-fc-dir1[0m[90m waiting for [0m[33m4 ↓[0m [34m1 ↓ ⏸[0m           
┃ [34m│  [0m   [34m┌─ [0m[34m⏸ home-manager-path[0m                                
┃ [34m│  [0m   [34m├─ [0m[1m[33m↓ ⏵ texinfo-7.2[0m[0m                                    
┃ [34m│  [0m[34m┌─ [0m[34m⏸ user-environment[0m                                    
┃ [34m├─ [0m[34m⏸ etc[0m                                                    
┃ [34m│  [0m[34m┌─ [0m[34m⏸ builder.pl[0m[90m waiting for [0m[33m4 ↓[0m [34m1 ↓ ⏸[0m                    
┃ [34m│  [0m[34m├─ [0m[1m[33m↓ ⏵ make-binary-wrapper-hook[0m[0m                          
┃ [34m├─ [0m[34m⏸ perl-5.42.0-env[0m                                        
┃ [34m│  [0m   [34m┌─ [0m[1m[33m↓ ⏵ gnumake-4.4.1[0m[0m ⏱ 1s                             
┃ [34m│  [0m   [34m├─ [0m[1m[33m↓ ⏵ patchelf-0.15.2[0m[0m ⏱ 1s                           
┃ [34m│  [0m   [34m│  [0m[34m┌─ [0m[1m[33m↓ ⏵ update-autotools-gnu-config-scripts-hook[0m[0m    
┃ [34m│  [0m   [34m├─ [0m[1m[33m↓ ⏵ file-5.47[0m[0m ⏱ 1s 1.6MiB/10.4MiB                  [1m 15.6%[0m
┃ [34m│  [0m[34m┌─ [0m[34m↓ ⏸ stdenv-linux[0m                                      
┃ [34m├─ [0m[1m[33m↓ ⏵ make-shell-wrapper-hook[0m[0m                              
┃ [34m⏸ nixos-system-licht-26.05.20260907.93108a5[0m                 [0m
┣━━━ [1mBuilds          [0m │ [1mDownloads      [0m │ [1mHost                   [0m
┃    [33m   [0m │ [32m   [0m │      │ [33m   [0m │ [32m   [0m │     │ [35m      localhost        [0m
┃    [33m   [0m │ [32m   [0m │      │ [33m↓ [1m7[0m[0m │ [32m↓ [1m2[0m[0m │     │ [35mcache.nixos.org (https)[0m
┗━ ∑ [33m⏵ 0[0m │ [32m✔ 0[0m │ [34m⏸ [1m27[0m[0m │ [33m↓ [1m7[0m[0m │ [32m↓ [1m2[0m[0m │ [34m⏸ [1m1[0m[0m │ [1m⏱ 35s                  [0m[?2026l[?2026h[2K[1F[2K[1F[2K[1F[2K[1F[2K[1F[2K[1F[2K[1F[2K[1F[2K[1F[2K[1F[2K[1F[2K[1F[2K[1F[2K[1F[2K[1F[2K[1F[2K[1F[2K[1F[2K[1F[2K[1F[2K[1F[2K[1F[2K[1F[2K[0m┏━ [1mDependency Graph[0m:
┃ [34m┌─ [0m[34m⏸ activate[0m[90m waiting for [0m[33m5 ↓[0m [34m1 ↓ ⏸[0m                         
┃ [34m│  [0m      [34m┌─ [0m[34m⏸ dummy-xdg-mime-dirs1[0m[90m waiting for [0m[33m4 ↓[0m [34m1 ↓ ⏸[0m    
┃ [34m│  [0m      [34m├─ [0m[34m⏸ dummy-xdg-mime-dirs2[0m[90m waiting for [0m[33m4 ↓[0m [34m1 ↓ ⏸[0m    
┃ [34m│  [0m      [34m├─ [0m[34m⏸ dummy-fc-dir2[0m[90m waiting for [0m[33m4 ↓[0m [34m1 ↓ ⏸[0m           
┃ [34m│  [0m      [34m├─ [0m[34m⏸ dummy-fc-dir1[0m[90m waiting for [0m[33m4 ↓[0m [34m1 ↓ ⏸[0m           
┃ [34m│  [0m   [34m┌─ [0m[34m⏸ home-manager-path[0m                                
┃ [34m│  [0m   [34m├─ [0m[1m[33m↓ ⏵ texinfo-7.2[0m[0m                                    
┃ [34m│  [0m[34m┌─ [0m[34m⏸ user-environment[0m                                    
┃ [34m├─ [0m[34m⏸ etc[0m                                                    
┃ [34m│  [0m[34m┌─ [0m[34m⏸ builder.pl[0m[90m waiting for [0m[33m4 ↓[0m [34m1 ↓ ⏸[0m                    
┃ [34m│  [0m[34m├─ [0m[1m[33m↓ ⏵ make-binary-wrapper-hook[0m[0m                          
┃ [34m├─ [0m[34m⏸ perl-5.42.0-env[0m                                        
┃ [34m│  [0m   [34m┌─ [0m[1m[33m↓ ⏵ gnumake-4.4.1[0m[0m ⏱ 1s                             
┃ [34m│  [0m   [34m├─ [0m[1m[33m↓ ⏵ patchelf-0.15.2[0m[0m ⏱ 1s 128.0KiB/245.3KiB         [1m 52.2%[0m
┃ [34m│  [0m   [34m│  [0m[34m┌─ [0m[1m[33m↓ ⏵ update-autotools-gnu-config-scripts-hook[0m[0m    
┃ [34m│  [0m   [34m├─ [0m[1m[33m↓ ⏵ file-5.47[0m[0m ⏱ 1s 1.6MiB/10.4MiB                  [1m 15.6%[0m
┃ [34m│  [0m[34m┌─ [0m[34m↓ ⏸ stdenv-linux[0m                                      
┃ [34m├─ [0m[1m[33m↓ ⏵ make-shell-wrapper-hook[0m[0m                              
┃ [34m⏸ nixos-system-licht-26.05.20260907.93108a5[0m                 [0m
┣━━━ [1mBuilds          [0m │ [1mDownloads      [0m │ [1mHost                   [0m
┃    [33m   [0m │ [32m   [0m │      │ [33m   [0m │ [32m   [0m │     │ [35m      localhost        [0m
┃    [33m   [0m │ [32m   [0m │      │ [33m↓ [1m7[0m[0m │ [32m↓ [1m2[0m[0m │     │ [35mcache.nixos.org (https)[0m
┗━ ∑ [33m⏵ 0[0m │ [32m✔ 0[0m │ [34m⏸ [1m27[0m[0m │ [33m↓ [1m7[0m[0m │ [32m↓ [1m2[0m[0m │ [34m⏸ [1m1[0m[0m │ [1m⏱ 35s                  [0m[?2026l[?2026h[2K[1F[2K[1F[2K[1F[2K[1F[2K[1F[2K[1F[2K[1F[2K[1F[2K[1F[2K[1F[2K[1F[2K[1F[2K[1F[2K[1F[2K[1F[2K[1F[2K[1F[2K[1F[2K[1F[2K[1F[2K[1F[2K[1F[2K[1F[2K[0m┏━ [1mDependency Graph[0m:
┃ [34m┌─ [0m[34m⏸ activate[0m[90m waiting for [0m[33m5 ↓[0m [34m1 ↓ ⏸[0m                         
┃ [34m│  [0m      [34m┌─ [0m[34m⏸ dummy-xdg-mime-dirs1[0m[90m waiting for [0m[33m4 ↓[0m [34m1 ↓ ⏸[0m    
┃ [34m│  [0m      [34m├─ [0m[34m⏸ dummy-xdg-mime-dirs2[0m[90m waiting for [0m[33m4 ↓[0m [34m1 ↓ ⏸[0m    
┃ [34m│  [0m      [34m├─ [0m[34m⏸ dummy-fc-dir2[0m[90m waiting for [0m[33m4 ↓[0m [34m1 ↓ ⏸[0m           
┃ [34m│  [0m      [34m├─ [0m[34m⏸ dummy-fc-dir1[0m[90m waiting for [0m[33m4 ↓[0m [34m1 ↓ ⏸[0m           
┃ [34m│  [0m   [34m┌─ [0m[34m⏸ home-manager-path[0m                                
┃ [34m│  [0m   [34m├─ [0m[1m[33m↓ ⏵ texinfo-7.2[0m[0m                                    
┃ [34m│  [0m[34m┌─ [0m[34m⏸ user-environment[0m                                    
┃ [34m├─ [0m[34m⏸ etc[0m                                                    
┃ [34m│  [0m[34m┌─ [0m[34m⏸ builder.pl[0m[90m waiting for [0m[33m4 ↓[0m [34m1 ↓ ⏸[0m                    
┃ [34m│  [0m[34m├─ [0m[1m[33m↓ ⏵ make-binary-wrapper-hook[0m[0m                          
┃ [34m├─ [0m[34m⏸ perl-5.42.0-env[0m                                        
┃ [34m│  [0m   [34m┌─ [0m[1m[33m↓ ⏵ gnumake-4.4.1[0m[0m ⏱ 1s                             
┃ [34m│  [0m   [34m├─ [0m[1m[33m↓ ⏵ patchelf-0.15.2[0m[0m ⏱ 1s 128.0KiB/245.3KiB         [1m 52.2%[0m
┃ [34m│  [0m   [34m│  [0m[34m┌─ [0m[1m[33m↓ ⏵ update-autotools-gnu-config-scripts-hook[0m[0m    
┃ [34m│  [0m   [34m├─ [0m[1m[33m↓ ⏵ file-5.47[0m[0m ⏱ 1s 2.0MiB/10.4MiB                  [1m 19.2%[0m
┃ [34m│  [0m[34m┌─ [0m[34m↓ ⏸ stdenv-linux[0m                                      
┃ [34m├─ [0m[1m[33m↓ ⏵ make-shell-wrapper-hook[0m[0m                              
┃ [34m⏸ nixos-system-licht-26.05.20260907.93108a5[0m                 [0m
┣━━━ [1mBuilds          [0m │ [1mDownloads      [0m │ [1mHost                   [0m
┃    [33m   [0m │ [32m   [0m │      │ [33m   [0m │ [32m   [0m │     │ [35m      localhost        [0m
┃    [33m   [0m │ [32m   [0m │      │ [33m↓ [1m7[0m[0m │ [32m↓ [1m2[0m[0m │     │ [35mcache.nixos.org (https)[0m
┗━ ∑ [33m⏵ 0[0m │ [32m✔ 0[0m │ [34m⏸ [1m27[0m[0m │ [33m↓ [1m7[0m[0m │ [32m↓ [1m2[0m[0m │ [34m⏸ [1m1[0m[0m │ [1m⏱ 36s                  [0m[?2026l[?2026h[2K[1F[2K[1F[2K[1F[2K[1F[2K[1F[2K[1F[2K[1F[2K[1F[2K[1F[2K[1F[2K[1F[2K[1F[2K[1F[2K[1F[2K[1F[2K[1F[2K[1F[2K[1F[2K[1F[2K[1F[2K[1F[2K[1F[2K[1F[2K[0m┏━ [1mDependency Graph[0m:
┃ [34m┌─ [0m[34m⏸ activate[0m[90m waiting for [0m[33m5 ↓[0m [34m1 ↓ ⏸[0m                         
┃ [34m│  [0m      [34m┌─ [0m[34m⏸ dummy-xdg-mime-dirs1[0m[90m waiting for [0m[33m4 ↓[0m [34m1 ↓ ⏸[0m    
┃ [34m│  [0m      [34m├─ [0m[34m⏸ dummy-xdg-mime-dirs2[0m[90m waiting for [0m[33m4 ↓[0m [34m1 ↓ ⏸[0m    
┃ [34m│  [0m      [34m├─ [0m[34m⏸ dummy-fc-dir2[0m[90m waiting for [0m[33m4 ↓[0m [34m1 ↓ ⏸[0m           
┃ [34m│  [0m      [34m├─ [0m[34m⏸ dummy-fc-dir1[0m[90m waiting for [0m[33m4 ↓[0m [34m1 ↓ ⏸[0m           
┃ [34m│  [0m   [34m┌─ [0m[34m⏸ home-manager-path[0m                                
┃ [34m│  [0m   [34m├─ [0m[1m[33m↓ ⏵ texinfo-7.2[0m[0m                                    
┃ [34m│  [0m[34m┌─ [0m[34m⏸ user-environment[0m                                    
┃ [34m├─ [0m[34m⏸ etc[0m                                                    
┃ [34m│  [0m[34m┌─ [0m[34m⏸ builder.pl[0m[90m waiting for [0m[33m4 ↓[0m [34m1 ↓ ⏸[0m                    
┃ [34m│  [0m[34m├─ [0m[1m[33m↓ ⏵ make-binary-wrapper-hook[0m[0m                          
┃ [34m├─ [0m[34m⏸ perl-5.42.0-env[0m                                        
┃ [34m│  [0m   [34m┌─ [0m[1m[33m↓ ⏵ gnumake-4.4.1[0m[0m ⏱ 1s                             
┃ [34m│  [0m   [34m├─ [0m[1m[33m↓ ⏵ patchelf-0.15.2[0m[0m ⏱ 1s 128.0KiB/245.3KiB         [1m 52.2%[0m
┃ [34m│  [0m   [34m│  [0m[34m┌─ [0m[1m[33m↓ ⏵ update-autotools-gnu-config-scripts-hook[0m[0m    
┃ [34m│  [0m   [34m├─ [0m[1m[33m↓ ⏵ file-5.47[0m[0m ⏱ 1s 2.0MiB/10.4MiB                  [1m 19.2%[0m
┃ [34m│  [0m[34m┌─ [0m[34m↓ ⏸ stdenv-linux[0m                                      
┃ [34m├─ [0m[1m[33m↓ ⏵ make-shell-wrapper-hook[0m[0m                              
┃ [34m⏸ nixos-system-licht-26.05.20260907.93108a5[0m                 [0m
┣━━━ [1mBuilds          [0m │ [1mDownloads      [0m │ [1mHost                   [0m
┃    [33m   [0m │ [32m   [0m │      │ [33m   [0m │ [32m   [0m │     │ [35m      localhost        [0m
┃    [33m   [0m │ [32m   [0m │      │ [33m↓ [1m7[0m[0m │ [32m↓ [1m2[0m[0m │     │ [35mcache.nixos.org (https)[0m
┗━ ∑ [33m⏵ 0[0m │ [32m✔ 0[0m │ [34m⏸ [1m27[0m[0m │ [33m↓ [1m7[0m[0m │ [32m↓ [1m2[0m[0m │ [34m⏸ [1m1[0m[0m │ [1m⏱ 36s                  [0m[?2026l[?2026h[2K[1F[2K[1F[2K[1F[2K[1F[2K[1F[2K[1F[2K[1F[2K[1F[2K[1F[2K[1F[2K[1F[2K[1F[2K[1F[2K[1F[2K[1F[2K[1F[2K[1F[2K[1F[2K[1F[2K[1F[2K[1F[2K[1F[2K[1F[2K[0m┏━ [1mDependency Graph[0m:
┃ [34m┌─ [0m[34m⏸ activate[0m[90m waiting for [0m[33m5 ↓[0m [34m1 ↓ ⏸[0m                         
┃ [34m│  [0m      [34m┌─ [0m[34m⏸ dummy-xdg-mime-dirs1[0m[90m waiting for [0m[33m4 ↓[0m [34m1 ↓ ⏸[0m    
┃ [34m│  [0m      [34m├─ [0m[34m⏸ dummy-xdg-mime-dirs2[0m[90m waiting for [0m[33m4 ↓[0m [34m1 ↓ ⏸[0m    
┃ [34m│  [0m      [34m├─ [0m[34m⏸ dummy-fc-dir2[0m[90m waiting for [0m[33m4 ↓[0m [34m1 ↓ ⏸[0m           
┃ [34m│  [0m      [34m├─ [0m[34m⏸ dummy-fc-dir1[0m[90m waiting for [0m[33m4 ↓[0m [34m1 ↓ ⏸[0m           
┃ [34m│  [0m   [34m┌─ [0m[34m⏸ home-manager-path[0m                                
┃ [34m│  [0m   [34m├─ [0m[1m[33m↓ ⏵ texinfo-7.2[0m[0m ⏱ 1s                               
┃ [34m│  [0m[34m┌─ [0m[34m⏸ user-environment[0m                                    
┃ [34m├─ [0m[34m⏸ etc[0m                                                    
┃ [34m│  [0m[34m┌─ [0m[34m⏸ builder.pl[0m[90m waiting for [0m[33m4 ↓[0m [34m1 ↓ ⏸[0m                    
┃ [34m│  [0m[34m├─ [0m[1m[33m↓ ⏵ make-binary-wrapper-hook[0m[0m                          
┃ [34m├─ [0m[34m⏸ perl-5.42.0-env[0m                                        
┃ [34m│  [0m   [34m┌─ [0m[1m[33m↓ ⏵ gnumake-4.4.1[0m[0m ⏱ 1s 128.0KiB/1.5MiB             [1m  8.2%[0m
┃ [34m│  [0m   [34m├─ [0m[1m[33m↓ ⏵ patchelf-0.15.2[0m[0m ⏱ 1s 128.0KiB/245.3KiB         [1m 52.2%[0m
┃ [34m│  [0m   [34m│  [0m[34m┌─ [0m[1m[33m↓ ⏵ update-autotools-gnu-config-scripts-hook[0m[0m    
┃ [34m│  [0m   [34m├─ [0m[1m[33m↓ ⏵ file-5.47[0m[0m ⏱ 1s 2.0MiB/10.4MiB                  [1m 19.2%[0m
┃ [34m│  [0m[34m┌─ [0m[34m↓ ⏸ stdenv-linux[0m                                      
┃ [34m├─ [0m[1m[33m↓ ⏵ make-shell-wrapper-hook[0m[0m                              
┃ [34m⏸ nixos-system-licht-26.05.20260907.93108a5[0m                 [0m
┣━━━ [1mBuilds          [0m │ [1mDownloads      [0m │ [1mHost                   [0m
┃    [33m   [0m │ [32m   [0m │      │ [33m   [0m │ [32m   [0m │     │ [35m      localhost        [0m
┃    [33m   [0m │ [32m   [0m │      │ [33m↓ [1m7[0m[0m │ [32m↓ [1m2[0m[0m │     │ [35mcache.nixos.org (https)[0m
┗━ ∑ [33m⏵ 0[0m │ [32m✔ 0[0m │ [34m⏸ [1m27[0m[0m │ [33m↓ [1m7[0m[0m │ [32m↓ [1m2[0m[0m │ [34m⏸ [1m1[0m[0m │ [1m⏱ 36s                  [0m[?2026l[?2026h[2K[1F[2K[1F[2K[1F[2K[1F[2K[1F[2K[1F[2K[1F[2K[1F[2K[1F[2K[1F[2K[1F[2K[1F[2K[1F[2K[1F[2K[1F[2K[1F[2K[1F[2K[1F[2K[1F[2K[1F[2K[1F[2K[1F[2K[1F[2K[0m┏━ [1mDependency Graph[0m:
┃ [34m┌─ [0m[34m⏸ activate[0m[90m waiting for [0m[33m5 ↓[0m [34m1 ↓ ⏸[0m                         
┃ [34m│  [0m      [34m┌─ [0m[34m⏸ dummy-xdg-mime-dirs1[0m[90m waiting for [0m[33m4 ↓[0m [34m1 ↓ ⏸[0m    
┃ [34m│  [0m      [34m├─ [0m[34m⏸ dummy-xdg-mime-dirs2[0m[90m waiting for [0m[33m4 ↓[0m [34m1 ↓ ⏸[0m    
┃ [34m│  [0m      [34m├─ [0m[34m⏸ dummy-fc-dir2[0m[90m waiting for [0m[33m4 ↓[0m [34m1 ↓ ⏸[0m           
┃ [34m│  [0m      [34m├─ [0m[34m⏸ dummy-fc-dir1[0m[90m waiting for [0m[33m4 ↓[0m [34m1 ↓ ⏸[0m           
┃ [34m│  [0m   [34m┌─ [0m[34m⏸ home-manager-path[0m                                
┃ [34m│  [0m   [34m├─ [0m[1m[33m↓ ⏵ texinfo-7.2[0m[0m ⏱ 1s                               
┃ [34m│  [0m[34m┌─ [0m[34m⏸ user-environment[0m                                    
┃ [34m├─ [0m[34m⏸ etc[0m                                                    
┃ [34m│  [0m[34m┌─ [0m[34m⏸ builder.pl[0m[90m waiting for [0m[33m4 ↓[0m [34m1 ↓ ⏸[0m                    
┃ [34m│  [0m[34m├─ [0m[1m[33m↓ ⏵ make-binary-wrapper-hook[0m[0m ⏱ 1s                     
┃ [34m├─ [0m[34m⏸ perl-5.42.0-env[0m                                        
┃ [34m│  [0m   [34m┌─ [0m[1m[33m↓ ⏵ gnumake-4.4.1[0m[0m ⏱ 1s 128.0KiB/1.5MiB             [1m  8.2%[0m
┃ [34m│  [0m   [34m├─ [0m[1m[33m↓ ⏵ patchelf-0.15.2[0m[0m ⏱ 1s 128.0KiB/245.3KiB         [1m 52.2%[0m
┃ [34m│  [0m   [34m│  [0m[34m┌─ [0m[1m[33m↓ ⏵ update-autotools-gnu-config-scripts-hook[0m[0m    
┃ [34m│  [0m   [34m├─ [0m[1m[33m↓ ⏵ file-5.47[0m[0m ⏱ 1s 2.0MiB/10.4MiB                  [1m 19.2%[0m
┃ [34m│  [0m[34m┌─ [0m[34m↓ ⏸ stdenv-linux[0m                                      
┃ [34m├─ [0m[1m[33m↓ ⏵ make-shell-wrapper-hook[0m[0m ⏱ 1s                         
┃ [34m⏸ nixos-system-licht-26.05.20260907.93108a5[0m                 [0m
┣━━━ [1mBuilds          [0m │ [1mDownloads      [0m │ [1mHost                   [0m
┃    [33m   [0m │ [32m   [0m │      │ [33m   [0m │ [32m   [0m │     │ [35m      localhost        [0m
┃    [33m   [0m │ [32m   [0m │      │ [33m↓ [1m7[0m[0m │ [32m↓ [1m2[0m[0m │     │ [35mcache.nixos.org (https)[0m
┗━ ∑ [33m⏵ 0[0m │ [32m✔ 0[0m │ [34m⏸ [1m27[0m[0m │ [33m↓ [1m7[0m[0m │ [32m↓ [1m2[0m[0m │ [34m⏸ [1m1[0m[0m │ [1m⏱ 36s                  [0m[?2026l[?2026h[2K[1F[2K[1F[2K[1F[2K[1F[2K[1F[2K[1F[2K[1F[2K[1F[2K[1F[2K[1F[2K[1F[2K[1F[2K[1F[2K[1F[2K[1F[2K[1F[2K[1F[2K[1F[2K[1F[2K[1F[2K[1F[2K[1F[2K[1F[2K[0m┏━ [1mDependency Graph[0m:
┃ [34m┌─ [0m[34m⏸ activate[0m[90m waiting for [0m[33m5 ↓[0m [34m1 ↓ ⏸[0m                         
┃ [34m│  [0m      [34m┌─ [0m[34m⏸ dummy-xdg-mime-dirs1[0m[90m waiting for [0m[33m4 ↓[0m [34m1 ↓ ⏸[0m    
┃ [34m│  [0m      [34m├─ [0m[34m⏸ dummy-xdg-mime-dirs2[0m[90m waiting for [0m[33m4 ↓[0m [34m1 ↓ ⏸[0m    
┃ [34m│  [0m      [34m├─ [0m[34m⏸ dummy-fc-dir2[0m[90m waiting for [0m[33m4 ↓[0m [34m1 ↓ ⏸[0m           
┃ [34m│  [0m      [34m├─ [0m[34m⏸ dummy-fc-dir1[0m[90m waiting for [0m[33m4 ↓[0m [34m1 ↓ ⏸[0m           
┃ [34m│  [0m   [34m┌─ [0m[34m⏸ home-manager-path[0m                                
┃ [34m│  [0m   [34m├─ [0m[1m[33m↓ ⏵ texinfo-7.2[0m[0m ⏱ 1s                               
┃ [34m│  [0m[34m┌─ [0m[34m⏸ user-environment[0m                                    
┃ [34m├─ [0m[34m⏸ etc[0m                                                    
┃ [34m│  [0m[34m┌─ [0m[34m⏸ builder.pl[0m[90m waiting for [0m[33m4 ↓[0m [34m1 ↓ ⏸[0m                    
┃ [34m│  [0m[34m├─ [0m[1m[33m↓ ⏵ make-binary-wrapper-hook[0m[0m ⏱ 1s                     
┃ [34m├─ [0m[34m⏸ perl-5.42.0-env[0m                                        
┃ [34m│  [0m   [34m┌─ [0m[1m[33m↓ ⏵ gnumake-4.4.1[0m[0m ⏱ 1s 128.0KiB/1.5MiB             [1m  8.2%[0m
┃ [34m│  [0m   [34m├─ [0m[1m[33m↓ ⏵ patchelf-0.15.2[0m[0m ⏱ 1s 128.0KiB/245.3KiB         [1m 52.2%[0m
┃ [34m│  [0m   [34m│  [0m[34m┌─ [0m[1m[33m↓ ⏵ update-autotools-gnu-config-scripts-hook[0m[0m    
┃ [34m│  [0m   [34m├─ [0m[1m[33m↓ ⏵ file-5.47[0m[0m ⏱ 1s 2.4MiB/10.4MiB                  [1m 22.9%[0m
┃ [34m│  [0m[34m┌─ [0m[34m↓ ⏸ stdenv-linux[0m                                      
┃ [34m├─ [0m[1m[33m↓ ⏵ make-shell-wrapper-hook[0m[0m ⏱ 1s                         
┃ [34m⏸ nixos-system-licht-26.05.20260907.93108a5[0m                 [0m
┣━━━ [1mBuilds          [0m │ [1mDownloads      [0m │ [1mHost                   [0m
┃    [33m   [0m │ [32m   [0m │      │ [33m   [0m │ [32m   [0m │     │ [35m      localhost        [0m
┃    [33m   [0m │ [32m   [0m │      │ [33m↓ [1m7[0m[0m │ [32m↓ [1m2[0m[0m │     │ [35mcache.nixos.org (https)[0m
┗━ ∑ [33m⏵ 0[0m │ [32m✔ 0[0m │ [34m⏸ [1m27[0m[0m │ [33m↓ [1m7[0m[0m │ [32m↓ [1m2[0m[0m │ [34m⏸ [1m1[0m[0m │ [1m⏱ 36s                  [0m[?2026l[?2026h[2K[1F[2K[1F[2K[1F[2K[1F[2K[1F[2K[1F[2K[1F[2K[1F[2K[1F[2K[1F[2K[1F[2K[1F[2K[1F[2K[1F[2K[1F[2K[1F[2K[1F[2K[1F[2K[1F[2K[1F[2K[1F[2K[1F[2K[1F[2K[0m┏━ [1mDependency Graph[0m:
┃ [34m┌─ [0m[34m⏸ activate[0m[90m waiting for [0m[33m5 ↓[0m [34m1 ↓ ⏸[0m                         
┃ [34m│  [0m      [34m┌─ [0m[34m⏸ dummy-xdg-mime-dirs1[0m[90m waiting for [0m[33m4 ↓[0m [34m1 ↓ ⏸[0m    
┃ [34m│  [0m      [34m├─ [0m[34m⏸ dummy-xdg-mime-dirs2[0m[90m waiting for [0m[33m4 ↓[0m [34m1 ↓ ⏸[0m    
┃ [34m│  [0m      [34m├─ [0m[34m⏸ dummy-fc-dir2[0m[90m waiting for [0m[33m4 ↓[0m [34m1 ↓ ⏸[0m           
┃ [34m│  [0m      [34m├─ [0m[34m⏸ dummy-fc-dir1[0m[90m waiting for [0m[33m4 ↓[0m [34m1 ↓ ⏸[0m           
┃ [34m│  [0m   [34m┌─ [0m[34m⏸ home-manager-path[0m                                
┃ [34m│  [0m   [34m├─ [0m[1m[33m↓ ⏵ texinfo-7.2[0m[0m ⏱ 1s                               
┃ [34m│  [0m[34m┌─ [0m[34m⏸ user-environment[0m                                    
┃ [34m├─ [0m[34m⏸ etc[0m                                                    
┃ [34m│  [0m[34m┌─ [0m[34m⏸ builder.pl[0m[90m waiting for [0m[33m4 ↓[0m [34m1 ↓ ⏸[0m                    
┃ [34m│  [0m[34m├─ [0m[1m[33m↓ ⏵ make-binary-wrapper-hook[0m[0m ⏱ 1s                     
┃ [34m├─ [0m[34m⏸ perl-5.42.0-env[0m                                        
┃ [34m│  [0m   [34m┌─ [0m[1m[33m↓ ⏵ gnumake-4.4.1[0m[0m ⏱ 1s 128.0KiB/1.5MiB             [1m  8.2%[0m
┃ [34m│  [0m   [34m├─ [0m[1m[33m↓ ⏵ patchelf-0.15.2[0m[0m ⏱ 1s 128.0KiB/245.3KiB         [1m 52.2%[0m
┃ [34m│  [0m   [34m│  [0m[34m┌─ [0m[1m[33m↓ ⏵ update-autotools-gnu-config-scripts-hook[0m[0m ⏱ 1s
┃ [34m│  [0m   [34m├─ [0m[1m[33m↓ ⏵ file-5.47[0m[0m ⏱ 1s 2.4MiB/10.4MiB                  [1m 22.9%[0m
┃ [34m│  [0m[34m┌─ [0m[34m↓ ⏸ stdenv-linux[0m                                      
┃ [34m├─ [0m[1m[33m↓ ⏵ make-shell-wrapper-hook[0m[0m ⏱ 1s                         
┃ [34m⏸ nixos-system-licht-26.05.20260907.93108a5[0m                 [0m
┣━━━ [1mBuilds          [0m │ [1mDownloads      [0m │ [1mHost                   [0m
┃    [33m   [0m │ [32m   [0m │      │ [33m   [0m │ [32m   [0m │     │ [35m      localhost        [0m
┃    [33m   [0m │ [32m   [0m │      │ [33m↓ [1m7[0m[0m │ [32m↓ [1m2[0m[0m │     │ [35mcache.nixos.org (https)[0m
┗━ ∑ [33m⏵ 0[0m │ [32m✔ 0[0m │ [34m⏸ [1m27[0m[0m │ [33m↓ [1m7[0m[0m │ [32m↓ [1m2[0m[0m │ [34m⏸ [1m1[0m[0m │ [1m⏱ 36s                  [0m[?2026l[?2026h[2K[1F[2K[1F[2K[1F[2K[1F[2K[1F[2K[1F[2K[1F[2K[1F[2K[1F[2K[1F[2K[1F[2K[1F[2K[1F[2K[1F[2K[1F[2K[1F[2K[1F[2K[1F[2K[1F[2K[1F[2K[1F[2K[1F[2K[1F[2K[0m┏━ [1mDependency Graph[0m:
┃ [34m┌─ [0m[34m⏸ activate[0m[90m waiting for [0m[33m4 ↓[0m [34m1 ↓ ⏸[0m                         
┃ [34m│  [0m      [34m┌─ [0m[34m⏸ dummy-xdg-mime-dirs1[0m[90m waiting for [0m[33m3 ↓[0m [34m1 ↓ ⏸[0m    
┃ [34m│  [0m      [34m├─ [0m[34m⏸ dummy-xdg-mime-dirs2[0m[90m waiting for [0m[33m3 ↓[0m [34m1 ↓ ⏸[0m    
┃ [34m│  [0m      [34m├─ [0m[34m⏸ dummy-fc-dir2[0m[90m waiting for [0m[33m3 ↓[0m [34m1 ↓ ⏸[0m           
┃ [34m│  [0m      [34m├─ [0m[34m⏸ dummy-fc-dir1[0m[90m waiting for [0m[33m3 ↓[0m [34m1 ↓ ⏸[0m           
┃ [34m│  [0m   [34m┌─ [0m[34m⏸ home-manager-path[0m                                
┃ [34m│  [0m   [34m├─ [0m[1m[33m↓ ⏵ texinfo-7.2[0m[0m ⏱ 1s                               
┃ [34m│  [0m[34m┌─ [0m[34m⏸ user-environment[0m                                    
┃ [34m├─ [0m[34m⏸ etc[0m                                                    
┃ [34m│  [0m[34m┌─ [0m[34m⏸ builder.pl[0m[90m waiting for [0m[33m3 ↓[0m [34m1 ↓ ⏸[0m                    
┃ [34m│  [0m[34m├─ [0m[1m[33m↓ ⏵ make-binary-wrapper-hook[0m[0m ⏱ 1s                     
┃ [34m├─ [0m[34m⏸ perl-5.42.0-env[0m                                        
┃ [34m│  [0m   [34m┌─ [0m[1m[33m↓ ⏵ gnumake-4.4.1[0m[0m ⏱ 1s 128.0KiB/1.5MiB             [1m  8.2%[0m
┃ [34m│  [0m   [34m├─ [0m[1m[33m↓ ⏵ patchelf-0.15.2[0m[0m ⏱ 1s 128.0KiB/245.3KiB         [1m 52.2%[0m
┃ [34m│  [0m   [34m├─ [0m[1m[33m↓ ⏵ file-5.47[0m[0m ⏱ 1s 2.4MiB/10.4MiB                  [1m 22.9%[0m
┃ [34m│  [0m[34m┌─ [0m[34m↓ ⏸ stdenv-linux[0m                                      
┃ [34m├─ [0m[1m[33m↓ ⏵ make-shell-wrapper-hook[0m[0m ⏱ 1s 10.4KiB/10.4KiB         [1m100.0%[0m
┃ [34m⏸ nixos-system-licht-26.05.20260907.93108a5[0m                 [0m
┣━━━ [1mBuilds          [0m │ [1mDownloads      [0m │ [1mHost                   [0m
┃    [33m   [0m │ [32m   [0m │      │ [33m   [0m │ [32m   [0m │     │ [35m      localhost        [0m
┃    [33m   [0m │ [32m   [0m │      │ [33m↓ [1m6[0m[0m │ [32m↓ [1m3[0m[0m │     │ [35mcache.nixos.org (https)[0m
┗━ ∑ [33m⏵ 0[0m │ [32m✔ 0[0m │ [34m⏸ [1m27[0m[0m │ [33m↓ [1m6[0m[0m │ [32m↓ [1m3[0m[0m │ [34m⏸ [1m1[0m[0m │ [1m⏱ 36s                  [0m[?2026l[?2026h[2K[1F[2K[1F[2K[1F[2K[1F[2K[1F[2K[1F[2K[1F[2K[1F[2K[1F[2K[1F[2K[1F[2K[1F[2K[1F[2K[1F[2K[1F[2K[1F[2K[1F[2K[1F[2K[1F[2K[1F[2K[1F[2K[1F[2K[0m┏━ [1mDependency Graph[0m:
┃ [34m┌─ [0m[34m⏸ activate[0m[90m waiting for [0m[33m4 ↓[0m [34m1 ↓ ⏸[0m                         
┃ [34m│  [0m      [34m┌─ [0m[34m⏸ dummy-xdg-mime-dirs1[0m[90m waiting for [0m[33m3 ↓[0m [34m1 ↓ ⏸[0m    
┃ [34m│  [0m      [34m├─ [0m[34m⏸ dummy-xdg-mime-dirs2[0m[90m waiting for [0m[33m3 ↓[0m [34m1 ↓ ⏸[0m    
┃ [34m│  [0m      [34m├─ [0m[34m⏸ dummy-fc-dir2[0m[90m waiting for [0m[33m3 ↓[0m [34m1 ↓ ⏸[0m           
┃ [34m│  [0m      [34m├─ [0m[34m⏸ dummy-fc-dir1[0m[90m waiting for [0m[33m3 ↓[0m [34m1 ↓ ⏸[0m           
┃ [34m│  [0m   [34m┌─ [0m[34m⏸ home-manager-path[0m                                
┃ [34m│  [0m   [34m├─ [0m[1m[33m↓ ⏵ texinfo-7.2[0m[0m ⏱ 1s                               
┃ [34m│  [0m[34m┌─ [0m[34m⏸ user-environment[0m                                    
┃ [34m├─ [0m[34m⏸ etc[0m                                                    
┃ [34m│  [0m[34m┌─ [0m[34m⏸ builder.pl[0m[90m waiting for [0m[33m3 ↓[0m [34m1 ↓ ⏸[0m                    
┃ [34m│  [0m[34m├─ [0m[1m[33m↓ ⏵ make-binary-wrapper-hook[0m[0m ⏱ 1s                     
┃ [34m├─ [0m[34m⏸ perl-5.42.0-env[0m                                        
┃ [34m│  [0m   [34m┌─ [0m[1m[33m↓ ⏵ gnumake-4.4.1[0m[0m ⏱ 1s 128.0KiB/1.5MiB             [1m  8.2%[0m
┃ [34m│  [0m   [34m├─ [0m[1m[33m↓ ⏵ patchelf-0.15.2[0m[0m ⏱ 1s 128.0KiB/245.3KiB         [1m 52.2%[0m
┃ [34m│  [0m   [34m├─ [0m[1m[33m↓ ⏵ file-5.47[0m[0m ⏱ 2s 2.8MiB/10.4MiB                  [1m 26.5%[0m
┃ [34m│  [0m[34m┌─ [0m[34m↓ ⏸ stdenv-linux[0m                                      
┃ [34m├─ [0m[32m↓ ✔ make-shell-wrapper-hook[0m [90m10.4KiB[0m                      
┃ [34m⏸ nixos-system-licht-26.05.20260907.93108a5[0m                 [0m
┣━━━ [1mBuilds          [0m │ [1mDownloads      [0m │ [1mHost                   [0m
┃    [33m   [0m │ [32m   [0m │      │ [33m   [0m │ [32m   [0m │     │ [35m      localhost        [0m
┃    [33m   [0m │ [32m   [0m │      │ [33m↓ [1m5[0m[0m │ [32m↓ [1m4[0m[0m │     │ [35mcache.nixos.org (https)[0m
┗━ ∑ [33m⏵ 0[0m │ [32m✔ 0[0m │ [34m⏸ [1m27[0m[0m │ [33m↓ [1m5[0m[0m │ [32m↓ [1m4[0m[0m │ [34m⏸ [1m1[0m[0m │ [1m⏱ 36s                  [0m[?2026l[?2026h[2K[1F[2K[1F[2K[1F[2K[1F[2K[1F[2K[1F[2K[1F[2K[1F[2K[1F[2K[1F[2K[1F[2K[1F[2K[1F[2K[1F[2K[1F[2K[1F[2K[1F[2K[1F[2K[1F[2K[1F[2K[1F[2K[1F[2K[0m┏━ [1mDependency Graph[0m:
┃ [34m┌─ [0m[34m⏸ activate[0m[90m waiting for [0m[33m4 ↓[0m [34m1 ↓ ⏸[0m                         
┃ [34m│  [0m      [34m┌─ [0m[34m⏸ dummy-xdg-mime-dirs1[0m[90m waiting for [0m[33m3 ↓[0m [34m1 ↓ ⏸[0m    
┃ [34m│  [0m      [34m├─ [0m[34m⏸ dummy-xdg-mime-dirs2[0m[90m waiting for [0m[33m3 ↓[0m [34m1 ↓ ⏸[0m    
┃ [34m│  [0m      [34m├─ [0m[34m⏸ dummy-fc-dir2[0m[90m waiting for [0m[33m3 ↓[0m [34m1 ↓ ⏸[0m           
┃ [34m│  [0m      [34m├─ [0m[34m⏸ dummy-fc-dir1[0m[90m waiting for [0m[33m3 ↓[0m [34m1 ↓ ⏸[0m           
┃ [34m│  [0m   [34m┌─ [0m[34m⏸ home-manager-path[0m                                
┃ [34m│  [0m   [34m├─ [0m[1m[33m↓ ⏵ texinfo-7.2[0m[0m ⏱ 1s                               
┃ [34m│  [0m[34m┌─ [0m[34m⏸ user-environment[0m                                    
┃ [34m├─ [0m[34m⏸ etc[0m                                                    
┃ [34m│  [0m[34m┌─ [0m[34m⏸ builder.pl[0m[90m waiting for [0m[33m3 ↓[0m [34m1 ↓ ⏸[0m                    
┃ [34m│  [0m[34m│  [0m   [34m┌─ [0m[1m[33m↓ ⏵ gnumake-4.4.1[0m[0m ⏱ 2s 128.0KiB/1.5MiB          [1m  8.2%[0m
┃ [34m│  [0m[34m│  [0m   [34m├─ [0m[1m[33m↓ ⏵ patchelf-0.15.2[0m[0m ⏱ 2s 128.0KiB/245.3KiB      [1m 52.2%[0m
┃ [34m│  [0m[34m│  [0m   [34m├─ [0m[1m[33m↓ ⏵ file-5.47[0m[0m ⏱ 2s 2.8MiB/10.4MiB               [1m 26.5%[0m
┃ [34m│  [0m[34m│  [0m[34m┌─ [0m[34m↓ ⏸ stdenv-linux[0m                                   
┃ [34m│  [0m[34m├─ [0m[1m[33m↓ ⏵ make-binary-wrapper-hook[0m[0m ⏱ 1s                     
┃ [34m├─ [0m[34m⏸ perl-5.42.0-env[0m                                        
┃ [34m⏸ nixos-system-licht-26.05.20260907.93108a5[0m                 [0m
┣━━━ [1mBuilds          [0m │ [1mDownloads      [0m │ [1mHost                   [0m
┃    [33m   [0m │ [32m   [0m │      │ [33m   [0m │ [32m   [0m │     │ [35m      localhost        [0m
┃    [33m   [0m │ [32m   [0m │      │ [33m↓ [1m5[0m[0m │ [32m↓ [1m4[0m[0m │     │ [35mcache.nixos.org (https)[0m
┗━ ∑ [33m⏵ 0[0m │ [32m✔ 0[0m │ [34m⏸ [1m27[0m[0m │ [33m↓ [1m5[0m[0m │ [32m↓ [1m4[0m[0m │ [34m⏸ [1m1[0m[0m │ [1m⏱ 36s                  [0m[?2026l[?2026h[2K[1F[2K[1F[2K[1F[2K[1F[2K[1F[2K[1F[2K[1F[2K[1F[2K[1F[2K[1F[2K[1F[2K[1F[2K[1F[2K[1F[2K[1F[2K[1F[2K[1F[2K[1F[2K[1F[2K[1F[2K[1F[2K[0m┏━ [1mDependency Graph[0m:
┃ [34m┌─ [0m[34m⏸ activate[0m[90m waiting for [0m[33m4 ↓[0m [34m1 ↓ ⏸[0m                         
┃ [34m│  [0m      [34m┌─ [0m[34m⏸ dummy-xdg-mime-dirs1[0m[90m waiting for [0m[33m3 ↓[0m [34m1 ↓ ⏸[0m    
┃ [34m│  [0m      [34m├─ [0m[34m⏸ dummy-xdg-mime-dirs2[0m[90m waiting for [0m[33m3 ↓[0m [34m1 ↓ ⏸[0m    
┃ [34m│  [0m      [34m├─ [0m[34m⏸ dummy-fc-dir2[0m[90m waiting for [0m[33m3 ↓[0m [34m1 ↓ ⏸[0m           
┃ [34m│  [0m      [34m├─ [0m[34m⏸ dummy-fc-dir1[0m[90m waiting for [0m[33m3 ↓[0m [34m1 ↓ ⏸[0m           
┃ [34m│  [0m   [34m┌─ [0m[34m⏸ home-manager-path[0m                                
┃ [34m│  [0m   [34m├─ [0m[1m[33m↓ ⏵ texinfo-7.2[0m[0m ⏱ 1s                               
┃ [34m│  [0m[34m┌─ [0m[34m⏸ user-environment[0m                                    
┃ [34m├─ [0m[34m⏸ etc[0m                                                    
┃ [34m│  [0m[34m┌─ [0m[34m⏸ builder.pl[0m[90m waiting for [0m[33m3 ↓[0m [34m1 ↓ ⏸[0m                    
┃ [34m│  [0m[34m│  [0m   [34m┌─ [0m[1m[33m↓ ⏵ gnumake-4.4.1[0m[0m ⏱ 2s 128.0KiB/1.5MiB          [1m  8.2%[0m
┃ [34m│  [0m[34m│  [0m   [34m├─ [0m[1m[33m↓ ⏵ patchelf-0.15.2[0m[0m ⏱ 2s 128.0KiB/245.3KiB      [1m 52.2%[0m
┃ [34m│  [0m[34m│  [0m   [34m├─ [0m[1m[33m↓ ⏵ file-5.47[0m[0m ⏱ 2s 3.1MiB/10.4MiB               [1m 30.1%[0m
┃ [34m│  [0m[34m│  [0m[34m┌─ [0m[34m↓ ⏸ stdenv-linux[0m                                   
┃ [34m│  [0m[34m├─ [0m[1m[33m↓ ⏵ make-binary-wrapper-hook[0m[0m ⏱ 1s                     
┃ [34m├─ [0m[34m⏸ perl-5.42.0-env[0m                                        
┃ [34m⏸ nixos-system-licht-26.05.20260907.93108a5[0m                 [0m
┣━━━ [1mBuilds          [0m │ [1mDownloads      [0m │ [1mHost                   [0m
┃    [33m   [0m │ [32m   [0m │      │ [33m   [0m │ [32m   [0m │     │ [35m      localhost        [0m
┃    [33m   [0m │ [32m   [0m │      │ [33m↓ [1m5[0m[0m │ [32m↓ [1m4[0m[0m │     │ [35mcache.nixos.org (https)[0m
┗━ ∑ [33m⏵ 0[0m │ [32m✔ 0[0m │ [34m⏸ [1m27[0m[0m │ [33m↓ [1m5[0m[0m │ [32m↓ [1m4[0m[0m │ [34m⏸ [1m1[0m[0m │ [1m⏱ 36s                  [0m[?2026l[?2026h[2K[1F[2K[1F[2K[1F[2K[1F[2K[1F[2K[1F[2K[1F[2K[1F[2K[1F[2K[1F[2K[1F[2K[1F[2K[1F[2K[1F[2K[1F[2K[1F[2K[1F[2K[1F[2K[1F[2K[1F[2K[1F[2K[0m┏━ [1mDependency Graph[0m:
┃ [34m┌─ [0m[34m⏸ activate[0m[90m waiting for [0m[33m3 ↓[0m [34m1 ↓ ⏸[0m                         
┃ [34m│  [0m      [34m┌─ [0m[34m⏸ dummy-xdg-mime-dirs1[0m[90m waiting for [0m[33m2 ↓[0m [34m1 ↓ ⏸[0m    
┃ [34m│  [0m      [34m├─ [0m[34m⏸ dummy-xdg-mime-dirs2[0m[90m waiting for [0m[33m2 ↓[0m [34m1 ↓ ⏸[0m    
┃ [34m│  [0m      [34m├─ [0m[34m⏸ dummy-fc-dir2[0m[90m waiting for [0m[33m2 ↓[0m [34m1 ↓ ⏸[0m           
┃ [34m│  [0m      [34m├─ [0m[34m⏸ dummy-fc-dir1[0m[90m waiting for [0m[33m2 ↓[0m [34m1 ↓ ⏸[0m           
┃ [34m│  [0m   [34m┌─ [0m[34m⏸ home-manager-path[0m                                
┃ [34m│  [0m   [34m├─ [0m[1m[33m↓ ⏵ texinfo-7.2[0m[0m ⏱ 1s                               
┃ [34m│  [0m[34m┌─ [0m[34m⏸ user-environment[0m                                    
┃ [34m├─ [0m[34m⏸ etc[0m                                                    
┃ [34m│  [0m[34m┌─ [0m[34m⏸ builder.pl[0m[90m waiting for [0m[33m2 ↓[0m [34m1 ↓ ⏸[0m                    
┃ [34m│  [0m[34m│  [0m   [34m┌─ [0m[1m[33m↓ ⏵ gnumake-4.4.1[0m[0m ⏱ 2s 128.0KiB/1.5MiB          [1m  8.2%[0m
┃ [34m│  [0m[34m│  [0m   [34m├─ [0m[1m[33m↓ ⏵ file-5.47[0m[0m ⏱ 2s 3.1MiB/10.4MiB               [1m 30.1%[0m
┃ [34m│  [0m[34m│  [0m[34m┌─ [0m[34m↓ ⏸ stdenv-linux[0m                                   
┃ [34m│  [0m[34m├─ [0m[1m[33m↓ ⏵ make-binary-wrapper-hook[0m[0m ⏱ 1s                     
┃ [34m├─ [0m[34m⏸ perl-5.42.0-env[0m                                        
┃ [34m⏸ nixos-system-licht-26.05.20260907.93108a5[0m                 [0m
┣━━━ [1mBuilds          [0m │ [1mDownloads      [0m │ [1mHost                   [0m
┃    [33m   [0m │ [32m   [0m │      │ [33m   [0m │ [32m   [0m │     │ [35m      localhost        [0m
┃    [33m   [0m │ [32m   [0m │      │ [33m↓ [1m4[0m[0m │ [32m↓ [1m5[0m[0m │     │ [35mcache.nixos.org (https)[0m
┗━ ∑ [33m⏵ 0[0m │ [32m✔ 0[0m │ [34m⏸ [1m27[0m[0m │ [33m↓ [1m4[0m[0m │ [32m↓ [1m5[0m[0m │ [34m⏸ [1m1[0m[0m │ [1m⏱ 36s                  [0m[?2026l[?2026h[2K[1F[2K[1F[2K[1F[2K[1F[2K[1F[2K[1F[2K[1F[2K[1F[2K[1F[2K[1F[2K[1F[2K[1F[2K[1F[2K[1F[2K[1F[2K[1F[2K[1F[2K[1F[2K[1F[2K[1F[2K[0m┏━ [1mDependency Graph[0m:
┃ [34m┌─ [0m[34m⏸ activate[0m[90m waiting for [0m[33m3 ↓[0m [34m1 ↓ ⏸[0m                         
┃ [34m│  [0m      [34m┌─ [0m[34m⏸ dummy-xdg-mime-dirs1[0m[90m waiting for [0m[33m2 ↓[0m [34m1 ↓ ⏸[0m    
┃ [34m│  [0m      [34m├─ [0m[34m⏸ dummy-xdg-mime-dirs2[0m[90m waiting for [0m[33m2 ↓[0m [34m1 ↓ ⏸[0m    
┃ [34m│  [0m      [34m├─ [0m[34m⏸ dummy-fc-dir2[0m[90m waiting for [0m[33m2 ↓[0m [34m1 ↓ ⏸[0m           
┃ [34m│  [0m      [34m├─ [0m[34m⏸ dummy-fc-dir1[0m[90m waiting for [0m[33m2 ↓[0m [34m1 ↓ ⏸[0m           
┃ [34m│  [0m   [34m┌─ [0m[34m⏸ home-manager-path[0m                                
┃ [34m│  [0m   [34m├─ [0m[1m[33m↓ ⏵ texinfo-7.2[0m[0m ⏱ 2s 128.0KiB/13.7MiB              [1m  0.9%[0m
┃ [34m│  [0m[34m┌─ [0m[34m⏸ user-environment[0m                                    
┃ [34m├─ [0m[34m⏸ etc[0m                                                    
┃ [34m│  [0m[34m┌─ [0m[34m⏸ builder.pl[0m[90m waiting for [0m[33m2 ↓[0m [34m1 ↓ ⏸[0m                    
┃ [34m│  [0m[34m│  [0m   [34m┌─ [0m[1m[33m↓ ⏵ gnumake-4.4.1[0m[0m ⏱ 2s 128.0KiB/1.5MiB          [1m  8.2%[0m
┃ [34m│  [0m[34m│  [0m   [34m├─ [0m[1m[33m↓ ⏵ file-5.47[0m[0m ⏱ 2s 4.0MiB/10.4MiB               [1m 38.5%[0m
┃ [34m│  [0m[34m│  [0m[34m┌─ [0m[34m↓ ⏸ stdenv-linux[0m                                   
┃ [34m│  [0m[34m├─ [0m[1m[33m↓ ⏵ make-binary-wrapper-hook[0m[0m ⏱ 2s                     
┃ [34m├─ [0m[34m⏸ perl-5.42.0-env[0m                                        
┃ [34m⏸ nixos-system-licht-26.05.20260907.93108a5[0m                 [0m
┣━━━ [1mBuilds          [0m │ [1mDownloads      [0m │ [1mHost                   [0m
┃    [33m   [0m │ [32m   [0m │      │ [33m   [0m │ [32m   [0m │     │ [35m      localhost        [0m
┃    [33m   [0m │ [32m   [0m │      │ [33m↓ [1m4[0m[0m │ [32m↓ [1m5[0m[0m │     │ [35mcache.nixos.org (https)[0m
┗━ ∑ [33m⏵ 0[0m │ [32m✔ 0[0m │ [34m⏸ [1m27[0m[0m │ [33m↓ [1m4[0m[0m │ [32m↓ [1m5[0m[0m │ [34m⏸ [1m1[0m[0m │ [1m⏱ 37s                  [0m[?2026l[?2026h[2K[1F[2K[1F[2K[1F[2K[1F[2K[1F[2K[1F[2K[1F[2K[1F[2K[1F[2K[1F[2K[1F[2K[1F[2K[1F[2K[1F[2K[1F[2K[1F[2K[1F[2K[1F[2K[1F[2K[1F[2K[0m┏━ [1mDependency Graph[0m:
┃ [34m┌─ [0m[34m⏸ activate[0m[90m waiting for [0m[33m3 ↓[0m [34m1 ↓ ⏸[0m                         
┃ [34m│  [0m      [34m┌─ [0m[34m⏸ dummy-xdg-mime-dirs1[0m[90m waiting for [0m[33m2 ↓[0m [34m1 ↓ ⏸[0m    
┃ [34m│  [0m      [34m├─ [0m[34m⏸ dummy-xdg-mime-dirs2[0m[90m waiting for [0m[33m2 ↓[0m [34m1 ↓ ⏸[0m    
┃ [34m│  [0m      [34m├─ [0m[34m⏸ dummy-fc-dir2[0m[90m waiting for [0m[33m2 ↓[0m [34m1 ↓ ⏸[0m           
┃ [34m│  [0m      [34m├─ [0m[34m⏸ dummy-fc-dir1[0m[90m waiting for [0m[33m2 ↓[0m [34m1 ↓ ⏸[0m           
┃ [34m│  [0m   [34m┌─ [0m[34m⏸ home-manager-path[0m                                
┃ [34m│  [0m   [34m├─ [0m[1m[33m↓ ⏵ texinfo-7.2[0m[0m ⏱ 2s 128.0KiB/13.7MiB              [1m  0.9%[0m
┃ [34m│  [0m[34m┌─ [0m[34m⏸ user-environment[0m                                    
┃ [34m├─ [0m[34m⏸ etc[0m                                                    
┃ [34m│  [0m[34m┌─ [0m[34m⏸ builder.pl[0m[90m waiting for [0m[33m2 ↓[0m [34m1 ↓ ⏸[0m                    
┃ [34m│  [0m[34m│  [0m   [34m┌─ [0m[1m[33m↓ ⏵ gnumake-4.4.1[0m[0m ⏱ 2s 128.0KiB/1.5MiB          [1m  8.2%[0m
┃ [34m│  [0m[34m│  [0m   [34m├─ [0m[1m[33m↓ ⏵ file-5.47[0m[0m ⏱ 2s 4.0MiB/10.4MiB               [1m 38.5%[0m
┃ [34m│  [0m[34m│  [0m[34m┌─ [0m[34m↓ ⏸ stdenv-linux[0m                                   
┃ [34m│  [0m[34m├─ [0m[1m[33m↓ ⏵ make-binary-wrapper-hook[0m[0m ⏱ 2s                     
┃ [34m├─ [0m[34m⏸ perl-5.42.0-env[0m                                        
┃ [34m⏸ nixos-system-licht-26.05.20260907.93108a5[0m                 [0m
┣━━━ [1mBuilds          [0m │ [1mDownloads      [0m │ [1mHost                   [0m
┃    [33m   [0m │ [32m   [0m │      │ [33m   [0m │ [32m   [0m │     │ [35m      localhost        [0m
┃    [33m   [0m │ [32m   [0m │      │ [33m↓ [1m4[0m[0m │ [32m↓ [1m5[0m[0m │     │ [35mcache.nixos.org (https)[0m
┗━ ∑ [33m⏵ 0[0m │ [32m✔ 0[0m │ [34m⏸ [1m27[0m[0m │ [33m↓ [1m4[0m[0m │ [32m↓ [1m5[0m[0m │ [34m⏸ [1m1[0m[0m │ [1m⏱ 37s                  [0m[?2026l[?2026h[2K[1F[2K[1F[2K[1F[2K[1F[2K[1F[2K[1F[2K[1F[2K[1F[2K[1F[2K[1F[2K[1F[2K[1F[2K[1F[2K[1F[2K[1F[2K[1F[2K[1F[2K[1F[2K[1F[2K[1F[2K[0m┏━ [1mDependency Graph[0m:
┃ [34m┌─ [0m[34m⏸ activate[0m[90m waiting for [0m[33m3 ↓[0m [34m1 ↓ ⏸[0m                         
┃ [34m│  [0m      [34m┌─ [0m[34m⏸ dummy-xdg-mime-dirs1[0m[90m waiting for [0m[33m2 ↓[0m [34m1 ↓ ⏸[0m    
┃ [34m│  [0m      [34m├─ [0m[34m⏸ dummy-xdg-mime-dirs2[0m[90m waiting for [0m[33m2 ↓[0m [34m1 ↓ ⏸[0m    
┃ [34m│  [0m      [34m├─ [0m[34m⏸ dummy-fc-dir2[0m[90m waiting for [0m[33m2 ↓[0m [34m1 ↓ ⏸[0m           
┃ [34m│  [0m      [34m├─ [0m[34m⏸ dummy-fc-dir1[0m[90m waiting for [0m[33m2 ↓[0m [34m1 ↓ ⏸[0m           
┃ [34m│  [0m   [34m┌─ [0m[34m⏸ home-manager-path[0m                                
┃ [34m│  [0m   [34m├─ [0m[1m[33m↓ ⏵ texinfo-7.2[0m[0m ⏱ 2s 128.0KiB/13.7MiB              [1m  0.9%[0m
┃ [34m│  [0m[34m┌─ [0m[34m⏸ user-environment[0m                                    
┃ [34m├─ [0m[34m⏸ etc[0m                                                    
┃ [34m│  [0m[34m┌─ [0m[34m⏸ builder.pl[0m[90m waiting for [0m[33m2 ↓[0m [34m1 ↓ ⏸[0m                    
┃ [34m│  [0m[34m│  [0m   [34m┌─ [0m[1m[33m↓ ⏵ gnumake-4.4.1[0m[0m ⏱ 2s 128.0KiB/1.5MiB          [1m  8.2%[0m
┃ [34m│  [0m[34m│  [0m   [34m├─ [0m[1m[33m↓ ⏵ file-5.47[0m[0m ⏱ 2s 4.0MiB/10.4MiB               [1m 38.5%[0m
┃ [34m│  [0m[34m│  [0m[34m┌─ [0m[34m↓ ⏸ stdenv-linux[0m                                   
┃ [34m│  [0m[34m├─ [0m[32m↓ ✔ make-binary-wrapper-hook[0m [90m18.0KiB[0m                  
┃ [34m├─ [0m[34m⏸ perl-5.42.0-env[0m                                        
┃ [34m⏸ nixos-system-licht-26.05.20260907.93108a5[0m                 [0m
┣━━━ [1mBuilds          [0m │ [1mDownloads      [0m │ [1mHost                   [0m
┃    [33m   [0m │ [32m   [0m │      │ [33m   [0m │ [32m   [0m │     │ [35m      localhost        [0m
┃    [33m   [0m │ [32m   [0m │      │ [33m↓ [1m3[0m[0m │ [32m↓ [1m6[0m[0m │     │ [35mcache.nixos.org (https)[0m
┗━ ∑ [33m⏵ 0[0m │ [32m✔ 0[0m │ [34m⏸ [1m27[0m[0m │ [33m↓ [1m3[0m[0m │ [32m↓ [1m6[0m[0m │ [34m⏸ [1m1[0m[0m │ [1m⏱ 37s                  [0m[?2026l[?2026h[2K[1F[2K[1F[2K[1F[2K[1F[2K[1F[2K[1F[2K[1F[2K[1F[2K[1F[2K[1F[2K[1F[2K[1F[2K[1F[2K[1F[2K[1F[2K[1F[2K[1F[2K[1F[2K[1F[2K[1F[2K[0m┏━ [1mDependency Graph[0m:
┃ [34m┌─ [0m[34m⏸ activate[0m[90m waiting for [0m[33m3 ↓[0m [34m1 ↓ ⏸[0m                         
┃ [34m│  [0m      [34m┌─ [0m[34m⏸ dummy-xdg-mime-dirs1[0m[90m waiting for [0m[33m2 ↓[0m [34m1 ↓ ⏸[0m    
┃ [34m│  [0m      [34m├─ [0m[34m⏸ dummy-xdg-mime-dirs2[0m[90m waiting for [0m[33m2 ↓[0m [34m1 ↓ ⏸[0m    
┃ [34m│  [0m      [34m├─ [0m[34m⏸ dummy-fc-dir2[0m[90m waiting for [0m[33m2 ↓[0m [34m1 ↓ ⏸[0m           
┃ [34m│  [0m      [34m├─ [0m[34m⏸ dummy-fc-dir1[0m[90m waiting for [0m[33m2 ↓[0m [34m1 ↓ ⏸[0m           
┃ [34m│  [0m   [34m┌─ [0m[34m⏸ home-manager-path[0m                                
┃ [34m│  [0m   [34m│  [0m   [34m┌─ [0m[1m[33m↓ ⏵ gnumake-4.4.1[0m[0m ⏱ 3s 256.0KiB/1.5MiB       [1m 16.3%[0m
┃ [34m│  [0m   [34m│  [0m   [34m├─ [0m[1m[33m↓ ⏵ file-5.47[0m[0m ⏱ 3s 4.4MiB/10.4MiB            [1m 42.1%[0m
┃ [34m│  [0m   [34m│  [0m[34m┌─ [0m[34m↓ ⏸ stdenv-linux[0m                                
┃ [34m│  [0m   [34m├─ [0m[34m⏸ builder.pl[0m                                       
┃ [34m│  [0m   [34m├─ [0m[1m[33m↓ ⏵ texinfo-7.2[0m[0m ⏱ 2s 256.0KiB/13.7MiB              [1m  1.8%[0m
┃ [34m│  [0m[34m┌─ [0m[34m⏸ user-environment[0m                                    
┃ [34m├─ [0m[34m⏸ etc[0m                                                    
┃ [34m⏸ nixos-system-licht-26.05.20260907.93108a5[0m                 [0m
┣━━━ [1mBuilds          [0m │ [1mDownloads      [0m │ [1mHost                   [0m
┃    [33m   [0m │ [32m   [0m │      │ [33m   [0m │ [32m   [0m │     │ [35m      localhost        [0m
┃    [33m   [0m │ [32m   [0m │      │ [33m↓ [1m3[0m[0m │ [32m↓ [1m6[0m[0m │     │ [35mcache.nixos.org (https)[0m
┗━ ∑ [33m⏵ 0[0m │ [32m✔ 0[0m │ [34m⏸ [1m27[0m[0m │ [33m↓ [1m3[0m[0m │ [32m↓ [1m6[0m[0m │ [34m⏸ [1m1[0m[0m │ [1m⏱ 37s                  [0m[?2026l[?2026h[2K[1F[2K[1F[2K[1F[2K[1F[2K[1F[2K[1F[2K[1F[2K[1F[2K[1F[2K[1F[2K[1F[2K[1F[2K[1F[2K[1F[2K[1F[2K[1F[2K[1F[2K[1F[2K[0m┏━ [1mDependency Graph[0m:
┃ [34m┌─ [0m[34m⏸ activate[0m[90m waiting for [0m[33m3 ↓[0m [34m1 ↓ ⏸[0m                         
┃ [34m│  [0m      [34m┌─ [0m[34m⏸ dummy-xdg-mime-dirs1[0m[90m waiting for [0m[33m2 ↓[0m [34m1 ↓ ⏸[0m    
┃ [34m│  [0m      [34m├─ [0m[34m⏸ dummy-xdg-mime-dirs2[0m[90m waiting for [0m[33m2 ↓[0m [34m1 ↓ ⏸[0m    
┃ [34m│  [0m      [34m├─ [0m[34m⏸ dummy-fc-dir2[0m[90m waiting for [0m[33m2 ↓[0m [34m1 ↓ ⏸[0m           
┃ [34m│  [0m      [34m├─ [0m[34m⏸ dummy-fc-dir1[0m[90m waiting for [0m[33m2 ↓[0m [34m1 ↓ ⏸[0m           
┃ [34m│  [0m   [34m┌─ [0m[34m⏸ home-manager-path[0m                                
┃ [34m│  [0m   [34m│  [0m   [34m┌─ [0m[1m[33m↓ ⏵ gnumake-4.4.1[0m[0m ⏱ 3s 256.0KiB/1.5MiB       [1m 16.3%[0m
┃ [34m│  [0m   [34m│  [0m   [34m├─ [0m[1m[33m↓ ⏵ file-5.47[0m[0m ⏱ 3s 4.4MiB/10.4MiB            [1m 42.1%[0m
┃ [34m│  [0m   [34m│  [0m[34m┌─ [0m[34m↓ ⏸ stdenv-linux[0m                                
┃ [34m│  [0m   [34m├─ [0m[34m⏸ builder.pl[0m                                       
┃ [34m│  [0m   [34m├─ [0m[1m[33m↓ ⏵ texinfo-7.2[0m[0m ⏱ 2s 256.0KiB/13.7MiB              [1m  1.8%[0m
┃ [34m│  [0m[34m┌─ [0m[34m⏸ user-environment[0m                                    
┃ [34m├─ [0m[34m⏸ etc[0m                                                    
┃ [34m⏸ nixos-system-licht-26.05.20260907.93108a5[0m                 [0m
┣━━━ [1mBuilds          [0m │ [1mDownloads      [0m │ [1mHost                   [0m
┃    [33m   [0m │ [32m   [0m │      │ [33m   [0m │ [32m   [0m │     │ [35m      localhost        [0m
┃    [33m   [0m │ [32m   [0m │      │ [33m↓ [1m3[0m[0m │ [32m↓ [1m6[0m[0m │     │ [35mcache.nixos.org (https)[0m
┗━ ∑ [33m⏵ 0[0m │ [32m✔ 0[0m │ [34m⏸ [1m27[0m[0m │ [33m↓ [1m3[0m[0m │ [32m↓ [1m6[0m[0m │ [34m⏸ [1m1[0m[0m │ [1m⏱ 37s                  [0m[?2026l[?2026h[2K[1F[2K[1F[2K[1F[2K[1F[2K[1F[2K[1F[2K[1F[2K[1F[2K[1F[2K[1F[2K[1F[2K[1F[2K[1F[2K[1F[2K[1F[2K[1F[2K[1F[2K[1F[2K[0m┏━ [1mDependency Graph[0m:
┃ [34m┌─ [0m[34m⏸ activate[0m[90m waiting for [0m[33m3 ↓[0m [34m1 ↓ ⏸[0m                         
┃ [34m│  [0m      [34m┌─ [0m[34m⏸ dummy-xdg-mime-dirs1[0m[90m waiting for [0m[33m2 ↓[0m [34m1 ↓ ⏸[0m    
┃ [34m│  [0m      [34m├─ [0m[34m⏸ dummy-xdg-mime-dirs2[0m[90m waiting for [0m[33m2 ↓[0m [34m1 ↓ ⏸[0m    
┃ [34m│  [0m      [34m├─ [0m[34m⏸ dummy-fc-dir2[0m[90m waiting for [0m[33m2 ↓[0m [34m1 ↓ ⏸[0m           
┃ [34m│  [0m      [34m├─ [0m[34m⏸ dummy-fc-dir1[0m[90m waiting for [0m[33m2 ↓[0m [34m1 ↓ ⏸[0m           
┃ [34m│  [0m   [34m┌─ [0m[34m⏸ home-manager-path[0m                                
┃ [34m│  [0m   [34m│  [0m   [34m┌─ [0m[1m[33m↓ ⏵ gnumake-4.4.1[0m[0m ⏱ 3s 256.0KiB/1.5MiB       [1m 16.3%[0m
┃ [34m│  [0m   [34m│  [0m   [34m├─ [0m[1m[33m↓ ⏵ file-5.47[0m[0m ⏱ 3s 4.4MiB/10.4MiB            [1m 42.1%[0m
┃ [34m│  [0m   [34m│  [0m[34m┌─ [0m[34m↓ ⏸ stdenv-linux[0m                                
┃ [34m│  [0m   [34m├─ [0m[34m⏸ builder.pl[0m                                       
┃ [34m│  [0m   [34m├─ [0m[1m[33m↓ ⏵ texinfo-7.2[0m[0m ⏱ 2s 256.0KiB/13.7MiB              [1m  1.8%[0m
┃ [34m│  [0m[34m┌─ [0m[34m⏸ user-environment[0m                                    
┃ [34m├─ [0m[34m⏸ etc[0m                                                    
┃ [34m⏸ nixos-system-licht-26.05.20260907.93108a5[0m                 [0m
┣━━━ [1mBuilds          [0m │ [1mDownloads      [0m │ [1mHost                   [0m
┃    [33m   [0m │ [32m   [0m │      │ [33m   [0m │ [32m   [0m │     │ [35m      localhost        [0m
┃    [33m   [0m │ [32m   [0m │      │ [33m↓ [1m3[0m[0m │ [32m↓ [1m6[0m[0m │     │ [35mcache.nixos.org (https)[0m
┗━ ∑ [33m⏵ 0[0m │ [32m✔ 0[0m │ [34m⏸ [1m27[0m[0m │ [33m↓ [1m3[0m[0m │ [32m↓ [1m6[0m[0m │ [34m⏸ [1m1[0m[0m │ [1m⏱ 38s                  [0m[?2026l[?2026h[2K[1F[2K[1F[2K[1F[2K[1F[2K[1F[2K[1F[2K[1F[2K[1F[2K[1F[2K[1F[2K[1F[2K[1F[2K[1F[2K[1F[2K[1F[2K[1F[2K[1F[2K[1F[2K[0m┏━ [1mDependency Graph[0m:
┃ [34m┌─ [0m[34m⏸ activate[0m[90m waiting for [0m[33m3 ↓[0m [34m1 ↓ ⏸[0m                         
┃ [34m│  [0m      [34m┌─ [0m[34m⏸ dummy-xdg-mime-dirs1[0m[90m waiting for [0m[33m2 ↓[0m [34m1 ↓ ⏸[0m    
┃ [34m│  [0m      [34m├─ [0m[34m⏸ dummy-xdg-mime-dirs2[0m[90m waiting for [0m[33m2 ↓[0m [34m1 ↓ ⏸[0m    
┃ [34m│  [0m      [34m├─ [0m[34m⏸ dummy-fc-dir2[0m[90m waiting for [0m[33m2 ↓[0m [34m1 ↓ ⏸[0m           
┃ [34m│  [0m      [34m├─ [0m[34m⏸ dummy-fc-dir1[0m[90m waiting for [0m[33m2 ↓[0m [34m1 ↓ ⏸[0m           
┃ [34m│  [0m   [34m┌─ [0m[34m⏸ home-manager-path[0m                                
┃ [34m│  [0m   [34m│  [0m   [34m┌─ [0m[1m[33m↓ ⏵ gnumake-4.4.1[0m[0m ⏱ 3s 256.0KiB/1.5MiB       [1m 16.3%[0m
┃ [34m│  [0m   [34m│  [0m   [34m├─ [0m[1m[33m↓ ⏵ file-5.47[0m[0m ⏱ 3s 4.8MiB/10.4MiB            [1m 45.7%[0m
┃ [34m│  [0m   [34m│  [0m[34m┌─ [0m[34m↓ ⏸ stdenv-linux[0m                                
┃ [34m│  [0m   [34m├─ [0m[34m⏸ builder.pl[0m                                       
┃ [34m│  [0m   [34m├─ [0m[1m[33m↓ ⏵ texinfo-7.2[0m[0m ⏱ 2s 256.0KiB/13.7MiB              [1m  1.8%[0m
┃ [34m│  [0m[34m┌─ [0m[34m⏸ user-environment[0m                                    
┃ [34m├─ [0m[34m⏸ etc[0m                                                    
┃ [34m⏸ nixos-system-licht-26.05.20260907.93108a5[0m                 [0m
┣━━━ [1mBuilds          [0m │ [1mDownloads      [0m │ [1mHost                   [0m
┃    [33m   [0m │ [32m   [0m │      │ [33m   [0m │ [32m   [0m │     │ [35m      localhost        [0m
┃    [33m   [0m │ [32m   [0m │      │ [33m↓ [1m3[0m[0m │ [32m↓ [1m6[0m[0m │     │ [35mcache.nixos.org (https)[0m
┗━ ∑ [33m⏵ 0[0m │ [32m✔ 0[0m │ [34m⏸ [1m27[0m[0m │ [33m↓ [1m3[0m[0m │ [32m↓ [1m6[0m[0m │ [34m⏸ [1m1[0m[0m │ [1m⏱ 38s                  [0m[?2026l[?2026h[2K[1F[2K[1F[2K[1F[2K[1F[2K[1F[2K[1F[2K[1F[2K[1F[2K[1F[2K[1F[2K[1F[2K[1F[2K[1F[2K[1F[2K[1F[2K[1F[2K[1F[2K[1F[2K[0m┏━ [1mDependency Graph[0m:
┃ [34m┌─ [0m[34m⏸ activate[0m[90m waiting for [0m[33m3 ↓[0m [34m1 ↓ ⏸[0m                         
┃ [34m│  [0m      [34m┌─ [0m[34m⏸ dummy-xdg-mime-dirs1[0m[90m waiting for [0m[33m2 ↓[0m [34m1 ↓ ⏸[0m    
┃ [34m│  [0m      [34m├─ [0m[34m⏸ dummy-xdg-mime-dirs2[0m[90m waiting for [0m[33m2 ↓[0m [34m1 ↓ ⏸[0m    
┃ [34m│  [0m      [34m├─ [0m[34m⏸ dummy-fc-dir2[0m[90m waiting for [0m[33m2 ↓[0m [34m1 ↓ ⏸[0m           
┃ [34m│  [0m      [34m├─ [0m[34m⏸ dummy-fc-dir1[0m[90m waiting for [0m[33m2 ↓[0m [34m1 ↓ ⏸[0m           
┃ [34m│  [0m   [34m┌─ [0m[34m⏸ home-manager-path[0m                                
┃ [34m│  [0m   [34m│  [0m   [34m┌─ [0m[1m[33m↓ ⏵ gnumake-4.4.1[0m[0m ⏱ 3s 256.0KiB/1.5MiB       [1m 16.3%[0m
┃ [34m│  [0m   [34m│  [0m   [34m├─ [0m[1m[33m↓ ⏵ file-5.47[0m[0m ⏱ 3s 4.8MiB/10.4MiB            [1m 45.7%[0m
┃ [34m│  [0m   [34m│  [0m[34m┌─ [0m[34m↓ ⏸ stdenv-linux[0m                                
┃ [34m│  [0m   [34m├─ [0m[34m⏸ builder.pl[0m                                       
┃ [34m│  [0m   [34m├─ [0m[1m[33m↓ ⏵ texinfo-7.2[0m[0m ⏱ 2s 256.0KiB/13.7MiB              [1m  1.8%[0m
┃ [34m│  [0m[34m┌─ [0m[34m⏸ user-environment[0m                                    
┃ [34m├─ [0m[34m⏸ etc[0m                                                    
┃ [34m⏸ nixos-system-licht-26.05.20260907.93108a5[0m                 [0m
┣━━━ [1mBuilds          [0m │ [1mDownloads      [0m │ [1mHost                   [0m
┃    [33m   [0m │ [32m   [0m │      │ [33m   [0m │ [32m   [0m │     │ [35m      localhost        [0m
┃    [33m   [0m │ [32m   [0m │      │ [33m↓ [1m3[0m[0m │ [32m↓ [1m6[0m[0m │     │ [35mcache.nixos.org (https)[0m
┗━ ∑ [33m⏵ 0[0m │ [32m✔ 0[0m │ [34m⏸ [1m27[0m[0m │ [33m↓ [1m3[0m[0m │ [32m↓ [1m6[0m[0m │ [34m⏸ [1m1[0m[0m │ [1m⏱ 38s                  [0m[?2026l[?2026h[2K[1F[2K[1F[2K[1F[2K[1F[2K[1F[2K[1F[2K[1F[2K[1F[2K[1F[2K[1F[2K[1F[2K[1F[2K[1F[2K[1F[2K[1F[2K[1F[2K[1F[2K[1F[2K[0m┏━ [1mDependency Graph[0m:
┃ [34m┌─ [0m[34m⏸ activate[0m[90m waiting for [0m[33m3 ↓[0m [34m1 ↓ ⏸[0m                         
┃ [34m│  [0m      [34m┌─ [0m[34m⏸ dummy-xdg-mime-dirs1[0m[90m waiting for [0m[33m2 ↓[0m [34m1 ↓ ⏸[0m    
┃ [34m│  [0m      [34m├─ [0m[34m⏸ dummy-xdg-mime-dirs2[0m[90m waiting for [0m[33m2 ↓[0m [34m1 ↓ ⏸[0m    
┃ [34m│  [0m      [34m├─ [0m[34m⏸ dummy-fc-dir2[0m[90m waiting for [0m[33m2 ↓[0m [34m1 ↓ ⏸[0m           
┃ [34m│  [0m      [34m├─ [0m[34m⏸ dummy-fc-dir1[0m[90m waiting for [0m[33m2 ↓[0m [34m1 ↓ ⏸[0m           
┃ [34m│  [0m   [34m┌─ [0m[34m⏸ home-manager-path[0m                                
┃ [34m│  [0m   [34m│  [0m   [34m┌─ [0m[1m[33m↓ ⏵ gnumake-4.4.1[0m[0m ⏱ 3s 256.0KiB/1.5MiB       [1m 16.3%[0m
┃ [34m│  [0m   [34m│  [0m   [34m├─ [0m[1m[33m↓ ⏵ file-5.47[0m[0m ⏱ 3s 4.8MiB/10.4MiB            [1m 45.7%[0m
┃ [34m│  [0m   [34m│  [0m[34m┌─ [0m[34m↓ ⏸ stdenv-linux[0m                                
┃ [34m│  [0m   [34m├─ [0m[34m⏸ builder.pl[0m                                       
┃ [34m│  [0m   [34m├─ [0m[1m[33m↓ ⏵ texinfo-7.2[0m[0m ⏱ 3s 256.0KiB/13.7MiB              [1m  1.8%[0m
┃ [34m│  [0m[34m┌─ [0m[34m⏸ user-environment[0m                                    
┃ [34m├─ [0m[34m⏸ etc[0m                                                    
┃ [34m⏸ nixos-system-licht-26.05.20260907.93108a5[0m                 [0m
┣━━━ [1mBuilds          [0m │ [1mDownloads      [0m │ [1mHost                   [0m
┃    [33m   [0m │ [32m   [0m │      │ [33m   [0m │ [32m   [0m │     │ [35m      localhost        [0m
┃    [33m   [0m │ [32m   [0m │      │ [33m↓ [1m3[0m[0m │ [32m↓ [1m6[0m[0m │     │ [35mcache.nixos.org (https)[0m
┗━ ∑ [33m⏵ 0[0m │ [32m✔ 0[0m │ [34m⏸ [1m27[0m[0m │ [33m↓ [1m3[0m[0m │ [32m↓ [1m6[0m[0m │ [34m⏸ [1m1[0m[0m │ [1m⏱ 38s                  [0m[?2026l[?2026h[2K[1F[2K[1F[2K[1F[2K[1F[2K[1F[2K[1F[2K[1F[2K[1F[2K[1F[2K[1F[2K[1F[2K[1F[2K[1F[2K[1F[2K[1F[2K[1F[2K[1F[2K[1F[2K[0m┏━ [1mDependency Graph[0m:
┃ [34m┌─ [0m[34m⏸ activate[0m[90m waiting for [0m[33m3 ↓[0m [34m1 ↓ ⏸[0m                         
┃ [34m│  [0m      [34m┌─ [0m[34m⏸ dummy-xdg-mime-dirs1[0m[90m waiting for [0m[33m2 ↓[0m [34m1 ↓ ⏸[0m    
┃ [34m│  [0m      [34m├─ [0m[34m⏸ dummy-xdg-mime-dirs2[0m[90m waiting for [0m[33m2 ↓[0m [34m1 ↓ ⏸[0m    
┃ [34m│  [0m      [34m├─ [0m[34m⏸ dummy-fc-dir2[0m[90m waiting for [0m[33m2 ↓[0m [34m1 ↓ ⏸[0m           
┃ [34m│  [0m      [34m├─ [0m[34m⏸ dummy-fc-dir1[0m[90m waiting for [0m[33m2 ↓[0m [34m1 ↓ ⏸[0m           
┃ [34m│  [0m   [34m┌─ [0m[34m⏸ home-manager-path[0m                                
┃ [34m│  [0m   [34m│  [0m   [34m┌─ [0m[1m[33m↓ ⏵ gnumake-4.4.1[0m[0m ⏱ 3s 384.0KiB/1.5MiB       [1m 24.5%[0m
┃ [34m│  [0m   [34m│  [0m   [34m├─ [0m[1m[33m↓ ⏵ file-5.47[0m[0m ⏱ 3s 4.8MiB/10.4MiB            [1m 45.7%[0m
┃ [34m│  [0m   [34m│  [0m[34m┌─ [0m[34m↓ ⏸ stdenv-linux[0m                                
┃ [34m│  [0m   [34m├─ [0m[34m⏸ builder.pl[0m                                       
┃ [34m│  [0m   [34m├─ [0m[1m[33m↓ ⏵ texinfo-7.2[0m[0m ⏱ 3s 256.0KiB/13.7MiB              [1m  1.8%[0m
┃ [34m│  [0m[34m┌─ [0m[34m⏸ user-environment[0m                                    
┃ [34m├─ [0m[34m⏸ etc[0m                                                    
┃ [34m⏸ nixos-system-licht-26.05.20260907.93108a5[0m                 [0m
┣━━━ [1mBuilds          [0m │ [1mDownloads      [0m │ [1mHost                   [0m
┃    [33m   [0m │ [32m   [0m │      │ [33m   [0m │ [32m   [0m │     │ [35m      localhost        [0m
┃    [33m   [0m │ [32m   [0m │      │ [33m↓ [1m3[0m[0m │ [32m↓ [1m6[0m[0m │     │ [35mcache.nixos.org (https)[0m
┗━ ∑ [33m⏵ 0[0m │ [32m✔ 0[0m │ [34m⏸ [1m27[0m[0m │ [33m↓ [1m3[0m[0m │ [32m↓ [1m6[0m[0m │ [34m⏸ [1m1[0m[0m │ [1m⏱ 38s                  [0m[?2026l[?2026h[2K[1F[2K[1F[2K[1F[2K[1F[2K[1F[2K[1F[2K[1F[2K[1F[2K[1F[2K[1F[2K[1F[2K[1F[2K[1F[2K[1F[2K[1F[2K[1F[2K[1F[2K[1F[2K[0m┏━ [1mDependency Graph[0m:
┃ [34m┌─ [0m[34m⏸ activate[0m[90m waiting for [0m[33m3 ↓[0m [34m1 ↓ ⏸[0m                         
┃ [34m│  [0m      [34m┌─ [0m[34m⏸ dummy-xdg-mime-dirs1[0m[90m waiting for [0m[33m2 ↓[0m [34m1 ↓ ⏸[0m    
┃ [34m│  [0m      [34m├─ [0m[34m⏸ dummy-xdg-mime-dirs2[0m[90m waiting for [0m[33m2 ↓[0m [34m1 ↓ ⏸[0m    
┃ [34m│  [0m      [34m├─ [0m[34m⏸ dummy-fc-dir2[0m[90m waiting for [0m[33m2 ↓[0m [34m1 ↓ ⏸[0m           
┃ [34m│  [0m      [34m├─ [0m[34m⏸ dummy-fc-dir1[0m[90m waiting for [0m[33m2 ↓[0m [34m1 ↓ ⏸[0m           
┃ [34m│  [0m   [34m┌─ [0m[34m⏸ home-manager-path[0m                                
┃ [34m│  [0m   [34m│  [0m   [34m┌─ [0m[1m[33m↓ ⏵ gnumake-4.4.1[0m[0m ⏱ 3s 384.0KiB/1.5MiB       [1m 24.5%[0m
┃ [34m│  [0m   [34m│  [0m   [34m├─ [0m[1m[33m↓ ⏵ file-5.47[0m[0m ⏱ 3s 5.2MiB/10.4MiB            [1m 50.5%[0m
┃ [34m│  [0m   [34m│  [0m[34m┌─ [0m[34m↓ ⏸ stdenv-linux[0m                                
┃ [34m│  [0m   [34m├─ [0m[34m⏸ builder.pl[0m                                       
┃ [34m│  [0m   [34m├─ [0m[1m[33m↓ ⏵ texinfo-7.2[0m[0m ⏱ 3s 256.0KiB/13.7MiB              [1m  1.8%[0m
┃ [34m│  [0m[34m┌─ [0m[34m⏸ user-environment[0m                                    
┃ [34m├─ [0m[34m⏸ etc[0m                                                    
┃ [34m⏸ nixos-system-licht-26.05.20260907.93108a5[0m                 [0m
┣━━━ [1mBuilds          [0m │ [1mDownloads      [0m │ [1mHost                   [0m
┃    [33m   [0m │ [32m   [0m │      │ [33m   [0m │ [32m   [0m │     │ [35m      localhost        [0m
┃    [33m   [0m │ [32m   [0m │      │ [33m↓ [1m3[0m[0m │ [32m↓ [1m6[0m[0m │     │ [35mcache.nixos.org (https)[0m
┗━ ∑ [33m⏵ 0[0m │ [32m✔ 0[0m │ [34m⏸ [1m27[0m[0m │ [33m↓ [1m3[0m[0m │ [32m↓ [1m6[0m[0m │ [34m⏸ [1m1[0m[0m │ [1m⏱ 38s                  [0m[?2026l[?2026h[2K[1F[2K[1F[2K[1F[2K[1F[2K[1F[2K[1F[2K[1F[2K[1F[2K[1F[2K[1F[2K[1F[2K[1F[2K[1F[2K[1F[2K[1F[2K[1F[2K[1F[2K[1F[2K[0m┏━ [1mDependency Graph[0m:
┃ [34m┌─ [0m[34m⏸ activate[0m[90m waiting for [0m[33m3 ↓[0m [34m1 ↓ ⏸[0m                         
┃ [34m│  [0m      [34m┌─ [0m[34m⏸ dummy-xdg-mime-dirs1[0m[90m waiting for [0m[33m2 ↓[0m [34m1 ↓ ⏸[0m    
┃ [34m│  [0m      [34m├─ [0m[34m⏸ dummy-xdg-mime-dirs2[0m[90m waiting for [0m[33m2 ↓[0m [34m1 ↓ ⏸[0m    
┃ [34m│  [0m      [34m├─ [0m[34m⏸ dummy-fc-dir2[0m[90m waiting for [0m[33m2 ↓[0m [34m1 ↓ ⏸[0m           
┃ [34m│  [0m      [34m├─ [0m[34m⏸ dummy-fc-dir1[0m[90m waiting for [0m[33m2 ↓[0m [34m1 ↓ ⏸[0m           
┃ [34m│  [0m   [34m┌─ [0m[34m⏸ home-manager-path[0m                                
┃ [34m│  [0m   [34m│  [0m   [34m┌─ [0m[1m[33m↓ ⏵ gnumake-4.4.1[0m[0m ⏱ 3s 384.0KiB/1.5MiB       [1m 24.5%[0m
┃ [34m│  [0m   [34m│  [0m   [34m├─ [0m[1m[33m↓ ⏵ file-5.47[0m[0m ⏱ 3s 5.2MiB/10.4MiB            [1m 50.5%[0m
┃ [34m│  [0m   [34m│  [0m[34m┌─ [0m[34m↓ ⏸ stdenv-linux[0m                                
┃ [34m│  [0m   [34m├─ [0m[34m⏸ builder.pl[0m                                       
┃ [34m│  [0m   [34m├─ [0m[1m[33m↓ ⏵ texinfo-7.2[0m[0m ⏱ 3s 256.0KiB/13.7MiB              [1m  1.8%[0m
┃ [34m│  [0m[34m┌─ [0m[34m⏸ user-environment[0m                                    
┃ [34m├─ [0m[34m⏸ etc[0m                                                    
┃ [34m⏸ nixos-system-licht-26.05.20260907.93108a5[0m                 [0m
┣━━━ [1mBuilds          [0m │ [1mDownloads      [0m │ [1mHost                   [0m
┃    [33m   [0m │ [32m   [0m │      │ [33m   [0m │ [32m   [0m │     │ [35m      localhost        [0m
┃    [33m   [0m │ [32m   [0m │      │ [33m↓ [1m3[0m[0m │ [32m↓ [1m6[0m[0m │     │ [35mcache.nixos.org (https)[0m
┗━ ∑ [33m⏵ 0[0m │ [32m✔ 0[0m │ [34m⏸ [1m27[0m[0m │ [33m↓ [1m3[0m[0m │ [32m↓ [1m6[0m[0m │ [34m⏸ [1m1[0m[0m │ [1m⏱ 38s                  [0m[?2026l[?2026h[2K[1F[2K[1F[2K[1F[2K[1F[2K[1F[2K[1F[2K[1F[2K[1F[2K[1F[2K[1F[2K[1F[2K[1F[2K[1F[2K[1F[2K[1F[2K[1F[2K[1F[2K[1F[2K[0m┏━ [1mDependency Graph[0m:
┃ [34m┌─ [0m[34m⏸ activate[0m[90m waiting for [0m[33m3 ↓[0m [34m1 ↓ ⏸[0m                         
┃ [34m│  [0m      [34m┌─ [0m[34m⏸ dummy-xdg-mime-dirs1[0m[90m waiting for [0m[33m2 ↓[0m [34m1 ↓ ⏸[0m    
┃ [34m│  [0m      [34m├─ [0m[34m⏸ dummy-xdg-mime-dirs2[0m[90m waiting for [0m[33m2 ↓[0m [34m1 ↓ ⏸[0m    
┃ [34m│  [0m      [34m├─ [0m[34m⏸ dummy-fc-dir2[0m[90m waiting for [0m[33m2 ↓[0m [34m1 ↓ ⏸[0m           
┃ [34m│  [0m      [34m├─ [0m[34m⏸ dummy-fc-dir1[0m[90m waiting for [0m[33m2 ↓[0m [34m1 ↓ ⏸[0m           
┃ [34m│  [0m   [34m┌─ [0m[34m⏸ home-manager-path[0m                                
┃ [34m│  [0m   [34m│  [0m   [34m┌─ [0m[1m[33m↓ ⏵ gnumake-4.4.1[0m[0m ⏱ 3s 384.0KiB/1.5MiB       [1m 24.5%[0m
┃ [34m│  [0m   [34m│  [0m   [34m├─ [0m[1m[33m↓ ⏵ file-5.47[0m[0m ⏱ 3s 5.2MiB/10.4MiB            [1m 50.5%[0m
┃ [34m│  [0m   [34m│  [0m[34m┌─ [0m[34m↓ ⏸ stdenv-linux[0m                                
┃ [34m│  [0m   [34m├─ [0m[34m⏸ builder.pl[0m                                       
┃ [34m│  [0m   [34m├─ [0m[1m[33m↓ ⏵ texinfo-7.2[0m[0m ⏱ 3s 256.0KiB/13.7MiB              [1m  1.8%[0m
┃ [34m│  [0m[34m┌─ [0m[34m⏸ user-environment[0m                                    
┃ [34m├─ [0m[34m⏸ etc[0m                                                    
┃ [34m⏸ nixos-system-licht-26.05.20260907.93108a5[0m                 [0m
┣━━━ [1mBuilds          [0m │ [1mDownloads      [0m │ [1mHost                   [0m
┃    [33m   [0m │ [32m   [0m │      │ [33m   [0m │ [32m   [0m │     │ [35m      localhost        [0m
┃    [33m   [0m │ [32m   [0m │      │ [33m↓ [1m3[0m[0m │ [32m↓ [1m6[0m[0m │     │ [35mcache.nixos.org (https)[0m
┗━ ∑ [33m⏵ 0[0m │ [32m✔ 0[0m │ [34m⏸ [1m27[0m[0m │ [33m↓ [1m3[0m[0m │ [32m↓ [1m6[0m[0m │ [34m⏸ [1m1[0m[0m │ [1m⏱ 38s                  [0m[?2026l[?2026h[2K[1F[2K[1F[2K[1F[2K[1F[2K[1F[2K[1F[2K[1F[2K[1F[2K[1F[2K[1F[2K[1F[2K[1F[2K[1F[2K[1F[2K[1F[2K[1F[2K[1F[2K[1F[2K[0m┏━ [1mDependency Graph[0m:
┃ [34m┌─ [0m[34m⏸ activate[0m[90m waiting for [0m[33m3 ↓[0m [34m1 ↓ ⏸[0m                         
┃ [34m│  [0m      [34m┌─ [0m[34m⏸ dummy-xdg-mime-dirs1[0m[90m waiting for [0m[33m2 ↓[0m [34m1 ↓ ⏸[0m    
┃ [34m│  [0m      [34m├─ [0m[34m⏸ dummy-xdg-mime-dirs2[0m[90m waiting for [0m[33m2 ↓[0m [34m1 ↓ ⏸[0m    
┃ [34m│  [0m      [34m├─ [0m[34m⏸ dummy-fc-dir2[0m[90m waiting for [0m[33m2 ↓[0m [34m1 ↓ ⏸[0m           
┃ [34m│  [0m      [34m├─ [0m[34m⏸ dummy-fc-dir1[0m[90m waiting for [0m[33m2 ↓[0m [34m1 ↓ ⏸[0m           
┃ [34m│  [0m   [34m┌─ [0m[34m⏸ home-manager-path[0m                                
┃ [34m│  [0m   [34m│  [0m   [34m┌─ [0m[1m[33m↓ ⏵ gnumake-4.4.1[0m[0m ⏱ 3s 384.0KiB/1.5MiB       [1m 24.5%[0m
┃ [34m│  [0m   [34m│  [0m   [34m├─ [0m[1m[33m↓ ⏵ file-5.47[0m[0m ⏱ 3s 5.2MiB/10.4MiB            [1m 50.5%[0m
┃ [34m│  [0m   [34m│  [0m[34m┌─ [0m[34m↓ ⏸ stdenv-linux[0m                                
┃ [34m│  [0m   [34m├─ [0m[34m⏸ builder.pl[0m                                       
┃ [34m│  [0m   [34m├─ [0m[1m[33m↓ ⏵ texinfo-7.2[0m[0m ⏱ 3s 256.0KiB/13.7MiB              [1m  1.8%[0m
┃ [34m│  [0m[34m┌─ [0m[34m⏸ user-environment[0m                                    
┃ [34m├─ [0m[34m⏸ etc[0m                                                    
┃ [34m⏸ nixos-system-licht-26.05.20260907.93108a5[0m                 [0m
┣━━━ [1mBuilds          [0m │ [1mDownloads      [0m │ [1mHost                   [0m
┃    [33m   [0m │ [32m   [0m │      │ [33m   [0m │ [32m   [0m │     │ [35m      localhost        [0m
┃    [33m   [0m │ [32m   [0m │      │ [33m↓ [1m3[0m[0m │ [32m↓ [1m6[0m[0m │     │ [35mcache.nixos.org (https)[0m
┗━ ∑ [33m⏵ 0[0m │ [32m✔ 0[0m │ [34m⏸ [1m27[0m[0m │ [33m↓ [1m3[0m[0m │ [32m↓ [1m6[0m[0m │ [34m⏸ [1m1[0m[0m │ [1m⏱ 38s                  [0m[?2026l[?2026h[2K[1F[2K[1F[2K[1F[2K[1F[2K[1F[2K[1F[2K[1F[2K[1F[2K[1F[2K[1F[2K[1F[2K[1F[2K[1F[2K[1F[2K[1F[2K[1F[2K[1F[2K[1F[2K[0m┏━ [1mDependency Graph[0m:
┃ [34m┌─ [0m[34m⏸ activate[0m[90m waiting for [0m[33m3 ↓[0m [34m1 ↓ ⏸[0m                         
┃ [34m│  [0m      [34m┌─ [0m[34m⏸ dummy-xdg-mime-dirs1[0m[90m waiting for [0m[33m2 ↓[0m [34m1 ↓ ⏸[0m    
┃ [34m│  [0m      [34m├─ [0m[34m⏸ dummy-xdg-mime-dirs2[0m[90m waiting for [0m[33m2 ↓[0m [34m1 ↓ ⏸[0m    
┃ [34m│  [0m      [34m├─ [0m[34m⏸ dummy-fc-dir2[0m[90m waiting for [0m[33m2 ↓[0m [34m1 ↓ ⏸[0m           
┃ [34m│  [0m      [34m├─ [0m[34m⏸ dummy-fc-dir1[0m[90m waiting for [0m[33m2 ↓[0m [34m1 ↓ ⏸[0m           
┃ [34m│  [0m   [34m┌─ [0m[34m⏸ home-manager-path[0m                                
┃ [34m│  [0m   [34m│  [0m   [34m┌─ [0m[1m[33m↓ ⏵ gnumake-4.4.1[0m[0m ⏱ 3s 384.0KiB/1.5MiB       [1m 24.5%[0m
┃ [34m│  [0m   [34m│  [0m   [34m├─ [0m[1m[33m↓ ⏵ file-5.47[0m[0m ⏱ 3s 5.6MiB/10.4MiB            [1m 54.1%[0m
┃ [34m│  [0m   [34m│  [0m[34m┌─ [0m[34m↓ ⏸ stdenv-linux[0m                                
┃ [34m│  [0m   [34m├─ [0m[34m⏸ builder.pl[0m                                       
┃ [34m│  [0m   [34m├─ [0m[1m[33m↓ ⏵ texinfo-7.2[0m[0m ⏱ 3s 256.0KiB/13.7MiB              [1m  1.8%[0m
┃ [34m│  [0m[34m┌─ [0m[34m⏸ user-environment[0m                                    
┃ [34m├─ [0m[34m⏸ etc[0m                                                    
┃ [34m⏸ nixos-system-licht-26.05.20260907.93108a5[0m                 [0m
┣━━━ [1mBuilds          [0m │ [1mDownloads      [0m │ [1mHost                   [0m
┃    [33m   [0m │ [32m   [0m │      │ [33m   [0m │ [32m   [0m │     │ [35m      localhost        [0m
┃    [33m   [0m │ [32m   [0m │      │ [33m↓ [1m3[0m[0m │ [32m↓ [1m6[0m[0m │     │ [35mcache.nixos.org (https)[0m
┗━ ∑ [33m⏵ 0[0m │ [32m✔ 0[0m │ [34m⏸ [1m27[0m[0m │ [33m↓ [1m3[0m[0m │ [32m↓ [1m6[0m[0m │ [34m⏸ [1m1[0m[0m │ [1m⏱ 38s                  [0m[?2026l[?2026h[2K[1F[2K[1F[2K[1F[2K[1F[2K[1F[2K[1F[2K[1F[2K[1F[2K[1F[2K[1F[2K[1F[2K[1F[2K[1F[2K[1F[2K[1F[2K[1F[2K[1F[2K[1F[2K[0m┏━ [1mDependency Graph[0m:
┃ [34m┌─ [0m[34m⏸ activate[0m[90m waiting for [0m[33m3 ↓[0m [34m1 ↓ ⏸[0m                         
┃ [34m│  [0m      [34m┌─ [0m[34m⏸ dummy-xdg-mime-dirs1[0m[90m waiting for [0m[33m2 ↓[0m [34m1 ↓ ⏸[0m    
┃ [34m│  [0m      [34m├─ [0m[34m⏸ dummy-xdg-mime-dirs2[0m[90m waiting for [0m[33m2 ↓[0m [34m1 ↓ ⏸[0m    
┃ [34m│  [0m      [34m├─ [0m[34m⏸ dummy-fc-dir2[0m[90m waiting for [0m[33m2 ↓[0m [34m1 ↓ ⏸[0m           
┃ [34m│  [0m      [34m├─ [0m[34m⏸ dummy-fc-dir1[0m[90m waiting for [0m[33m2 ↓[0m [34m1 ↓ ⏸[0m           
┃ [34m│  [0m   [34m┌─ [0m[34m⏸ home-manager-path[0m                                
┃ [34m│  [0m   [34m│  [0m   [34m┌─ [0m[1m[33m↓ ⏵ gnumake-4.4.1[0m[0m ⏱ 3s 384.0KiB/1.5MiB       [1m 24.5%[0m
┃ [34m│  [0m   [34m│  [0m   [34m├─ [0m[1m[33m↓ ⏵ file-5.47[0m[0m ⏱ 3s 5.6MiB/10.4MiB            [1m 54.1%[0m
┃ [34m│  [0m   [34m│  [0m[34m┌─ [0m[34m↓ ⏸ stdenv-linux[0m                                
┃ [34m│  [0m   [34m├─ [0m[34m⏸ builder.pl[0m                                       
┃ [34m│  [0m   [34m├─ [0m[1m[33m↓ ⏵ texinfo-7.2[0m[0m ⏱ 3s 384.0KiB/13.7MiB              [1m  2.7%[0m
┃ [34m│  [0m[34m┌─ [0m[34m⏸ user-environment[0m                                    
┃ [34m├─ [0m[34m⏸ etc[0m                                                    
┃ [34m⏸ nixos-system-licht-26.05.20260907.93108a5[0m                 [0m
┣━━━ [1mBuilds          [0m │ [1mDownloads      [0m │ [1mHost                   [0m
┃    [33m   [0m │ [32m   [0m │      │ [33m   [0m │ [32m   [0m │     │ [35m      localhost        [0m
┃    [33m   [0m │ [32m   [0m │      │ [33m↓ [1m3[0m[0m │ [32m↓ [1m6[0m[0m │     │ [35mcache.nixos.org (https)[0m
┗━ ∑ [33m⏵ 0[0m │ [32m✔ 0[0m │ [34m⏸ [1m27[0m[0m │ [33m↓ [1m3[0m[0m │ [32m↓ [1m6[0m[0m │ [34m⏸ [1m1[0m[0m │ [1m⏱ 38s                  [0m[?2026l[?2026h[2K[1F[2K[1F[2K[1F[2K[1F[2K[1F[2K[1F[2K[1F[2K[1F[2K[1F[2K[1F[2K[1F[2K[1F[2K[1F[2K[1F[2K[1F[2K[1F[2K[1F[2K[1F[2K[0m┏━ [1mDependency Graph[0m:
┃ [34m┌─ [0m[34m⏸ activate[0m[90m waiting for [0m[33m3 ↓[0m [34m1 ↓ ⏸[0m                         
┃ [34m│  [0m      [34m┌─ [0m[34m⏸ dummy-xdg-mime-dirs1[0m[90m waiting for [0m[33m2 ↓[0m [34m1 ↓ ⏸[0m    
┃ [34m│  [0m      [34m├─ [0m[34m⏸ dummy-xdg-mime-dirs2[0m[90m waiting for [0m[33m2 ↓[0m [34m1 ↓ ⏸[0m    
┃ [34m│  [0m      [34m├─ [0m[34m⏸ dummy-fc-dir2[0m[90m waiting for [0m[33m2 ↓[0m [34m1 ↓ ⏸[0m           
┃ [34m│  [0m      [34m├─ [0m[34m⏸ dummy-fc-dir1[0m[90m waiting for [0m[33m2 ↓[0m [34m1 ↓ ⏸[0m           
┃ [34m│  [0m   [34m┌─ [0m[34m⏸ home-manager-path[0m                                
┃ [34m│  [0m   [34m│  [0m   [34m┌─ [0m[1m[33m↓ ⏵ gnumake-4.4.1[0m[0m ⏱ 3s 384.0KiB/1.5MiB       [1m 24.5%[0m
┃ [34m│  [0m   [34m│  [0m   [34m├─ [0m[1m[33m↓ ⏵ file-5.47[0m[0m ⏱ 4s 5.6MiB/10.4MiB            [1m 54.1%[0m
┃ [34m│  [0m   [34m│  [0m[34m┌─ [0m[34m↓ ⏸ stdenv-linux[0m                                
┃ [34m│  [0m   [34m├─ [0m[34m⏸ builder.pl[0m                                       
┃ [34m│  [0m   [34m├─ [0m[1m[33m↓ ⏵ texinfo-7.2[0m[0m ⏱ 3s 384.0KiB/13.7MiB              [1m  2.7%[0m
┃ [34m│  [0m[34m┌─ [0m[34m⏸ user-environment[0m                                    
┃ [34m├─ [0m[34m⏸ etc[0m                                                    
┃ [34m⏸ nixos-system-licht-26.05.20260907.93108a5[0m                 [0m
┣━━━ [1mBuilds          [0m │ [1mDownloads      [0m │ [1mHost                   [0m
┃    [33m   [0m │ [32m   [0m │      │ [33m   [0m │ [32m   [0m │     │ [35m      localhost        [0m
┃    [33m   [0m │ [32m   [0m │      │ [33m↓ [1m3[0m[0m │ [32m↓ [1m6[0m[0m │     │ [35mcache.nixos.org (https)[0m
┗━ ∑ [33m⏵ 0[0m │ [32m✔ 0[0m │ [34m⏸ [1m27[0m[0m │ [33m↓ [1m3[0m[0m │ [32m↓ [1m6[0m[0m │ [34m⏸ [1m1[0m[0m │ [1m⏱ 38s                  [0m[?2026l[?2026h[2K[1F[2K[1F[2K[1F[2K[1F[2K[1F[2K[1F[2K[1F[2K[1F[2K[1F[2K[1F[2K[1F[2K[1F[2K[1F[2K[1F[2K[1F[2K[1F[2K[1F[2K[1F[2K[0m┏━ [1mDependency Graph[0m:
┃ [34m┌─ [0m[34m⏸ activate[0m[90m waiting for [0m[33m3 ↓[0m [34m1 ↓ ⏸[0m                         
┃ [34m│  [0m      [34m┌─ [0m[34m⏸ dummy-xdg-mime-dirs1[0m[90m waiting for [0m[33m2 ↓[0m [34m1 ↓ ⏸[0m    
┃ [34m│  [0m      [34m├─ [0m[34m⏸ dummy-xdg-mime-dirs2[0m[90m waiting for [0m[33m2 ↓[0m [34m1 ↓ ⏸[0m    
┃ [34m│  [0m      [34m├─ [0m[34m⏸ dummy-fc-dir2[0m[90m waiting for [0m[33m2 ↓[0m [34m1 ↓ ⏸[0m           
┃ [34m│  [0m      [34m├─ [0m[34m⏸ dummy-fc-dir1[0m[90m waiting for [0m[33m2 ↓[0m [34m1 ↓ ⏸[0m           
┃ [34m│  [0m   [34m┌─ [0m[34m⏸ home-manager-path[0m                                
┃ [34m│  [0m   [34m│  [0m   [34m┌─ [0m[1m[33m↓ ⏵ gnumake-4.4.1[0m[0m ⏱ 4s 512.0KiB/1.5MiB       [1m 32.6%[0m
┃ [34m│  [0m   [34m│  [0m   [34m├─ [0m[1m[33m↓ ⏵ file-5.47[0m[0m ⏱ 4s 5.6MiB/10.4MiB            [1m 54.1%[0m
┃ [34m│  [0m   [34m│  [0m[34m┌─ [0m[34m↓ ⏸ stdenv-linux[0m                                
┃ [34m│  [0m   [34m├─ [0m[34m⏸ builder.pl[0m                                       
┃ [34m│  [0m   [34m├─ [0m[1m[33m↓ ⏵ texinfo-7.2[0m[0m ⏱ 3s 384.0KiB/13.7MiB              [1m  2.7%[0m
┃ [34m│  [0m[34m┌─ [0m[34m⏸ user-environment[0m                                    
┃ [34m├─ [0m[34m⏸ etc[0m                                                    
┃ [34m⏸ nixos-system-licht-26.05.20260907.93108a5[0m                 [0m
┣━━━ [1mBuilds          [0m │ [1mDownloads      [0m │ [1mHost                   [0m
┃    [33m   [0m │ [32m   [0m │      │ [33m   [0m │ [32m   [0m │     │ [35m      localhost        [0m
┃    [33m   [0m │ [32m   [0m │      │ [33m↓ [1m3[0m[0m │ [32m↓ [1m6[0m[0m │     │ [35mcache.nixos.org (https)[0m
┗━ ∑ [33m⏵ 0[0m │ [32m✔ 0[0m │ [34m⏸ [1m27[0m[0m │ [33m↓ [1m3[0m[0m │ [32m↓ [1m6[0m[0m │ [34m⏸ [1m1[0m[0m │ [1m⏱ 38s                  [0m[?2026l[?2026h[2K[1F[2K[1F[2K[1F[2K[1F[2K[1F[2K[1F[2K[1F[2K[1F[2K[1F[2K[1F[2K[1F[2K[1F[2K[1F[2K[1F[2K[1F[2K[1F[2K[1F[2K[1F[2K[0m┏━ [1mDependency Graph[0m:
┃ [34m┌─ [0m[34m⏸ activate[0m[90m waiting for [0m[33m3 ↓[0m [34m1 ↓ ⏸[0m                         
┃ [34m│  [0m      [34m┌─ [0m[34m⏸ dummy-xdg-mime-dirs1[0m[90m waiting for [0m[33m2 ↓[0m [34m1 ↓ ⏸[0m    
┃ [34m│  [0m      [34m├─ [0m[34m⏸ dummy-xdg-mime-dirs2[0m[90m waiting for [0m[33m2 ↓[0m [34m1 ↓ ⏸[0m    
┃ [34m│  [0m      [34m├─ [0m[34m⏸ dummy-fc-dir2[0m[90m waiting for [0m[33m2 ↓[0m [34m1 ↓ ⏸[0m           
┃ [34m│  [0m      [34m├─ [0m[34m⏸ dummy-fc-dir1[0m[90m waiting for [0m[33m2 ↓[0m [34m1 ↓ ⏸[0m           
┃ [34m│  [0m   [34m┌─ [0m[34m⏸ home-manager-path[0m                                
┃ [34m│  [0m   [34m│  [0m   [34m┌─ [0m[1m[33m↓ ⏵ gnumake-4.4.1[0m[0m ⏱ 4s 512.0KiB/1.5MiB       [1m 32.6%[0m
┃ [34m│  [0m   [34m│  [0m   [34m├─ [0m[1m[33m↓ ⏵ file-5.47[0m[0m ⏱ 4s 6.0MiB/10.4MiB            [1m 57.7%[0m
┃ [34m│  [0m   [34m│  [0m[34m┌─ [0m[34m↓ ⏸ stdenv-linux[0m                                
┃ [34m│  [0m   [34m├─ [0m[34m⏸ builder.pl[0m                                       
┃ [34m│  [0m   [34m├─ [0m[1m[33m↓ ⏵ texinfo-7.2[0m[0m ⏱ 3s 384.0KiB/13.7MiB              [1m  2.7%[0m
┃ [34m│  [0m[34m┌─ [0m[34m⏸ user-environment[0m                                    
┃ [34m├─ [0m[34m⏸ etc[0m                                                    
┃ [34m⏸ nixos-system-licht-26.05.20260907.93108a5[0m                 [0m
┣━━━ [1mBuilds          [0m │ [1mDownloads      [0m │ [1mHost                   [0m
┃    [33m   [0m │ [32m   [0m │      │ [33m   [0m │ [32m   [0m │     │ [35m      localhost        [0m
┃    [33m   [0m │ [32m   [0m │      │ [33m↓ [1m3[0m[0m │ [32m↓ [1m6[0m[0m │     │ [35mcache.nixos.org (https)[0m
┗━ ∑ [33m⏵ 0[0m │ [32m✔ 0[0m │ [34m⏸ [1m27[0m[0m │ [33m↓ [1m3[0m[0m │ [32m↓ [1m6[0m[0m │ [34m⏸ [1m1[0m[0m │ [1m⏱ 38s                  [0m[?2026l[?2026h[2K[1F[2K[1F[2K[1F[2K[1F[2K[1F[2K[1F[2K[1F[2K[1F[2K[1F[2K[1F[2K[1F[2K[1F[2K[1F[2K[1F[2K[1F[2K[1F[2K[1F[2K[1F[2K[0m┏━ [1mDependency Graph[0m:
┃ [34m┌─ [0m[34m⏸ activate[0m[90m waiting for [0m[33m3 ↓[0m [34m1 ↓ ⏸[0m                         
┃ [34m│  [0m      [34m┌─ [0m[34m⏸ dummy-xdg-mime-dirs1[0m[90m waiting for [0m[33m2 ↓[0m [34m1 ↓ ⏸[0m    
┃ [34m│  [0m      [34m├─ [0m[34m⏸ dummy-xdg-mime-dirs2[0m[90m waiting for [0m[33m2 ↓[0m [34m1 ↓ ⏸[0m    
┃ [34m│  [0m      [34m├─ [0m[34m⏸ dummy-fc-dir2[0m[90m waiting for [0m[33m2 ↓[0m [34m1 ↓ ⏸[0m           
┃ [34m│  [0m      [34m├─ [0m[34m⏸ dummy-fc-dir1[0m[90m waiting for [0m[33m2 ↓[0m [34m1 ↓ ⏸[0m           
┃ [34m│  [0m   [34m┌─ [0m[34m⏸ home-manager-path[0m                                
┃ [34m│  [0m   [34m│  [0m   [34m┌─ [0m[1m[33m↓ ⏵ gnumake-4.4.1[0m[0m ⏱ 4s 512.0KiB/1.5MiB       [1m 32.6%[0m
┃ [34m│  [0m   [34m│  [0m   [34m├─ [0m[1m[33m↓ ⏵ file-5.47[0m[0m ⏱ 4s 6.0MiB/10.4MiB            [1m 57.7%[0m
┃ [34m│  [0m   [34m│  [0m[34m┌─ [0m[34m↓ ⏸ stdenv-linux[0m                                
┃ [34m│  [0m   [34m├─ [0m[34m⏸ builder.pl[0m                                       
┃ [34m│  [0m   [34m├─ [0m[1m[33m↓ ⏵ texinfo-7.2[0m[0m ⏱ 3s 512.0KiB/13.7MiB              [1m  3.7%[0m
┃ [34m│  [0m[34m┌─ [0m[34m⏸ user-environment[0m                                    
┃ [34m├─ [0m[34m⏸ etc[0m                                                    
┃ [34m⏸ nixos-system-licht-26.05.20260907.93108a5[0m                 [0m
┣━━━ [1mBuilds          [0m │ [1mDownloads      [0m │ [1mHost                   [0m
┃    [33m   [0m │ [32m   [0m │      │ [33m   [0m │ [32m   [0m │     │ [35m      localhost        [0m
┃    [33m   [0m │ [32m   [0m │      │ [33m↓ [1m3[0m[0m │ [32m↓ [1m6[0m[0m │     │ [35mcache.nixos.org (https)[0m
┗━ ∑ [33m⏵ 0[0m │ [32m✔ 0[0m │ [34m⏸ [1m27[0m[0m │ [33m↓ [1m3[0m[0m │ [32m↓ [1m6[0m[0m │ [34m⏸ [1m1[0m[0m │ [1m⏱ 38s                  [0m[?2026l[?2026h[2K[1F[2K[1F[2K[1F[2K[1F[2K[1F[2K[1F[2K[1F[2K[1F[2K[1F[2K[1F[2K[1F[2K[1F[2K[1F[2K[1F[2K[1F[2K[1F[2K[1F[2K[1F[2K[0m┏━ [1mDependency Graph[0m:
┃ [34m┌─ [0m[34m⏸ activate[0m[90m waiting for [0m[33m3 ↓[0m [34m1 ↓ ⏸[0m                         
┃ [34m│  [0m      [34m┌─ [0m[34m⏸ dummy-xdg-mime-dirs1[0m[90m waiting for [0m[33m2 ↓[0m [34m1 ↓ ⏸[0m    
┃ [34m│  [0m      [34m├─ [0m[34m⏸ dummy-xdg-mime-dirs2[0m[90m waiting for [0m[33m2 ↓[0m [34m1 ↓ ⏸[0m    
┃ [34m│  [0m      [34m├─ [0m[34m⏸ dummy-fc-dir2[0m[90m waiting for [0m[33m2 ↓[0m [34m1 ↓ ⏸[0m           
┃ [34m│  [0m      [34m├─ [0m[34m⏸ dummy-fc-dir1[0m[90m waiting for [0m[33m2 ↓[0m [34m1 ↓ ⏸[0m           
┃ [34m│  [0m   [34m┌─ [0m[34m⏸ home-manager-path[0m                                
┃ [34m│  [0m   [34m│  [0m   [34m┌─ [0m[1m[33m↓ ⏵ gnumake-4.4.1[0m[0m ⏱ 4s 512.0KiB/1.5MiB       [1m 32.6%[0m
┃ [34m│  [0m   [34m│  [0m   [34m├─ [0m[1m[33m↓ ⏵ file-5.47[0m[0m ⏱ 4s 6.5MiB/10.4MiB            [1m 62.6%[0m
┃ [34m│  [0m   [34m│  [0m[34m┌─ [0m[34m↓ ⏸ stdenv-linux[0m                                
┃ [34m│  [0m   [34m├─ [0m[34m⏸ builder.pl[0m                                       
┃ [34m│  [0m   [34m├─ [0m[1m[33m↓ ⏵ texinfo-7.2[0m[0m ⏱ 3s 512.0KiB/13.7MiB              [1m  3.7%[0m
┃ [34m│  [0m[34m┌─ [0m[34m⏸ user-environment[0m                                    
┃ [34m├─ [0m[34m⏸ etc[0m                                                    
┃ [34m⏸ nixos-system-licht-26.05.20260907.93108a5[0m                 [0m
┣━━━ [1mBuilds          [0m │ [1mDownloads      [0m │ [1mHost                   [0m
┃    [33m   [0m │ [32m   [0m │      │ [33m   [0m │ [32m   [0m │     │ [35m      localhost        [0m
┃    [33m   [0m │ [32m   [0m │      │ [33m↓ [1m3[0m[0m │ [32m↓ [1m6[0m[0m │     │ [35mcache.nixos.org (https)[0m
┗━ ∑ [33m⏵ 0[0m │ [32m✔ 0[0m │ [34m⏸ [1m27[0m[0m │ [33m↓ [1m3[0m[0m │ [32m↓ [1m6[0m[0m │ [34m⏸ [1m1[0m[0m │ [1m⏱ 38s                  [0m[?2026l[?2026h[2K[1F[2K[1F[2K[1F[2K[1F[2K[1F[2K[1F[2K[1F[2K[1F[2K[1F[2K[1F[2K[1F[2K[1F[2K[1F[2K[1F[2K[1F[2K[1F[2K[1F[2K[1F[2K[0m┏━ [1mDependency Graph[0m:
┃ [34m┌─ [0m[34m⏸ activate[0m[90m waiting for [0m[33m3 ↓[0m [34m1 ↓ ⏸[0m                         
┃ [34m│  [0m      [34m┌─ [0m[34m⏸ dummy-xdg-mime-dirs1[0m[90m waiting for [0m[33m2 ↓[0m [34m1 ↓ ⏸[0m    
┃ [34m│  [0m      [34m├─ [0m[34m⏸ dummy-xdg-mime-dirs2[0m[90m waiting for [0m[33m2 ↓[0m [34m1 ↓ ⏸[0m    
┃ [34m│  [0m      [34m├─ [0m[34m⏸ dummy-fc-dir2[0m[90m waiting for [0m[33m2 ↓[0m [34m1 ↓ ⏸[0m           
┃ [34m│  [0m      [34m├─ [0m[34m⏸ dummy-fc-dir1[0m[90m waiting for [0m[33m2 ↓[0m [34m1 ↓ ⏸[0m           
┃ [34m│  [0m   [34m┌─ [0m[34m⏸ home-manager-path[0m                                
┃ [34m│  [0m   [34m│  [0m   [34m┌─ [0m[1m[33m↓ ⏵ gnumake-4.4.1[0m[0m ⏱ 4s 512.0KiB/1.5MiB       [1m 32.6%[0m
┃ [34m│  [0m   [34m│  [0m   [34m├─ [0m[1m[33m↓ ⏵ file-5.47[0m[0m ⏱ 4s 6.5MiB/10.4MiB            [1m 62.6%[0m
┃ [34m│  [0m   [34m│  [0m[34m┌─ [0m[34m↓ ⏸ stdenv-linux[0m                                
┃ [34m│  [0m   [34m├─ [0m[34m⏸ builder.pl[0m                                       
┃ [34m│  [0m   [34m├─ [0m[1m[33m↓ ⏵ texinfo-7.2[0m[0m ⏱ 3s 512.0KiB/13.7MiB              [1m  3.7%[0m
┃ [34m│  [0m[34m┌─ [0m[34m⏸ user-environment[0m                                    
┃ [34m├─ [0m[34m⏸ etc[0m                                                    
┃ [34m⏸ nixos-system-licht-26.05.20260907.93108a5[0m                 [0m
┣━━━ [1mBuilds          [0m │ [1mDownloads      [0m │ [1mHost                   [0m
┃    [33m   [0m │ [32m   [0m │      │ [33m   [0m │ [32m   [0m │     │ [35m      localhost        [0m
┃    [33m   [0m │ [32m   [0m │      │ [33m↓ [1m3[0m[0m │ [32m↓ [1m6[0m[0m │     │ [35mcache.nixos.org (https)[0m
┗━ ∑ [33m⏵ 0[0m │ [32m✔ 0[0m │ [34m⏸ [1m27[0m[0m │ [33m↓ [1m3[0m[0m │ [32m↓ [1m6[0m[0m │ [34m⏸ [1m1[0m[0m │ [1m⏱ 39s                  [0m[?2026l[?2026h[2K[1F[2K[1F[2K[1F[2K[1F[2K[1F[2K[1F[2K[1F[2K[1F[2K[1F[2K[1F[2K[1F[2K[1F[2K[1F[2K[1F[2K[1F[2K[1F[2K[1F[2K[1F[2K[0m┏━ [1mDependency Graph[0m:
┃ [34m┌─ [0m[34m⏸ activate[0m[90m waiting for [0m[33m3 ↓[0m [34m1 ↓ ⏸[0m                         
┃ [34m│  [0m      [34m┌─ [0m[34m⏸ dummy-xdg-mime-dirs1[0m[90m waiting for [0m[33m2 ↓[0m [34m1 ↓ ⏸[0m    
┃ [34m│  [0m      [34m├─ [0m[34m⏸ dummy-xdg-mime-dirs2[0m[90m waiting for [0m[33m2 ↓[0m [34m1 ↓ ⏸[0m    
┃ [34m│  [0m      [34m├─ [0m[34m⏸ dummy-fc-dir2[0m[90m waiting for [0m[33m2 ↓[0m [34m1 ↓ ⏸[0m           
┃ [34m│  [0m      [34m├─ [0m[34m⏸ dummy-fc-dir1[0m[90m waiting for [0m[33m2 ↓[0m [34m1 ↓ ⏸[0m           
┃ [34m│  [0m   [34m┌─ [0m[34m⏸ home-manager-path[0m                                
┃ [34m│  [0m   [34m│  [0m   [34m┌─ [0m[1m[33m↓ ⏵ gnumake-4.4.1[0m[0m ⏱ 4s 512.0KiB/1.5MiB       [1m 32.6%[0m
┃ [34m│  [0m   [34m│  [0m   [34m├─ [0m[1m[33m↓ ⏵ file-5.47[0m[0m ⏱ 4s 6.5MiB/10.4MiB            [1m 62.6%[0m
┃ [34m│  [0m   [34m│  [0m[34m┌─ [0m[34m↓ ⏸ stdenv-linux[0m                                
┃ [34m│  [0m   [34m├─ [0m[34m⏸ builder.pl[0m                                       
┃ [34m│  [0m   [34m├─ [0m[1m[33m↓ ⏵ texinfo-7.2[0m[0m ⏱ 3s 512.0KiB/13.7MiB              [1m  3.7%[0m
┃ [34m│  [0m[34m┌─ [0m[34m⏸ user-environment[0m                                    
┃ [34m├─ [0m[34m⏸ etc[0m                                                    
┃ [34m⏸ nixos-system-licht-26.05.20260907.93108a5[0m                 [0m
┣━━━ [1mBuilds          [0m │ [1mDownloads      [0m │ [1mHost                   [0m
┃    [33m   [0m │ [32m   [0m │      │ [33m   [0m │ [32m   [0m │     │ [35m      localhost        [0m
┃    [33m   [0m │ [32m   [0m │      │ [33m↓ [1m3[0m[0m │ [32m↓ [1m6[0m[0m │     │ [35mcache.nixos.org (https)[0m
┗━ ∑ [33m⏵ 0[0m │ [32m✔ 0[0m │ [34m⏸ [1m27[0m[0m │ [33m↓ [1m3[0m[0m │ [32m↓ [1m6[0m[0m │ [34m⏸ [1m1[0m[0m │ [1m⏱ 39s                  [0m[?2026l[?2026h[2K[1F[2K[1F[2K[1F[2K[1F[2K[1F[2K[1F[2K[1F[2K[1F[2K[1F[2K[1F[2K[1F[2K[1F[2K[1F[2K[1F[2K[1F[2K[1F[2K[1F[2K[1F[2K[0m┏━ [1mDependency Graph[0m:
┃ [34m┌─ [0m[34m⏸ activate[0m[90m waiting for [0m[33m3 ↓[0m [34m1 ↓ ⏸[0m                         
┃ [34m│  [0m      [34m┌─ [0m[34m⏸ dummy-xdg-mime-dirs1[0m[90m waiting for [0m[33m2 ↓[0m [34m1 ↓ ⏸[0m    
┃ [34m│  [0m      [34m├─ [0m[34m⏸ dummy-xdg-mime-dirs2[0m[90m waiting for [0m[33m2 ↓[0m [34m1 ↓ ⏸[0m    
┃ [34m│  [0m      [34m├─ [0m[34m⏸ dummy-fc-dir2[0m[90m waiting for [0m[33m2 ↓[0m [34m1 ↓ ⏸[0m           
┃ [34m│  [0m      [34m├─ [0m[34m⏸ dummy-fc-dir1[0m[90m waiting for [0m[33m2 ↓[0m [34m1 ↓ ⏸[0m           
┃ [34m│  [0m   [34m┌─ [0m[34m⏸ home-manager-path[0m                                
┃ [34m│  [0m   [34m│  [0m   [34m┌─ [0m[1m[33m↓ ⏵ gnumake-4.4.1[0m[0m ⏱ 4s 512.0KiB/1.5MiB       [1m 32.6%[0m
┃ [34m│  [0m   [34m│  [0m   [34m├─ [0m[1m[33m↓ ⏵ file-5.47[0m[0m ⏱ 4s 6.5MiB/10.4MiB            [1m 62.6%[0m
┃ [34m│  [0m   [34m│  [0m[34m┌─ [0m[34m↓ ⏸ stdenv-linux[0m                                
┃ [34m│  [0m   [34m├─ [0m[34m⏸ builder.pl[0m                                       
┃ [34m│  [0m   [34m├─ [0m[1m[33m↓ ⏵ texinfo-7.2[0m[0m ⏱ 4s 512.0KiB/13.7MiB              [1m  3.7%[0m
┃ [34m│  [0m[34m┌─ [0m[34m⏸ user-environment[0m                                    
┃ [34m├─ [0m[34m⏸ etc[0m                                                    
┃ [34m⏸ nixos-system-licht-26.05.20260907.93108a5[0m                 [0m
┣━━━ [1mBuilds          [0m │ [1mDownloads      [0m │ [1mHost                   [0m
┃    [33m   [0m │ [32m   [0m │      │ [33m   [0m │ [32m   [0m │     │ [35m      localhost        [0m
┃    [33m   [0m │ [32m   [0m │      │ [33m↓ [1m3[0m[0m │ [32m↓ [1m6[0m[0m │     │ [35mcache.nixos.org (https)[0m
┗━ ∑ [33m⏵ 0[0m │ [32m✔ 0[0m │ [34m⏸ [1m27[0m[0m │ [33m↓ [1m3[0m[0m │ [32m↓ [1m6[0m[0m │ [34m⏸ [1m1[0m[0m │ [1m⏱ 39s                  [0m[?2026l[?2026h[2K[1F[2K[1F[2K[1F[2K[1F[2K[1F[2K[1F[2K[1F[2K[1F[2K[1F[2K[1F[2K[1F[2K[1F[2K[1F[2K[1F[2K[1F[2K[1F[2K[1F[2K[1F[2K[0m┏━ [1mDependency Graph[0m:
┃ [34m┌─ [0m[34m⏸ activate[0m[90m waiting for [0m[33m3 ↓[0m [34m1 ↓ ⏸[0m                         
┃ [34m│  [0m      [34m┌─ [0m[34m⏸ dummy-xdg-mime-dirs1[0m[90m waiting for [0m[33m2 ↓[0m [34m1 ↓ ⏸[0m    
┃ [34m│  [0m      [34m├─ [0m[34m⏸ dummy-xdg-mime-dirs2[0m[90m waiting for [0m[33m2 ↓[0m [34m1 ↓ ⏸[0m    
┃ [34m│  [0m      [34m├─ [0m[34m⏸ dummy-fc-dir2[0m[90m waiting for [0m[33m2 ↓[0m [34m1 ↓ ⏸[0m           
┃ [34m│  [0m      [34m├─ [0m[34m⏸ dummy-fc-dir1[0m[90m waiting for [0m[33m2 ↓[0m [34m1 ↓ ⏸[0m           
┃ [34m│  [0m   [34m┌─ [0m[34m⏸ home-manager-path[0m                                
┃ [34m│  [0m   [34m│  [0m   [34m┌─ [0m[1m[33m↓ ⏵ gnumake-4.4.1[0m[0m ⏱ 4s 512.0KiB/1.5MiB       [1m 32.6%[0m
┃ [34m│  [0m   [34m│  [0m   [34m├─ [0m[1m[33m↓ ⏵ file-5.47[0m[0m ⏱ 4s 6.5MiB/10.4MiB            [1m 62.6%[0m
┃ [34m│  [0m   [34m│  [0m[34m┌─ [0m[34m↓ ⏸ stdenv-linux[0m                                
┃ [34m│  [0m   [34m├─ [0m[34m⏸ builder.pl[0m                                       
┃ [34m│  [0m   [34m├─ [0m[1m[33m↓ ⏵ texinfo-7.2[0m[0m ⏱ 4s 512.0KiB/13.7MiB              [1m  3.7%[0m
┃ [34m│  [0m[34m┌─ [0m[34m⏸ user-environment[0m                                    
┃ [34m├─ [0m[34m⏸ etc[0m                                                    
┃ [34m⏸ nixos-system-licht-26.05.20260907.93108a5[0m                 [0m
┣━━━ [1mBuilds          [0m │ [1mDownloads      [0m │ [1mHost                   [0m
┃    [33m   [0m │ [32m   [0m │      │ [33m   [0m │ [32m   [0m │     │ [35m      localhost        [0m
┃    [33m   [0m │ [32m   [0m │      │ [33m↓ [1m3[0m[0m │ [32m↓ [1m6[0m[0m │     │ [35mcache.nixos.org (https)[0m
┗━ ∑ [33m⏵ 0[0m │ [32m✔ 0[0m │ [34m⏸ [1m27[0m[0m │ [33m↓ [1m3[0m[0m │ [32m↓ [1m6[0m[0m │ [34m⏸ [1m1[0m[0m │ [1m⏱ 39s                  [0m[?2026l[?2026h[2K[1F[2K[1F[2K[1F[2K[1F[2K[1F[2K[1F[2K[1F[2K[1F[2K[1F[2K[1F[2K[1F[2K[1F[2K[1F[2K[1F[2K[1F[2K[1F[2K[1F[2K[1F[2K[0m┏━ [1mDependency Graph[0m:
┃ [34m┌─ [0m[34m⏸ activate[0m[90m waiting for [0m[33m3 ↓[0m [34m1 ↓ ⏸[0m                         
┃ [34m│  [0m      [34m┌─ [0m[34m⏸ dummy-xdg-mime-dirs1[0m[90m waiting for [0m[33m2 ↓[0m [34m1 ↓ ⏸[0m    
┃ [34m│  [0m      [34m├─ [0m[34m⏸ dummy-xdg-mime-dirs2[0m[90m waiting for [0m[33m2 ↓[0m [34m1 ↓ ⏸[0m    
┃ [34m│  [0m      [34m├─ [0m[34m⏸ dummy-fc-dir2[0m[90m waiting for [0m[33m2 ↓[0m [34m1 ↓ ⏸[0m           
┃ [34m│  [0m      [34m├─ [0m[34m⏸ dummy-fc-dir1[0m[90m waiting for [0m[33m2 ↓[0m [34m1 ↓ ⏸[0m           
┃ [34m│  [0m   [34m┌─ [0m[34m⏸ home-manager-path[0m                                
┃ [34m│  [0m   [34m│  [0m   [34m┌─ [0m[1m[33m↓ ⏵ gnumake-4.4.1[0m[0m ⏱ 4s 512.0KiB/1.5MiB       [1m 32.6%[0m
┃ [34m│  [0m   [34m│  [0m   [34m├─ [0m[1m[33m↓ ⏵ file-5.47[0m[0m ⏱ 4s 7.0MiB/10.4MiB            [1m 67.4%[0m
┃ [34m│  [0m   [34m│  [0m[34m┌─ [0m[34m↓ ⏸ stdenv-linux[0m                                
┃ [34m│  [0m   [34m├─ [0m[34m⏸ builder.pl[0m                                       
┃ [34m│  [0m   [34m├─ [0m[1m[33m↓ ⏵ texinfo-7.2[0m[0m ⏱ 4s 512.0KiB/13.7MiB              [1m  3.7%[0m
┃ [34m│  [0m[34m┌─ [0m[34m⏸ user-environment[0m                                    
┃ [34m├─ [0m[34m⏸ etc[0m                                                    
┃ [34m⏸ nixos-system-licht-26.05.20260907.93108a5[0m                 [0m
┣━━━ [1mBuilds          [0m │ [1mDownloads      [0m │ [1mHost                   [0m
┃    [33m   [0m │ [32m   [0m │      │ [33m   [0m │ [32m   [0m │     │ [35m      localhost        [0m
┃    [33m   [0m │ [32m   [0m │      │ [33m↓ [1m3[0m[0m │ [32m↓ [1m6[0m[0m │     │ [35mcache.nixos.org (https)[0m
┗━ ∑ [33m⏵ 0[0m │ [32m✔ 0[0m │ [34m⏸ [1m27[0m[0m │ [33m↓ [1m3[0m[0m │ [32m↓ [1m6[0m[0m │ [34m⏸ [1m1[0m[0m │ [1m⏱ 39s                  [0m[?2026l[?2026h[2K[1F[2K[1F[2K[1F[2K[1F[2K[1F[2K[1F[2K[1F[2K[1F[2K[1F[2K[1F[2K[1F[2K[1F[2K[1F[2K[1F[2K[1F[2K[1F[2K[1F[2K[1F[2K[0m┏━ [1mDependency Graph[0m:
┃ [34m┌─ [0m[34m⏸ activate[0m[90m waiting for [0m[33m3 ↓[0m [34m1 ↓ ⏸[0m                         
┃ [34m│  [0m      [34m┌─ [0m[34m⏸ dummy-xdg-mime-dirs1[0m[90m waiting for [0m[33m2 ↓[0m [34m1 ↓ ⏸[0m    
┃ [34m│  [0m      [34m├─ [0m[34m⏸ dummy-xdg-mime-dirs2[0m[90m waiting for [0m[33m2 ↓[0m [34m1 ↓ ⏸[0m    
┃ [34m│  [0m      [34m├─ [0m[34m⏸ dummy-fc-dir2[0m[90m waiting for [0m[33m2 ↓[0m [34m1 ↓ ⏸[0m           
┃ [34m│  [0m      [34m├─ [0m[34m⏸ dummy-fc-dir1[0m[90m waiting for [0m[33m2 ↓[0m [34m1 ↓ ⏸[0m           
┃ [34m│  [0m   [34m┌─ [0m[34m⏸ home-manager-path[0m                                
┃ [34m│  [0m   [34m│  [0m   [34m┌─ [0m[1m[33m↓ ⏵ gnumake-4.4.1[0m[0m ⏱ 4s 512.0KiB/1.5MiB       [1m 32.6%[0m
┃ [34m│  [0m   [34m│  [0m   [34m├─ [0m[1m[33m↓ ⏵ file-5.47[0m[0m ⏱ 4s 7.0MiB/10.4MiB            [1m 67.4%[0m
┃ [34m│  [0m   [34m│  [0m[34m┌─ [0m[34m↓ ⏸ stdenv-linux[0m                                
┃ [34m│  [0m   [34m├─ [0m[34m⏸ builder.pl[0m                                       
┃ [34m│  [0m   [34m├─ [0m[1m[33m↓ ⏵ texinfo-7.2[0m[0m ⏱ 4s 512.0KiB/13.7MiB              [1m  3.7%[0m
┃ [34m│  [0m[34m┌─ [0m[34m⏸ user-environment[0m                                    
┃ [34m├─ [0m[34m⏸ etc[0m                                                    
┃ [34m⏸ nixos-system-licht-26.05.20260907.93108a5[0m                 [0m
┣━━━ [1mBuilds          [0m │ [1mDownloads      [0m │ [1mHost                   [0m
┃    [33m   [0m │ [32m   [0m │      │ [33m   [0m │ [32m   [0m │     │ [35m      localhost        [0m
┃    [33m   [0m │ [32m   [0m │      │ [33m↓ [1m3[0m[0m │ [32m↓ [1m6[0m[0m │     │ [35mcache.nixos.org (https)[0m
┗━ ∑ [33m⏵ 0[0m │ [32m✔ 0[0m │ [34m⏸ [1m27[0m[0m │ [33m↓ [1m3[0m[0m │ [32m↓ [1m6[0m[0m │ [34m⏸ [1m1[0m[0m │ [1m⏱ 39s                  [0m[?2026l[?2026h[2K[1F[2K[1F[2K[1F[2K[1F[2K[1F[2K[1F[2K[1F[2K[1F[2K[1F[2K[1F[2K[1F[2K[1F[2K[1F[2K[1F[2K[1F[2K[1F[2K[1F[2K[1F[2K[0m┏━ [1mDependency Graph[0m:
┃ [34m┌─ [0m[34m⏸ activate[0m[90m waiting for [0m[33m3 ↓[0m [34m1 ↓ ⏸[0m                         
┃ [34m│  [0m      [34m┌─ [0m[34m⏸ dummy-xdg-mime-dirs1[0m[90m waiting for [0m[33m2 ↓[0m [34m1 ↓ ⏸[0m    
┃ [34m│  [0m      [34m├─ [0m[34m⏸ dummy-xdg-mime-dirs2[0m[90m waiting for [0m[33m2 ↓[0m [34m1 ↓ ⏸[0m    
┃ [34m│  [0m      [34m├─ [0m[34m⏸ dummy-fc-dir2[0m[90m waiting for [0m[33m2 ↓[0m [34m1 ↓ ⏸[0m           
┃ [34m│  [0m      [34m├─ [0m[34m⏸ dummy-fc-dir1[0m[90m waiting for [0m[33m2 ↓[0m [34m1 ↓ ⏸[0m           
┃ [34m│  [0m   [34m┌─ [0m[34m⏸ home-manager-path[0m                                
┃ [34m│  [0m   [34m│  [0m   [34m┌─ [0m[1m[33m↓ ⏵ gnumake-4.4.1[0m[0m ⏱ 4s 512.0KiB/1.5MiB       [1m 32.6%[0m
┃ [34m│  [0m   [34m│  [0m   [34m├─ [0m[1m[33m↓ ⏵ file-5.47[0m[0m ⏱ 4s 7.0MiB/10.4MiB            [1m 67.4%[0m
┃ [34m│  [0m   [34m│  [0m[34m┌─ [0m[34m↓ ⏸ stdenv-linux[0m                                
┃ [34m│  [0m   [34m├─ [0m[34m⏸ builder.pl[0m                                       
┃ [34m│  [0m   [34m├─ [0m[1m[33m↓ ⏵ texinfo-7.2[0m[0m ⏱ 4s 512.0KiB/13.7MiB              [1m  3.7%[0m
┃ [34m│  [0m[34m┌─ [0m[34m⏸ user-environment[0m                                    
┃ [34m├─ [0m[34m⏸ etc[0m                                                    
┃ [34m⏸ nixos-system-licht-26.05.20260907.93108a5[0m                 [0m
┣━━━ [1mBuilds          [0m │ [1mDownloads      [0m │ [1mHost                   [0m
┃    [33m   [0m │ [32m   [0m │      │ [33m   [0m │ [32m   [0m │     │ [35m      localhost        [0m
┃    [33m   [0m │ [32m   [0m │      │ [33m↓ [1m3[0m[0m │ [32m↓ [1m6[0m[0m │     │ [35mcache.nixos.org (https)[0m
┗━ ∑ [33m⏵ 0[0m │ [32m✔ 0[0m │ [34m⏸ [1m27[0m[0m │ [33m↓ [1m3[0m[0m │ [32m↓ [1m6[0m[0m │ [34m⏸ [1m1[0m[0m │ [1m⏱ 39s                  [0m[?2026l[?2026h[2K[1F[2K[1F[2K[1F[2K[1F[2K[1F[2K[1F[2K[1F[2K[1F[2K[1F[2K[1F[2K[1F[2K[1F[2K[1F[2K[1F[2K[1F[2K[1F[2K[1F[2K[1F[2K[0m┏━ [1mDependency Graph[0m:
┃ [34m┌─ [0m[34m⏸ activate[0m[90m waiting for [0m[33m3 ↓[0m [34m1 ↓ ⏸[0m                         
┃ [34m│  [0m      [34m┌─ [0m[34m⏸ dummy-xdg-mime-dirs1[0m[90m waiting for [0m[33m2 ↓[0m [34m1 ↓ ⏸[0m    
┃ [34m│  [0m      [34m├─ [0m[34m⏸ dummy-xdg-mime-dirs2[0m[90m waiting for [0m[33m2 ↓[0m [34m1 ↓ ⏸[0m    
┃ [34m│  [0m      [34m├─ [0m[34m⏸ dummy-fc-dir2[0m[90m waiting for [0m[33m2 ↓[0m [34m1 ↓ ⏸[0m           
┃ [34m│  [0m      [34m├─ [0m[34m⏸ dummy-fc-dir1[0m[90m waiting for [0m[33m2 ↓[0m [34m1 ↓ ⏸[0m           
┃ [34m│  [0m   [34m┌─ [0m[34m⏸ home-manager-path[0m                                
┃ [34m│  [0m   [34m│  [0m   [34m┌─ [0m[1m[33m↓ ⏵ gnumake-4.4.1[0m[0m ⏱ 4s 512.0KiB/1.5MiB       [1m 32.6%[0m
┃ [34m│  [0m   [34m│  [0m   [34m├─ [0m[1m[33m↓ ⏵ file-5.47[0m[0m ⏱ 4s 7.0MiB/10.4MiB            [1m 67.4%[0m
┃ [34m│  [0m   [34m│  [0m[34m┌─ [0m[34m↓ ⏸ stdenv-linux[0m                                
┃ [34m│  [0m   [34m├─ [0m[34m⏸ builder.pl[0m                                       
┃ [34m│  [0m   [34m├─ [0m[1m[33m↓ ⏵ texinfo-7.2[0m[0m ⏱ 4s 512.0KiB/13.7MiB              [1m  3.7%[0m
┃ [34m│  [0m[34m┌─ [0m[34m⏸ user-environment[0m                                    
┃ [34m├─ [0m[34m⏸ etc[0m                                                    
┃ [34m⏸ nixos-system-licht-26.05.20260907.93108a5[0m                 [0m
┣━━━ [1mBuilds          [0m │ [1mDownloads      [0m │ [1mHost                   [0m
┃    [33m   [0m │ [32m   [0m │      │ [33m   [0m │ [32m   [0m │     │ [35m      localhost        [0m
┃    [33m   [0m │ [32m   [0m │      │ [33m↓ [1m3[0m[0m │ [32m↓ [1m6[0m[0m │     │ [35mcache.nixos.org (https)[0m
┗━ ∑ [33m⏵ 0[0m │ [32m✔ 0[0m │ [34m⏸ [1m27[0m[0m │ [33m↓ [1m3[0m[0m │ [32m↓ [1m6[0m[0m │ [34m⏸ [1m1[0m[0m │ [1m⏱ 39s                  [0m[?2026l[?2026h[2K[1F[2K[1F[2K[1F[2K[1F[2K[1F[2K[1F[2K[1F[2K[1F[2K[1F[2K[1F[2K[1F[2K[1F[2K[1F[2K[1F[2K[1F[2K[1F[2K[1F[2K[1F[2K[0m┏━ [1mDependency Graph[0m:
┃ [34m┌─ [0m[34m⏸ activate[0m[90m waiting for [0m[33m3 ↓[0m [34m1 ↓ ⏸[0m                         
┃ [34m│  [0m      [34m┌─ [0m[34m⏸ dummy-xdg-mime-dirs1[0m[90m waiting for [0m[33m2 ↓[0m [34m1 ↓ ⏸[0m    
┃ [34m│  [0m      [34m├─ [0m[34m⏸ dummy-xdg-mime-dirs2[0m[90m waiting for [0m[33m2 ↓[0m [34m1 ↓ ⏸[0m    
┃ [34m│  [0m      [34m├─ [0m[34m⏸ dummy-fc-dir2[0m[90m waiting for [0m[33m2 ↓[0m [34m1 ↓ ⏸[0m           
┃ [34m│  [0m      [34m├─ [0m[34m⏸ dummy-fc-dir1[0m[90m waiting for [0m[33m2 ↓[0m [34m1 ↓ ⏸[0m           
┃ [34m│  [0m   [34m┌─ [0m[34m⏸ home-manager-path[0m                                
┃ [34m│  [0m   [34m│  [0m   [34m┌─ [0m[1m[33m↓ ⏵ gnumake-4.4.1[0m[0m ⏱ 4s 512.0KiB/1.5MiB       [1m 32.6%[0m
┃ [34m│  [0m   [34m│  [0m   [34m├─ [0m[1m[33m↓ ⏵ file-5.47[0m[0m ⏱ 4s 7.0MiB/10.4MiB            [1m 67.4%[0m
┃ [34m│  [0m   [34m│  [0m[34m┌─ [0m[34m↓ ⏸ stdenv-linux[0m                                
┃ [34m│  [0m   [34m├─ [0m[34m⏸ builder.pl[0m                                       
┃ [34m│  [0m   [34m├─ [0m[1m[33m↓ ⏵ texinfo-7.2[0m[0m ⏱ 4s 512.0KiB/13.7MiB              [1m  3.7%[0m
┃ [34m│  [0m[34m┌─ [0m[34m⏸ user-environment[0m                                    
┃ [34m├─ [0m[34m⏸ etc[0m                                                    
┃ [34m⏸ nixos-system-licht-26.05.20260907.93108a5[0m                 [0m
┣━━━ [1mBuilds          [0m │ [1mDownloads      [0m │ [1mHost                   [0m
┃    [33m   [0m │ [32m   [0m │      │ [33m   [0m │ [32m   [0m │     │ [35m      localhost        [0m
┃    [33m   [0m │ [32m   [0m │      │ [33m↓ [1m3[0m[0m │ [32m↓ [1m6[0m[0m │     │ [35mcache.nixos.org (https)[0m
┗━ ∑ [33m⏵ 0[0m │ [32m✔ 0[0m │ [34m⏸ [1m27[0m[0m │ [33m↓ [1m3[0m[0m │ [32m↓ [1m6[0m[0m │ [34m⏸ [1m1[0m[0m │ [1m⏱ 39s                  [0m[?2026l[?2026h[2K[1F[2K[1F[2K[1F[2K[1F[2K[1F[2K[1F[2K[1F[2K[1F[2K[1F[2K[1F[2K[1F[2K[1F[2K[1F[2K[1F[2K[1F[2K[1F[2K[1F[2K[1F[2K[0m┏━ [1mDependency Graph[0m:
┃ [34m┌─ [0m[34m⏸ activate[0m[90m waiting for [0m[33m3 ↓[0m [34m1 ↓ ⏸[0m                         
┃ [34m│  [0m      [34m┌─ [0m[34m⏸ dummy-xdg-mime-dirs1[0m[90m waiting for [0m[33m2 ↓[0m [34m1 ↓ ⏸[0m    
┃ [34m│  [0m      [34m├─ [0m[34m⏸ dummy-xdg-mime-dirs2[0m[90m waiting for [0m[33m2 ↓[0m [34m1 ↓ ⏸[0m    
┃ [34m│  [0m      [34m├─ [0m[34m⏸ dummy-fc-dir2[0m[90m waiting for [0m[33m2 ↓[0m [34m1 ↓ ⏸[0m           
┃ [34m│  [0m      [34m├─ [0m[34m⏸ dummy-fc-dir1[0m[90m waiting for [0m[33m2 ↓[0m [34m1 ↓ ⏸[0m           
┃ [34m│  [0m   [34m┌─ [0m[34m⏸ home-manager-path[0m                                
┃ [34m│  [0m   [34m│  [0m   [34m┌─ [0m[1m[33m↓ ⏵ gnumake-4.4.1[0m[0m ⏱ 4s 640.0KiB/1.5MiB       [1m 40.8%[0m
┃ [34m│  [0m   [34m│  [0m   [34m├─ [0m[1m[33m↓ ⏵ file-5.47[0m[0m ⏱ 5s 7.0MiB/10.4MiB            [1m 67.4%[0m
┃ [34m│  [0m   [34m│  [0m[34m┌─ [0m[34m↓ ⏸ stdenv-linux[0m                                
┃ [34m│  [0m   [34m├─ [0m[34m⏸ builder.pl[0m                                       
┃ [34m│  [0m   [34m├─ [0m[1m[33m↓ ⏵ texinfo-7.2[0m[0m ⏱ 4s 512.0KiB/13.7MiB              [1m  3.7%[0m
┃ [34m│  [0m[34m┌─ [0m[34m⏸ user-environment[0m                                    
┃ [34m├─ [0m[34m⏸ etc[0m                                                    
┃ [34m⏸ nixos-system-licht-26.05.20260907.93108a5[0m                 [0m
┣━━━ [1mBuilds          [0m │ [1mDownloads      [0m │ [1mHost                   [0m
┃    [33m   [0m │ [32m   [0m │      │ [33m   [0m │ [32m   [0m │     │ [35m      localhost        [0m
┃    [33m   [0m │ [32m   [0m │      │ [33m↓ [1m3[0m[0m │ [32m↓ [1m6[0m[0m │     │ [35mcache.nixos.org (https)[0m
┗━ ∑ [33m⏵ 0[0m │ [32m✔ 0[0m │ [34m⏸ [1m27[0m[0m │ [33m↓ [1m3[0m[0m │ [32m↓ [1m6[0m[0m │ [34m⏸ [1m1[0m[0m │ [1m⏱ 39s                  [0m[?2026l[?2026h[2K[1F[2K[1F[2K[1F[2K[1F[2K[1F[2K[1F[2K[1F[2K[1F[2K[1F[2K[1F[2K[1F[2K[1F[2K[1F[2K[1F[2K[1F[2K[1F[2K[1F[2K[1F[2K[0m┏━ [1mDependency Graph[0m:
┃ [34m┌─ [0m[34m⏸ activate[0m[90m waiting for [0m[33m3 ↓[0m [34m1 ↓ ⏸[0m                         
┃ [34m│  [0m      [34m┌─ [0m[34m⏸ dummy-xdg-mime-dirs1[0m[90m waiting for [0m[33m2 ↓[0m [34m1 ↓ ⏸[0m    
┃ [34m│  [0m      [34m├─ [0m[34m⏸ dummy-xdg-mime-dirs2[0m[90m waiting for [0m[33m2 ↓[0m [34m1 ↓ ⏸[0m    
┃ [34m│  [0m      [34m├─ [0m[34m⏸ dummy-fc-dir2[0m[90m waiting for [0m[33m2 ↓[0m [34m1 ↓ ⏸[0m           
┃ [34m│  [0m      [34m├─ [0m[34m⏸ dummy-fc-dir1[0m[90m waiting for [0m[33m2 ↓[0m [34m1 ↓ ⏸[0m           
┃ [34m│  [0m   [34m┌─ [0m[34m⏸ home-manager-path[0m                                
┃ [34m│  [0m   [34m│  [0m   [34m┌─ [0m[1m[33m↓ ⏵ gnumake-4.4.1[0m[0m ⏱ 5s 640.0KiB/1.5MiB       [1m 40.8%[0m
┃ [34m│  [0m   [34m│  [0m   [34m├─ [0m[1m[33m↓ ⏵ file-5.47[0m[0m ⏱ 5s 7.5MiB/10.4MiB            [1m 72.2%[0m
┃ [34m│  [0m   [34m│  [0m[34m┌─ [0m[34m↓ ⏸ stdenv-linux[0m                                
┃ [34m│  [0m   [34m├─ [0m[34m⏸ builder.pl[0m                                       
┃ [34m│  [0m   [34m├─ [0m[1m[33m↓ ⏵ texinfo-7.2[0m[0m ⏱ 4s 512.0KiB/13.7MiB              [1m  3.7%[0m
┃ [34m│  [0m[34m┌─ [0m[34m⏸ user-environment[0m                                    
┃ [34m├─ [0m[34m⏸ etc[0m                                                    
┃ [34m⏸ nixos-system-licht-26.05.20260907.93108a5[0m                 [0m
┣━━━ [1mBuilds          [0m │ [1mDownloads      [0m │ [1mHost                   [0m
┃    [33m   [0m │ [32m   [0m │      │ [33m   [0m │ [32m   [0m │     │ [35m      localhost        [0m
┃    [33m   [0m │ [32m   [0m │      │ [33m↓ [1m3[0m[0m │ [32m↓ [1m6[0m[0m │     │ [35mcache.nixos.org (https)[0m
┗━ ∑ [33m⏵ 0[0m │ [32m✔ 0[0m │ [34m⏸ [1m27[0m[0m │ [33m↓ [1m3[0m[0m │ [32m↓ [1m6[0m[0m │ [34m⏸ [1m1[0m[0m │ [1m⏱ 39s                  [0m[?2026l[?2026h[2K[1F[2K[1F[2K[1F[2K[1F[2K[1F[2K[1F[2K[1F[2K[1F[2K[1F[2K[1F[2K[1F[2K[1F[2K[1F[2K[1F[2K[1F[2K[1F[2K[1F[2K[1F[2K[0m┏━ [1mDependency Graph[0m:
┃ [34m┌─ [0m[34m⏸ activate[0m[90m waiting for [0m[33m3 ↓[0m [34m1 ↓ ⏸[0m                         
┃ [34m│  [0m      [34m┌─ [0m[34m⏸ dummy-xdg-mime-dirs1[0m[90m waiting for [0m[33m2 ↓[0m [34m1 ↓ ⏸[0m    
┃ [34m│  [0m      [34m├─ [0m[34m⏸ dummy-xdg-mime-dirs2[0m[90m waiting for [0m[33m2 ↓[0m [34m1 ↓ ⏸[0m    
┃ [34m│  [0m      [34m├─ [0m[34m⏸ dummy-fc-dir2[0m[90m waiting for [0m[33m2 ↓[0m [34m1 ↓ ⏸[0m           
┃ [34m│  [0m      [34m├─ [0m[34m⏸ dummy-fc-dir1[0m[90m waiting for [0m[33m2 ↓[0m [34m1 ↓ ⏸[0m           
┃ [34m│  [0m   [34m┌─ [0m[34m⏸ home-manager-path[0m                                
┃ [34m│  [0m   [34m│  [0m   [34m┌─ [0m[1m[33m↓ ⏵ gnumake-4.4.1[0m[0m ⏱ 5s 768.0KiB/1.5MiB       [1m 48.9%[0m
┃ [34m│  [0m   [34m│  [0m   [34m├─ [0m[1m[33m↓ ⏵ file-5.47[0m[0m ⏱ 5s 7.5MiB/10.4MiB            [1m 72.2%[0m
┃ [34m│  [0m   [34m│  [0m[34m┌─ [0m[34m↓ ⏸ stdenv-linux[0m                                
┃ [34m│  [0m   [34m├─ [0m[34m⏸ builder.pl[0m                                       
┃ [34m│  [0m   [34m├─ [0m[1m[33m↓ ⏵ texinfo-7.2[0m[0m ⏱ 4s 640.0KiB/13.7MiB              [1m  4.6%[0m
┃ [34m│  [0m[34m┌─ [0m[34m⏸ user-environment[0m                                    
┃ [34m├─ [0m[34m⏸ etc[0m                                                    
┃ [34m⏸ nixos-system-licht-26.05.20260907.93108a5[0m                 [0m
┣━━━ [1mBuilds          [0m │ [1mDownloads      [0m │ [1mHost                   [0m
┃    [33m   [0m │ [32m   [0m │      │ [33m   [0m │ [32m   [0m │     │ [35m      localhost        [0m
┃    [33m   [0m │ [32m   [0m │      │ [33m↓ [1m3[0m[0m │ [32m↓ [1m6[0m[0m │     │ [35mcache.nixos.org (https)[0m
┗━ ∑ [33m⏵ 0[0m │ [32m✔ 0[0m │ [34m⏸ [1m27[0m[0m │ [33m↓ [1m3[0m[0m │ [32m↓ [1m6[0m[0m │ [34m⏸ [1m1[0m[0m │ [1m⏱ 40s                  [0m[?2026l[?2026h[2K[1F[2K[1F[2K[1F[2K[1F[2K[1F[2K[1F[2K[1F[2K[1F[2K[1F[2K[1F[2K[1F[2K[1F[2K[1F[2K[1F[2K[1F[2K[1F[2K[1F[2K[1F[2K[0m┏━ [1mDependency Graph[0m:
┃ [34m┌─ [0m[34m⏸ activate[0m[90m waiting for [0m[33m3 ↓[0m [34m1 ↓ ⏸[0m                         
┃ [34m│  [0m      [34m┌─ [0m[34m⏸ dummy-xdg-mime-dirs1[0m[90m waiting for [0m[33m2 ↓[0m [34m1 ↓ ⏸[0m    
┃ [34m│  [0m      [34m├─ [0m[34m⏸ dummy-xdg-mime-dirs2[0m[90m waiting for [0m[33m2 ↓[0m [34m1 ↓ ⏸[0m    
┃ [34m│  [0m      [34m├─ [0m[34m⏸ dummy-fc-dir2[0m[90m waiting for [0m[33m2 ↓[0m [34m1 ↓ ⏸[0m           
┃ [34m│  [0m      [34m├─ [0m[34m⏸ dummy-fc-dir1[0m[90m waiting for [0m[33m2 ↓[0m [34m1 ↓ ⏸[0m           
┃ [34m│  [0m   [34m┌─ [0m[34m⏸ home-manager-path[0m                                
┃ [34m│  [0m   [34m│  [0m   [34m┌─ [0m[1m[33m↓ ⏵ gnumake-4.4.1[0m[0m ⏱ 5s 768.0KiB/1.5MiB       [1m 48.9%[0m
┃ [34m│  [0m   [34m│  [0m   [34m├─ [0m[1m[33m↓ ⏵ file-5.47[0m[0m ⏱ 5s 8.0MiB/10.4MiB            [1m 77.0%[0m
┃ [34m│  [0m   [34m│  [0m[34m┌─ [0m[34m↓ ⏸ stdenv-linux[0m                                
┃ [34m│  [0m   [34m├─ [0m[34m⏸ builder.pl[0m                                       
┃ [34m│  [0m   [34m├─ [0m[1m[33m↓ ⏵ texinfo-7.2[0m[0m ⏱ 4s 640.0KiB/13.7MiB              [1m  4.6%[0m
┃ [34m│  [0m[34m┌─ [0m[34m⏸ user-environment[0m                                    
┃ [34m├─ [0m[34m⏸ etc[0m                                                    
┃ [34m⏸ nixos-system-licht-26.05.20260907.93108a5[0m                 [0m
┣━━━ [1mBuilds          [0m │ [1mDownloads      [0m │ [1mHost                   [0m
┃    [33m   [0m │ [32m   [0m │      │ [33m   [0m │ [32m   [0m │     │ [35m      localhost        [0m
┃    [33m   [0m │ [32m   [0m │      │ [33m↓ [1m3[0m[0m │ [32m↓ [1m6[0m[0m │     │ [35mcache.nixos.org (https)[0m
┗━ ∑ [33m⏵ 0[0m │ [32m✔ 0[0m │ [34m⏸ [1m27[0m[0m │ [33m↓ [1m3[0m[0m │ [32m↓ [1m6[0m[0m │ [34m⏸ [1m1[0m[0m │ [1m⏱ 40s                  [0m[?2026l[?2026h[2K[1F[2K[1F[2K[1F[2K[1F[2K[1F[2K[1F[2K[1F[2K[1F[2K[1F[2K[1F[2K[1F[2K[1F[2K[1F[2K[1F[2K[1F[2K[1F[2K[1F[2K[1F[2K[0m┏━ [1mDependency Graph[0m:
┃ [34m┌─ [0m[34m⏸ activate[0m[90m waiting for [0m[33m3 ↓[0m [34m1 ↓ ⏸[0m                         
┃ [34m│  [0m      [34m┌─ [0m[34m⏸ dummy-xdg-mime-dirs1[0m[90m waiting for [0m[33m2 ↓[0m [34m1 ↓ ⏸[0m    
┃ [34m│  [0m      [34m├─ [0m[34m⏸ dummy-xdg-mime-dirs2[0m[90m waiting for [0m[33m2 ↓[0m [34m1 ↓ ⏸[0m    
┃ [34m│  [0m      [34m├─ [0m[34m⏸ dummy-fc-dir2[0m[90m waiting for [0m[33m2 ↓[0m [34m1 ↓ ⏸[0m           
┃ [34m│  [0m      [34m├─ [0m[34m⏸ dummy-fc-dir1[0m[90m waiting for [0m[33m2 ↓[0m [34m1 ↓ ⏸[0m           
┃ [34m│  [0m   [34m┌─ [0m[34m⏸ home-manager-path[0m                                
┃ [34m│  [0m   [34m│  [0m   [34m┌─ [0m[1m[33m↓ ⏵ gnumake-4.4.1[0m[0m ⏱ 5s 768.0KiB/1.5MiB       [1m 48.9%[0m
┃ [34m│  [0m   [34m│  [0m   [34m├─ [0m[1m[33m↓ ⏵ file-5.47[0m[0m ⏱ 5s 8.0MiB/10.4MiB            [1m 77.0%[0m
┃ [34m│  [0m   [34m│  [0m[34m┌─ [0m[34m↓ ⏸ stdenv-linux[0m                                
┃ [34m│  [0m   [34m├─ [0m[34m⏸ builder.pl[0m                                       
┃ [34m│  [0m   [34m├─ [0m[1m[33m↓ ⏵ texinfo-7.2[0m[0m ⏱ 5s 640.0KiB/13.7MiB              [1m  4.6%[0m
┃ [34m│  [0m[34m┌─ [0m[34m⏸ user-environment[0m                                    
┃ [34m├─ [0m[34m⏸ etc[0m                                                    
┃ [34m⏸ nixos-system-licht-26.05.20260907.93108a5[0m                 [0m
┣━━━ [1mBuilds          [0m │ [1mDownloads      [0m │ [1mHost                   [0m
┃    [33m   [0m │ [32m   [0m │      │ [33m   [0m │ [32m   [0m │     │ [35m      localhost        [0m
┃    [33m   [0m │ [32m   [0m │      │ [33m↓ [1m3[0m[0m │ [32m↓ [1m6[0m[0m │     │ [35mcache.nixos.org (https)[0m
┗━ ∑ [33m⏵ 0[0m │ [32m✔ 0[0m │ [34m⏸ [1m27[0m[0m │ [33m↓ [1m3[0m[0m │ [32m↓ [1m6[0m[0m │ [34m⏸ [1m1[0m[0m │ [1m⏱ 40s                  [0m[?2026l[?2026h[2K[1F[2K[1F[2K[1F[2K[1F[2K[1F[2K[1F[2K[1F[2K[1F[2K[1F[2K[1F[2K[1F[2K[1F[2K[1F[2K[1F[2K[1F[2K[1F[2K[1F[2K[1F[2K[0m┏━ [1mDependency Graph[0m:
┃ [34m┌─ [0m[34m⏸ activate[0m[90m waiting for [0m[33m3 ↓[0m [34m1 ↓ ⏸[0m                         
┃ [34m│  [0m      [34m┌─ [0m[34m⏸ dummy-xdg-mime-dirs1[0m[90m waiting for [0m[33m2 ↓[0m [34m1 ↓ ⏸[0m    
┃ [34m│  [0m      [34m├─ [0m[34m⏸ dummy-xdg-mime-dirs2[0m[90m waiting for [0m[33m2 ↓[0m [34m1 ↓ ⏸[0m    
┃ [34m│  [0m      [34m├─ [0m[34m⏸ dummy-fc-dir2[0m[90m waiting for [0m[33m2 ↓[0m [34m1 ↓ ⏸[0m           
┃ [34m│  [0m      [34m├─ [0m[34m⏸ dummy-fc-dir1[0m[90m waiting for [0m[33m2 ↓[0m [34m1 ↓ ⏸[0m           
┃ [34m│  [0m   [34m┌─ [0m[34m⏸ home-manager-path[0m                                
┃ [34m│  [0m   [34m│  [0m   [34m┌─ [0m[1m[33m↓ ⏵ gnumake-4.4.1[0m[0m ⏱ 5s 768.0KiB/1.5MiB       [1m 48.9%[0m
┃ [34m│  [0m   [34m│  [0m   [34m├─ [0m[1m[33m↓ ⏵ file-5.47[0m[0m ⏱ 5s 8.0MiB/10.4MiB            [1m 77.0%[0m
┃ [34m│  [0m   [34m│  [0m[34m┌─ [0m[34m↓ ⏸ stdenv-linux[0m                                
┃ [34m│  [0m   [34m├─ [0m[34m⏸ builder.pl[0m                                       
┃ [34m│  [0m   [34m├─ [0m[1m[33m↓ ⏵ texinfo-7.2[0m[0m ⏱ 5s 640.0KiB/13.7MiB              [1m  4.6%[0m
┃ [34m│  [0m[34m┌─ [0m[34m⏸ user-environment[0m                                    
┃ [34m├─ [0m[34m⏸ etc[0m                                                    
┃ [34m⏸ nixos-system-licht-26.05.20260907.93108a5[0m                 [0m
┣━━━ [1mBuilds          [0m │ [1mDownloads      [0m │ [1mHost                   [0m
┃    [33m   [0m │ [32m   [0m │      │ [33m   [0m │ [32m   [0m │     │ [35m      localhost        [0m
┃    [33m   [0m │ [32m   [0m │      │ [33m↓ [1m3[0m[0m │ [32m↓ [1m6[0m[0m │     │ [35mcache.nixos.org (https)[0m
┗━ ∑ [33m⏵ 0[0m │ [32m✔ 0[0m │ [34m⏸ [1m27[0m[0m │ [33m↓ [1m3[0m[0m │ [32m↓ [1m6[0m[0m │ [34m⏸ [1m1[0m[0m │ [1m⏱ 40s                  [0m[?2026l[?2026h[2K[1F[2K[1F[2K[1F[2K[1F[2K[1F[2K[1F[2K[1F[2K[1F[2K[1F[2K[1F[2K[1F[2K[1F[2K[1F[2K[1F[2K[1F[2K[1F[2K[1F[2K[1F[2K[0m┏━ [1mDependency Graph[0m:
┃ [34m┌─ [0m[34m⏸ activate[0m[90m waiting for [0m[33m3 ↓[0m [34m1 ↓ ⏸[0m                         
┃ [34m│  [0m      [34m┌─ [0m[34m⏸ dummy-xdg-mime-dirs1[0m[90m waiting for [0m[33m2 ↓[0m [34m1 ↓ ⏸[0m    
┃ [34m│  [0m      [34m├─ [0m[34m⏸ dummy-xdg-mime-dirs2[0m[90m waiting for [0m[33m2 ↓[0m [34m1 ↓ ⏸[0m    
┃ [34m│  [0m      [34m├─ [0m[34m⏸ dummy-fc-dir2[0m[90m waiting for [0m[33m2 ↓[0m [34m1 ↓ ⏸[0m           
┃ [34m│  [0m      [34m├─ [0m[34m⏸ dummy-fc-dir1[0m[90m waiting for [0m[33m2 ↓[0m [34m1 ↓ ⏸[0m           
┃ [34m│  [0m   [34m┌─ [0m[34m⏸ home-manager-path[0m                                
┃ [34m│  [0m   [34m│  [0m   [34m┌─ [0m[1m[33m↓ ⏵ gnumake-4.4.1[0m[0m ⏱ 5s 768.0KiB/1.5MiB       [1m 48.9%[0m
┃ [34m│  [0m   [34m│  [0m   [34m├─ [0m[1m[33m↓ ⏵ file-5.47[0m[0m ⏱ 5s 8.4MiB/10.4MiB            [1m 80.6%[0m
┃ [34m│  [0m   [34m│  [0m[34m┌─ [0m[34m↓ ⏸ stdenv-linux[0m                                
┃ [34m│  [0m   [34m├─ [0m[34m⏸ builder.pl[0m                                       
┃ [34m│  [0m   [34m├─ [0m[1m[33m↓ ⏵ texinfo-7.2[0m[0m ⏱ 5s 640.0KiB/13.7MiB              [1m  4.6%[0m
┃ [34m│  [0m[34m┌─ [0m[34m⏸ user-environment[0m                                    
┃ [34m├─ [0m[34m⏸ etc[0m                                                    
┃ [34m⏸ nixos-system-licht-26.05.20260907.93108a5[0m                 [0m
┣━━━ [1mBuilds          [0m │ [1mDownloads      [0m │ [1mHost                   [0m
┃    [33m   [0m │ [32m   [0m │      │ [33m   [0m │ [32m   [0m │     │ [35m      localhost        [0m
┃    [33m   [0m │ [32m   [0m │      │ [33m↓ [1m3[0m[0m │ [32m↓ [1m6[0m[0m │     │ [35mcache.nixos.org (https)[0m
┗━ ∑ [33m⏵ 0[0m │ [32m✔ 0[0m │ [34m⏸ [1m27[0m[0m │ [33m↓ [1m3[0m[0m │ [32m↓ [1m6[0m[0m │ [34m⏸ [1m1[0m[0m │ [1m⏱ 40s                  [0m[?2026l[?2026h[2K[1F[2K[1F[2K[1F[2K[1F[2K[1F[2K[1F[2K[1F[2K[1F[2K[1F[2K[1F[2K[1F[2K[1F[2K[1F[2K[1F[2K[1F[2K[1F[2K[1F[2K[1F[2K[0m┏━ [1mDependency Graph[0m:
┃ [34m┌─ [0m[34m⏸ activate[0m[90m waiting for [0m[33m3 ↓[0m [34m1 ↓ ⏸[0m                         
┃ [34m│  [0m      [34m┌─ [0m[34m⏸ dummy-xdg-mime-dirs1[0m[90m waiting for [0m[33m2 ↓[0m [34m1 ↓ ⏸[0m    
┃ [34m│  [0m      [34m├─ [0m[34m⏸ dummy-xdg-mime-dirs2[0m[90m waiting for [0m[33m2 ↓[0m [34m1 ↓ ⏸[0m    
┃ [34m│  [0m      [34m├─ [0m[34m⏸ dummy-fc-dir2[0m[90m waiting for [0m[33m2 ↓[0m [34m1 ↓ ⏸[0m           
┃ [34m│  [0m      [34m├─ [0m[34m⏸ dummy-fc-dir1[0m[90m waiting for [0m[33m2 ↓[0m [34m1 ↓ ⏸[0m           
┃ [34m│  [0m   [34m┌─ [0m[34m⏸ home-manager-path[0m                                
┃ [34m│  [0m   [34m│  [0m   [34m┌─ [0m[1m[33m↓ ⏵ gnumake-4.4.1[0m[0m ⏱ 5s 768.0KiB/1.5MiB       [1m 48.9%[0m
┃ [34m│  [0m   [34m│  [0m   [34m├─ [0m[1m[33m↓ ⏵ file-5.47[0m[0m ⏱ 5s 8.4MiB/10.4MiB            [1m 80.6%[0m
┃ [34m│  [0m   [34m│  [0m[34m┌─ [0m[34m↓ ⏸ stdenv-linux[0m                                
┃ [34m│  [0m   [34m├─ [0m[34m⏸ builder.pl[0m                                       
┃ [34m│  [0m   [34m├─ [0m[1m[33m↓ ⏵ texinfo-7.2[0m[0m ⏱ 5s 640.0KiB/13.7MiB              [1m  4.6%[0m
┃ [34m│  [0m[34m┌─ [0m[34m⏸ user-environment[0m                                    
┃ [34m├─ [0m[34m⏸ etc[0m                                                    
┃ [34m⏸ nixos-system-licht-26.05.20260907.93108a5[0m                 [0m
┣━━━ [1mBuilds          [0m │ [1mDownloads      [0m │ [1mHost                   [0m
┃    [33m   [0m │ [32m   [0m │      │ [33m   [0m │ [32m   [0m │     │ [35m      localhost        [0m
┃    [33m   [0m │ [32m   [0m │      │ [33m↓ [1m3[0m[0m │ [32m↓ [1m6[0m[0m │     │ [35mcache.nixos.org (https)[0m
┗━ ∑ [33m⏵ 0[0m │ [32m✔ 0[0m │ [34m⏸ [1m27[0m[0m │ [33m↓ [1m3[0m[0m │ [32m↓ [1m6[0m[0m │ [34m⏸ [1m1[0m[0m │ [1m⏱ 40s                  [0m[?2026l[?2026h[2K[1F[2K[1F[2K[1F[2K[1F[2K[1F[2K[1F[2K[1F[2K[1F[2K[1F[2K[1F[2K[1F[2K[1F[2K[1F[2K[1F[2K[1F[2K[1F[2K[1F[2K[1F[2K[0m┏━ [1mDependency Graph[0m:
┃ [34m┌─ [0m[34m⏸ activate[0m[90m waiting for [0m[33m3 ↓[0m [34m1 ↓ ⏸[0m                         
┃ [34m│  [0m      [34m┌─ [0m[34m⏸ dummy-xdg-mime-dirs1[0m[90m waiting for [0m[33m2 ↓[0m [34m1 ↓ ⏸[0m    
┃ [34m│  [0m      [34m├─ [0m[34m⏸ dummy-xdg-mime-dirs2[0m[90m waiting for [0m[33m2 ↓[0m [34m1 ↓ ⏸[0m    
┃ [34m│  [0m      [34m├─ [0m[34m⏸ dummy-fc-dir2[0m[90m waiting for [0m[33m2 ↓[0m [34m1 ↓ ⏸[0m           
┃ [34m│  [0m      [34m├─ [0m[34m⏸ dummy-fc-dir1[0m[90m waiting for [0m[33m2 ↓[0m [34m1 ↓ ⏸[0m           
┃ [34m│  [0m   [34m┌─ [0m[34m⏸ home-manager-path[0m                                
┃ [34m│  [0m   [34m│  [0m   [34m┌─ [0m[1m[33m↓ ⏵ gnumake-4.4.1[0m[0m ⏱ 5s 768.0KiB/1.5MiB       [1m 48.9%[0m
┃ [34m│  [0m   [34m│  [0m   [34m├─ [0m[1m[33m↓ ⏵ file-5.47[0m[0m ⏱ 5s 8.4MiB/10.4MiB            [1m 80.6%[0m
┃ [34m│  [0m   [34m│  [0m[34m┌─ [0m[34m↓ ⏸ stdenv-linux[0m                                
┃ [34m│  [0m   [34m├─ [0m[34m⏸ builder.pl[0m                                       
┃ [34m│  [0m   [34m├─ [0m[1m[33m↓ ⏵ texinfo-7.2[0m[0m ⏱ 5s 640.0KiB/13.7MiB              [1m  4.6%[0m
┃ [34m│  [0m[34m┌─ [0m[34m⏸ user-environment[0m                                    
┃ [34m├─ [0m[34m⏸ etc[0m                                                    
┃ [34m⏸ nixos-system-licht-26.05.20260907.93108a5[0m                 [0m
┣━━━ [1mBuilds          [0m │ [1mDownloads      [0m │ [1mHost                   [0m
┃    [33m   [0m │ [32m   [0m │      │ [33m   [0m │ [32m   [0m │     │ [35m      localhost        [0m
┃    [33m   [0m │ [32m   [0m │      │ [33m↓ [1m3[0m[0m │ [32m↓ [1m6[0m[0m │     │ [35mcache.nixos.org (https)[0m
┗━ ∑ [33m⏵ 0[0m │ [32m✔ 0[0m │ [34m⏸ [1m27[0m[0m │ [33m↓ [1m3[0m[0m │ [32m↓ [1m6[0m[0m │ [34m⏸ [1m1[0m[0m │ [1m⏱ 40s                  [0m[?2026l[?2026h[2K[1F[2K[1F[2K[1F[2K[1F[2K[1F[2K[1F[2K[1F[2K[1F[2K[1F[2K[1F[2K[1F[2K[1F[2K[1F[2K[1F[2K[1F[2K[1F[2K[1F[2K[1F[2K[0m┏━ [1mDependency Graph[0m:
┃ [34m┌─ [0m[34m⏸ activate[0m[90m waiting for [0m[33m3 ↓[0m [34m1 ↓ ⏸[0m                         
┃ [34m│  [0m      [34m┌─ [0m[34m⏸ dummy-xdg-mime-dirs1[0m[90m waiting for [0m[33m2 ↓[0m [34m1 ↓ ⏸[0m    
┃ [34m│  [0m      [34m├─ [0m[34m⏸ dummy-xdg-mime-dirs2[0m[90m waiting for [0m[33m2 ↓[0m [34m1 ↓ ⏸[0m    
┃ [34m│  [0m      [34m├─ [0m[34m⏸ dummy-fc-dir2[0m[90m waiting for [0m[33m2 ↓[0m [34m1 ↓ ⏸[0m           
┃ [34m│  [0m      [34m├─ [0m[34m⏸ dummy-fc-dir1[0m[90m waiting for [0m[33m2 ↓[0m [34m1 ↓ ⏸[0m           
┃ [34m│  [0m   [34m┌─ [0m[34m⏸ home-manager-path[0m                                
┃ [34m│  [0m   [34m│  [0m   [34m┌─ [0m[1m[33m↓ ⏵ gnumake-4.4.1[0m[0m ⏱ 5s 896.0KiB/1.5MiB       [1m 57.1%[0m
┃ [34m│  [0m   [34m│  [0m   [34m├─ [0m[1m[33m↓ ⏵ file-5.47[0m[0m ⏱ 5s 8.4MiB/10.4MiB            [1m 80.6%[0m
┃ [34m│  [0m   [34m│  [0m[34m┌─ [0m[34m↓ ⏸ stdenv-linux[0m                                
┃ [34m│  [0m   [34m├─ [0m[34m⏸ builder.pl[0m                                       
┃ [34m│  [0m   [34m├─ [0m[1m[33m↓ ⏵ texinfo-7.2[0m[0m ⏱ 5s 640.0KiB/13.7MiB              [1m  4.6%[0m
┃ [34m│  [0m[34m┌─ [0m[34m⏸ user-environment[0m                                    
┃ [34m├─ [0m[34m⏸ etc[0m                                                    
┃ [34m⏸ nixos-system-licht-26.05.20260907.93108a5[0m                 [0m
┣━━━ [1mBuilds          [0m │ [1mDownloads      [0m │ [1mHost                   [0m
┃    [33m   [0m │ [32m   [0m │      │ [33m   [0m │ [32m   [0m │     │ [35m      localhost        [0m
┃    [33m   [0m │ [32m   [0m │      │ [33m↓ [1m3[0m[0m │ [32m↓ [1m6[0m[0m │     │ [35mcache.nixos.org (https)[0m
┗━ ∑ [33m⏵ 0[0m │ [32m✔ 0[0m │ [34m⏸ [1m27[0m[0m │ [33m↓ [1m3[0m[0m │ [32m↓ [1m6[0m[0m │ [34m⏸ [1m1[0m[0m │ [1m⏱ 40s                  [0m[?2026l[?2026h[2K[1F[2K[1F[2K[1F[2K[1F[2K[1F[2K[1F[2K[1F[2K[1F[2K[1F[2K[1F[2K[1F[2K[1F[2K[1F[2K[1F[2K[1F[2K[1F[2K[1F[2K[1F[2K[0m┏━ [1mDependency Graph[0m:
┃ [34m┌─ [0m[34m⏸ activate[0m[90m waiting for [0m[33m3 ↓[0m [34m1 ↓ ⏸[0m                         
┃ [34m│  [0m      [34m┌─ [0m[34m⏸ dummy-xdg-mime-dirs1[0m[90m waiting for [0m[33m2 ↓[0m [34m1 ↓ ⏸[0m    
┃ [34m│  [0m      [34m├─ [0m[34m⏸ dummy-xdg-mime-dirs2[0m[90m waiting for [0m[33m2 ↓[0m [34m1 ↓ ⏸[0m    
┃ [34m│  [0m      [34m├─ [0m[34m⏸ dummy-fc-dir2[0m[90m waiting for [0m[33m2 ↓[0m [34m1 ↓ ⏸[0m           
┃ [34m│  [0m      [34m├─ [0m[34m⏸ dummy-fc-dir1[0m[90m waiting for [0m[33m2 ↓[0m [34m1 ↓ ⏸[0m           
┃ [34m│  [0m   [34m┌─ [0m[34m⏸ home-manager-path[0m                                
┃ [34m│  [0m   [34m│  [0m   [34m┌─ [0m[1m[33m↓ ⏵ gnumake-4.4.1[0m[0m ⏱ 5s 896.0KiB/1.5MiB       [1m 57.1%[0m
┃ [34m│  [0m   [34m│  [0m   [34m├─ [0m[1m[33m↓ ⏵ file-5.47[0m[0m ⏱ 5s 8.6MiB/10.4MiB            [1m 82.8%[0m
┃ [34m│  [0m   [34m│  [0m[34m┌─ [0m[34m↓ ⏸ stdenv-linux[0m                                
┃ [34m│  [0m   [34m├─ [0m[34m⏸ builder.pl[0m                                       
┃ [34m│  [0m   [34m├─ [0m[1m[33m↓ ⏵ texinfo-7.2[0m[0m ⏱ 5s 640.0KiB/13.7MiB              [1m  4.6%[0m
┃ [34m│  [0m[34m┌─ [0m[34m⏸ user-environment[0m                                    
┃ [34m├─ [0m[34m⏸ etc[0m                                                    
┃ [34m⏸ nixos-system-licht-26.05.20260907.93108a5[0m                 [0m
┣━━━ [1mBuilds          [0m │ [1mDownloads      [0m │ [1mHost                   [0m
┃    [33m   [0m │ [32m   [0m │      │ [33m   [0m │ [32m   [0m │     │ [35m      localhost        [0m
┃    [33m   [0m │ [32m   [0m │      │ [33m↓ [1m3[0m[0m │ [32m↓ [1m6[0m[0m │     │ [35mcache.nixos.org (https)[0m
┗━ ∑ [33m⏵ 0[0m │ [32m✔ 0[0m │ [34m⏸ [1m27[0m[0m │ [33m↓ [1m3[0m[0m │ [32m↓ [1m6[0m[0m │ [34m⏸ [1m1[0m[0m │ [1m⏱ 40s                  [0m[?2026l[?2026h[2K[1F[2K[1F[2K[1F[2K[1F[2K[1F[2K[1F[2K[1F[2K[1F[2K[1F[2K[1F[2K[1F[2K[1F[2K[1F[2K[1F[2K[1F[2K[1F[2K[1F[2K[1F[2K[0m┏━ [1mDependency Graph[0m:
┃ [34m┌─ [0m[34m⏸ activate[0m[90m waiting for [0m[33m3 ↓[0m [34m1 ↓ ⏸[0m                         
┃ [34m│  [0m      [34m┌─ [0m[34m⏸ dummy-xdg-mime-dirs1[0m[90m waiting for [0m[33m2 ↓[0m [34m1 ↓ ⏸[0m    
┃ [34m│  [0m      [34m├─ [0m[34m⏸ dummy-xdg-mime-dirs2[0m[90m waiting for [0m[33m2 ↓[0m [34m1 ↓ ⏸[0m    
┃ [34m│  [0m      [34m├─ [0m[34m⏸ dummy-fc-dir2[0m[90m waiting for [0m[33m2 ↓[0m [34m1 ↓ ⏸[0m           
┃ [34m│  [0m      [34m├─ [0m[34m⏸ dummy-fc-dir1[0m[90m waiting for [0m[33m2 ↓[0m [34m1 ↓ ⏸[0m           
┃ [34m│  [0m   [34m┌─ [0m[34m⏸ home-manager-path[0m                                
┃ [34m│  [0m   [34m│  [0m   [34m┌─ [0m[1m[33m↓ ⏵ gnumake-4.4.1[0m[0m ⏱ 5s 896.0KiB/1.5MiB       [1m 57.1%[0m
┃ [34m│  [0m   [34m│  [0m   [34m├─ [0m[1m[33m↓ ⏵ file-5.47[0m[0m ⏱ 5s 8.9MiB/10.4MiB            [1m 85.4%[0m
┃ [34m│  [0m   [34m│  [0m[34m┌─ [0m[34m↓ ⏸ stdenv-linux[0m                                
┃ [34m│  [0m   [34m├─ [0m[34m⏸ builder.pl[0m                                       
┃ [34m│  [0m   [34m├─ [0m[1m[33m↓ ⏵ texinfo-7.2[0m[0m ⏱ 5s 640.0KiB/13.7MiB              [1m  4.6%[0m
┃ [34m│  [0m[34m┌─ [0m[34m⏸ user-environment[0m                                    
┃ [34m├─ [0m[34m⏸ etc[0m                                                    
┃ [34m⏸ nixos-system-licht-26.05.20260907.93108a5[0m                 [0m
┣━━━ [1mBuilds          [0m │ [1mDownloads      [0m │ [1mHost                   [0m
┃    [33m   [0m │ [32m   [0m │      │ [33m   [0m │ [32m   [0m │     │ [35m      localhost        [0m
┃    [33m   [0m │ [32m   [0m │      │ [33m↓ [1m3[0m[0m │ [32m↓ [1m6[0m[0m │     │ [35mcache.nixos.org (https)[0m
┗━ ∑ [33m⏵ 0[0m │ [32m✔ 0[0m │ [34m⏸ [1m27[0m[0m │ [33m↓ [1m3[0m[0m │ [32m↓ [1m6[0m[0m │ [34m⏸ [1m1[0m[0m │ [1m⏱ 40s                  [0m[?2026l[?2026h[2K[1F[2K[1F[2K[1F[2K[1F[2K[1F[2K[1F[2K[1F[2K[1F[2K[1F[2K[1F[2K[1F[2K[1F[2K[1F[2K[1F[2K[1F[2K[1F[2K[1F[2K[1F[2K[0m┏━ [1mDependency Graph[0m:
┃ [34m┌─ [0m[34m⏸ activate[0m[90m waiting for [0m[33m3 ↓[0m [34m1 ↓ ⏸[0m                         
┃ [34m│  [0m      [34m┌─ [0m[34m⏸ dummy-xdg-mime-dirs1[0m[90m waiting for [0m[33m2 ↓[0m [34m1 ↓ ⏸[0m    
┃ [34m│  [0m      [34m├─ [0m[34m⏸ dummy-xdg-mime-dirs2[0m[90m waiting for [0m[33m2 ↓[0m [34m1 ↓ ⏸[0m    
┃ [34m│  [0m      [34m├─ [0m[34m⏸ dummy-fc-dir2[0m[90m waiting for [0m[33m2 ↓[0m [34m1 ↓ ⏸[0m           
┃ [34m│  [0m      [34m├─ [0m[34m⏸ dummy-fc-dir1[0m[90m waiting for [0m[33m2 ↓[0m [34m1 ↓ ⏸[0m           
┃ [34m│  [0m   [34m┌─ [0m[34m⏸ home-manager-path[0m                                
┃ [34m│  [0m   [34m│  [0m   [34m┌─ [0m[1m[33m↓ ⏵ gnumake-4.4.1[0m[0m ⏱ 5s 896.0KiB/1.5MiB       [1m 57.1%[0m
┃ [34m│  [0m   [34m│  [0m   [34m├─ [0m[1m[33m↓ ⏵ file-5.47[0m[0m ⏱ 6s 8.9MiB/10.4MiB            [1m 85.4%[0m
┃ [34m│  [0m   [34m│  [0m[34m┌─ [0m[34m↓ ⏸ stdenv-linux[0m                                
┃ [34m│  [0m   [34m├─ [0m[34m⏸ builder.pl[0m                                       
┃ [34m│  [0m   [34m├─ [0m[1m[33m↓ ⏵ texinfo-7.2[0m[0m ⏱ 5s 768.0KiB/13.7MiB              [1m  5.5%[0m
┃ [34m│  [0m[34m┌─ [0m[34m⏸ user-environment[0m                                    
┃ [34m├─ [0m[34m⏸ etc[0m                                                    
┃ [34m⏸ nixos-system-licht-26.05.20260907.93108a5[0m                 [0m
┣━━━ [1mBuilds          [0m │ [1mDownloads      [0m │ [1mHost                   [0m
┃    [33m   [0m │ [32m   [0m │      │ [33m   [0m │ [32m   [0m │     │ [35m      localhost        [0m
┃    [33m   [0m │ [32m   [0m │      │ [33m↓ [1m3[0m[0m │ [32m↓ [1m6[0m[0m │     │ [35mcache.nixos.org (https)[0m
┗━ ∑ [33m⏵ 0[0m │ [32m✔ 0[0m │ [34m⏸ [1m27[0m[0m │ [33m↓ [1m3[0m[0m │ [32m↓ [1m6[0m[0m │ [34m⏸ [1m1[0m[0m │ [1m⏱ 40s                  [0m[?2026l[?2026h[2K[1F[2K[1F[2K[1F[2K[1F[2K[1F[2K[1F[2K[1F[2K[1F[2K[1F[2K[1F[2K[1F[2K[1F[2K[1F[2K[1F[2K[1F[2K[1F[2K[1F[2K[1F[2K[0m┏━ [1mDependency Graph[0m:
┃ [34m┌─ [0m[34m⏸ activate[0m[90m waiting for [0m[33m3 ↓[0m [34m1 ↓ ⏸[0m                         
┃ [34m│  [0m      [34m┌─ [0m[34m⏸ dummy-xdg-mime-dirs1[0m[90m waiting for [0m[33m2 ↓[0m [34m1 ↓ ⏸[0m    
┃ [34m│  [0m      [34m├─ [0m[34m⏸ dummy-xdg-mime-dirs2[0m[90m waiting for [0m[33m2 ↓[0m [34m1 ↓ ⏸[0m    
┃ [34m│  [0m      [34m├─ [0m[34m⏸ dummy-fc-dir2[0m[90m waiting for [0m[33m2 ↓[0m [34m1 ↓ ⏸[0m           
┃ [34m│  [0m      [34m├─ [0m[34m⏸ dummy-fc-dir1[0m[90m waiting for [0m[33m2 ↓[0m [34m1 ↓ ⏸[0m           
┃ [34m│  [0m   [34m┌─ [0m[34m⏸ home-manager-path[0m                                
┃ [34m│  [0m   [34m│  [0m   [34m┌─ [0m[1m[33m↓ ⏵ gnumake-4.4.1[0m[0m ⏱ 5s 1.0MiB/1.5MiB         [1m 65.2%[0m
┃ [34m│  [0m   [34m│  [0m   [34m├─ [0m[1m[33m↓ ⏵ file-5.47[0m[0m ⏱ 6s 8.9MiB/10.4MiB            [1m 85.4%[0m
┃ [34m│  [0m   [34m│  [0m[34m┌─ [0m[34m↓ ⏸ stdenv-linux[0m                                
┃ [34m│  [0m   [34m├─ [0m[34m⏸ builder.pl[0m                                       
┃ [34m│  [0m   [34m├─ [0m[1m[33m↓ ⏵ texinfo-7.2[0m[0m ⏱ 5s 768.0KiB/13.7MiB              [1m  5.5%[0m
┃ [34m│  [0m[34m┌─ [0m[34m⏸ user-environment[0m                                    
┃ [34m├─ [0m[34m⏸ etc[0m                                                    
┃ [34m⏸ nixos-system-licht-26.05.20260907.93108a5[0m                 [0m
┣━━━ [1mBuilds          [0m │ [1mDownloads      [0m │ [1mHost                   [0m
┃    [33m   [0m │ [32m   [0m │      │ [33m   [0m │ [32m   [0m │     │ [35m      localhost        [0m
┃    [33m   [0m │ [32m   [0m │      │ [33m↓ [1m3[0m[0m │ [32m↓ [1m6[0m[0m │     │ [35mcache.nixos.org (https)[0m
┗━ ∑ [33m⏵ 0[0m │ [32m✔ 0[0m │ [34m⏸ [1m27[0m[0m │ [33m↓ [1m3[0m[0m │ [32m↓ [1m6[0m[0m │ [34m⏸ [1m1[0m[0m │ [1m⏱ 40s                  [0m[?2026l[?2026h[2K[1F[2K[1F[2K[1F[2K[1F[2K[1F[2K[1F[2K[1F[2K[1F[2K[1F[2K[1F[2K[1F[2K[1F[2K[1F[2K[1F[2K[1F[2K[1F[2K[1F[2K[1F[2K[0m┏━ [1mDependency Graph[0m:
┃ [34m┌─ [0m[34m⏸ activate[0m[90m waiting for [0m[33m3 ↓[0m [34m1 ↓ ⏸[0m                         
┃ [34m│  [0m      [34m┌─ [0m[34m⏸ dummy-xdg-mime-dirs1[0m[90m waiting for [0m[33m2 ↓[0m [34m1 ↓ ⏸[0m    
┃ [34m│  [0m      [34m├─ [0m[34m⏸ dummy-xdg-mime-dirs2[0m[90m waiting for [0m[33m2 ↓[0m [34m1 ↓ ⏸[0m    
┃ [34m│  [0m      [34m├─ [0m[34m⏸ dummy-fc-dir2[0m[90m waiting for [0m[33m2 ↓[0m [34m1 ↓ ⏸[0m           
┃ [34m│  [0m      [34m├─ [0m[34m⏸ dummy-fc-dir1[0m[90m waiting for [0m[33m2 ↓[0m [34m1 ↓ ⏸[0m           
┃ [34m│  [0m   [34m┌─ [0m[34m⏸ home-manager-path[0m                                
┃ [34m│  [0m   [34m│  [0m   [34m┌─ [0m[1m[33m↓ ⏵ gnumake-4.4.1[0m[0m ⏱ 6s 1.0MiB/1.5MiB         [1m 65.2%[0m
┃ [34m│  [0m   [34m│  [0m   [34m├─ [0m[1m[33m↓ ⏵ file-5.47[0m[0m ⏱ 6s 9.2MiB/10.4MiB            [1m 89.0%[0m
┃ [34m│  [0m   [34m│  [0m[34m┌─ [0m[34m↓ ⏸ stdenv-linux[0m                                
┃ [34m│  [0m   [34m├─ [0m[34m⏸ builder.pl[0m                                       
┃ [34m│  [0m   [34m├─ [0m[1m[33m↓ ⏵ texinfo-7.2[0m[0m ⏱ 5s 768.0KiB/13.7MiB              [1m  5.5%[0m
┃ [34m│  [0m[34m┌─ [0m[34m⏸ user-environment[0m                                    
┃ [34m├─ [0m[34m⏸ etc[0m                                                    
┃ [34m⏸ nixos-system-licht-26.05.20260907.93108a5[0m                 [0m
┣━━━ [1mBuilds          [0m │ [1mDownloads      [0m │ [1mHost                   [0m
┃    [33m   [0m │ [32m   [0m │      │ [33m   [0m │ [32m   [0m │     │ [35m      localhost        [0m
┃    [33m   [0m │ [32m   [0m │      │ [33m↓ [1m3[0m[0m │ [32m↓ [1m6[0m[0m │     │ [35mcache.nixos.org (https)[0m
┗━ ∑ [33m⏵ 0[0m │ [32m✔ 0[0m │ [34m⏸ [1m27[0m[0m │ [33m↓ [1m3[0m[0m │ [32m↓ [1m6[0m[0m │ [34m⏸ [1m1[0m[0m │ [1m⏱ 40s                  [0m[?2026l[?2026h[2K[1F[2K[1F[2K[1F[2K[1F[2K[1F[2K[1F[2K[1F[2K[1F[2K[1F[2K[1F[2K[1F[2K[1F[2K[1F[2K[1F[2K[1F[2K[1F[2K[1F[2K[1F[2K[0m┏━ [1mDependency Graph[0m:
┃ [34m┌─ [0m[34m⏸ activate[0m[90m waiting for [0m[33m3 ↓[0m [34m1 ↓ ⏸[0m                         
┃ [34m│  [0m      [34m┌─ [0m[34m⏸ dummy-xdg-mime-dirs1[0m[90m waiting for [0m[33m2 ↓[0m [34m1 ↓ ⏸[0m    
┃ [34m│  [0m      [34m├─ [0m[34m⏸ dummy-xdg-mime-dirs2[0m[90m waiting for [0m[33m2 ↓[0m [34m1 ↓ ⏸[0m    
┃ [34m│  [0m      [34m├─ [0m[34m⏸ dummy-fc-dir2[0m[90m waiting for [0m[33m2 ↓[0m [34m1 ↓ ⏸[0m           
┃ [34m│  [0m      [34m├─ [0m[34m⏸ dummy-fc-dir1[0m[90m waiting for [0m[33m2 ↓[0m [34m1 ↓ ⏸[0m           
┃ [34m│  [0m   [34m┌─ [0m[34m⏸ home-manager-path[0m                                
┃ [34m│  [0m   [34m│  [0m   [34m┌─ [0m[1m[33m↓ ⏵ gnumake-4.4.1[0m[0m ⏱ 6s 1.0MiB/1.5MiB         [1m 65.2%[0m
┃ [34m│  [0m   [34m│  [0m   [34m├─ [0m[1m[33m↓ ⏵ file-5.47[0m[0m ⏱ 6s 9.2MiB/10.4MiB            [1m 89.0%[0m
┃ [34m│  [0m   [34m│  [0m[34m┌─ [0m[34m↓ ⏸ stdenv-linux[0m                                
┃ [34m│  [0m   [34m├─ [0m[34m⏸ builder.pl[0m                                       
┃ [34m│  [0m   [34m├─ [0m[1m[33m↓ ⏵ texinfo-7.2[0m[0m ⏱ 5s 768.0KiB/13.7MiB              [1m  5.5%[0m
┃ [34m│  [0m[34m┌─ [0m[34m⏸ user-environment[0m                                    
┃ [34m├─ [0m[34m⏸ etc[0m                                                    
┃ [34m⏸ nixos-system-licht-26.05.20260907.93108a5[0m                 [0m
┣━━━ [1mBuilds          [0m │ [1mDownloads      [0m │ [1mHost                   [0m
┃    [33m   [0m │ [32m   [0m │      │ [33m   [0m │ [32m   [0m │     │ [35m      localhost        [0m
┃    [33m   [0m │ [32m   [0m │      │ [33m↓ [1m3[0m[0m │ [32m↓ [1m6[0m[0m │     │ [35mcache.nixos.org (https)[0m
┗━ ∑ [33m⏵ 0[0m │ [32m✔ 0[0m │ [34m⏸ [1m27[0m[0m │ [33m↓ [1m3[0m[0m │ [32m↓ [1m6[0m[0m │ [34m⏸ [1m1[0m[0m │ [1m⏱ 40s                  [0m[?2026l[?2026h[2K[1F[2K[1F[2K[1F[2K[1F[2K[1F[2K[1F[2K[1F[2K[1F[2K[1F[2K[1F[2K[1F[2K[1F[2K[1F[2K[1F[2K[1F[2K[1F[2K[1F[2K[1F[2K[0m┏━ [1mDependency Graph[0m:
┃ [34m┌─ [0m[34m⏸ activate[0m[90m waiting for [0m[33m3 ↓[0m [34m1 ↓ ⏸[0m                         
┃ [34m│  [0m      [34m┌─ [0m[34m⏸ dummy-xdg-mime-dirs1[0m[90m waiting for [0m[33m2 ↓[0m [34m1 ↓ ⏸[0m    
┃ [34m│  [0m      [34m├─ [0m[34m⏸ dummy-xdg-mime-dirs2[0m[90m waiting for [0m[33m2 ↓[0m [34m1 ↓ ⏸[0m    
┃ [34m│  [0m      [34m├─ [0m[34m⏸ dummy-fc-dir2[0m[90m waiting for [0m[33m2 ↓[0m [34m1 ↓ ⏸[0m           
┃ [34m│  [0m      [34m├─ [0m[34m⏸ dummy-fc-dir1[0m[90m waiting for [0m[33m2 ↓[0m [34m1 ↓ ⏸[0m           
┃ [34m│  [0m   [34m┌─ [0m[34m⏸ home-manager-path[0m                                
┃ [34m│  [0m   [34m│  [0m   [34m┌─ [0m[1m[33m↓ ⏵ gnumake-4.4.1[0m[0m ⏱ 6s 1.0MiB/1.5MiB         [1m 65.2%[0m
┃ [34m│  [0m   [34m│  [0m   [34m├─ [0m[1m[33m↓ ⏵ file-5.47[0m[0m ⏱ 6s 9.2MiB/10.4MiB            [1m 89.0%[0m
┃ [34m│  [0m   [34m│  [0m[34m┌─ [0m[34m↓ ⏸ stdenv-linux[0m                                
┃ [34m│  [0m   [34m├─ [0m[34m⏸ builder.pl[0m                                       
┃ [34m│  [0m   [34m├─ [0m[1m[33m↓ ⏵ texinfo-7.2[0m[0m ⏱ 5s 768.0KiB/13.7MiB              [1m  5.5%[0m
┃ [34m│  [0m[34m┌─ [0m[34m⏸ user-environment[0m                                    
┃ [34m├─ [0m[34m⏸ etc[0m                                                    
┃ [34m⏸ nixos-system-licht-26.05.20260907.93108a5[0m                 [0m
┣━━━ [1mBuilds          [0m │ [1mDownloads      [0m │ [1mHost                   [0m
┃    [33m   [0m │ [32m   [0m │      │ [33m   [0m │ [32m   [0m │     │ [35m      localhost        [0m
┃    [33m   [0m │ [32m   [0m │      │ [33m↓ [1m3[0m[0m │ [32m↓ [1m6[0m[0m │     │ [35mcache.nixos.org (https)[0m
┗━ ∑ [33m⏵ 0[0m │ [32m✔ 0[0m │ [34m⏸ [1m27[0m[0m │ [33m↓ [1m3[0m[0m │ [32m↓ [1m6[0m[0m │ [34m⏸ [1m1[0m[0m │ [1m⏱ 40s                  [0m[?2026l[?2026h[2K[1F[2K[1F[2K[1F[2K[1F[2K[1F[2K[1F[2K[1F[2K[1F[2K[1F[2K[1F[2K[1F[2K[1F[2K[1F[2K[1F[2K[1F[2K[1F[2K[1F[2K[1F[2K[0m┏━ [1mDependency Graph[0m:
┃ [34m┌─ [0m[34m⏸ activate[0m[90m waiting for [0m[33m3 ↓[0m [34m1 ↓ ⏸[0m                         
┃ [34m│  [0m      [34m┌─ [0m[34m⏸ dummy-xdg-mime-dirs1[0m[90m waiting for [0m[33m2 ↓[0m [34m1 ↓ ⏸[0m    
┃ [34m│  [0m      [34m├─ [0m[34m⏸ dummy-xdg-mime-dirs2[0m[90m waiting for [0m[33m2 ↓[0m [34m1 ↓ ⏸[0m    
┃ [34m│  [0m      [34m├─ [0m[34m⏸ dummy-fc-dir2[0m[90m waiting for [0m[33m2 ↓[0m [34m1 ↓ ⏸[0m           
┃ [34m│  [0m      [34m├─ [0m[34m⏸ dummy-fc-dir1[0m[90m waiting for [0m[33m2 ↓[0m [34m1 ↓ ⏸[0m           
┃ [34m│  [0m   [34m┌─ [0m[34m⏸ home-manager-path[0m                                
┃ [34m│  [0m   [34m│  [0m   [34m┌─ [0m[1m[33m↓ ⏵ gnumake-4.4.1[0m[0m ⏱ 6s 1.0MiB/1.5MiB         [1m 65.2%[0m
┃ [34m│  [0m   [34m│  [0m   [34m├─ [0m[1m[33m↓ ⏵ file-5.47[0m[0m ⏱ 6s 9.2MiB/10.4MiB            [1m 89.0%[0m
┃ [34m│  [0m   [34m│  [0m[34m┌─ [0m[34m↓ ⏸ stdenv-linux[0m                                
┃ [34m│  [0m   [34m├─ [0m[34m⏸ builder.pl[0m                                       
┃ [34m│  [0m   [34m├─ [0m[1m[33m↓ ⏵ texinfo-7.2[0m[0m ⏱ 5s 768.0KiB/13.7MiB              [1m  5.5%[0m
┃ [34m│  [0m[34m┌─ [0m[34m⏸ user-environment[0m                                    
┃ [34m├─ [0m[34m⏸ etc[0m                                                    
┃ [34m⏸ nixos-system-licht-26.05.20260907.93108a5[0m                 [0m
┣━━━ [1mBuilds          [0m │ [1mDownloads      [0m │ [1mHost                   [0m
┃    [33m   [0m │ [32m   [0m │      │ [33m   [0m │ [32m   [0m │     │ [35m      localhost        [0m
┃    [33m   [0m │ [32m   [0m │      │ [33m↓ [1m3[0m[0m │ [32m↓ [1m6[0m[0m │     │ [35mcache.nixos.org (https)[0m
┗━ ∑ [33m⏵ 0[0m │ [32m✔ 0[0m │ [34m⏸ [1m27[0m[0m │ [33m↓ [1m3[0m[0m │ [32m↓ [1m6[0m[0m │ [34m⏸ [1m1[0m[0m │ [1m⏱ 40s                  [0m[?2026l[?2026h[2K[1F[2K[1F[2K[1F[2K[1F[2K[1F[2K[1F[2K[1F[2K[1F[2K[1F[2K[1F[2K[1F[2K[1F[2K[1F[2K[1F[2K[1F[2K[1F[2K[1F[2K[1F[2K[0m┏━ [1mDependency Graph[0m:
┃ [34m┌─ [0m[34m⏸ activate[0m[90m waiting for [0m[33m3 ↓[0m [34m1 ↓ ⏸[0m                         
┃ [34m│  [0m      [34m┌─ [0m[34m⏸ dummy-xdg-mime-dirs1[0m[90m waiting for [0m[33m2 ↓[0m [34m1 ↓ ⏸[0m    
┃ [34m│  [0m      [34m├─ [0m[34m⏸ dummy-xdg-mime-dirs2[0m[90m waiting for [0m[33m2 ↓[0m [34m1 ↓ ⏸[0m    
┃ [34m│  [0m      [34m├─ [0m[34m⏸ dummy-fc-dir2[0m[90m waiting for [0m[33m2 ↓[0m [34m1 ↓ ⏸[0m           
┃ [34m│  [0m      [34m├─ [0m[34m⏸ dummy-fc-dir1[0m[90m waiting for [0m[33m2 ↓[0m [34m1 ↓ ⏸[0m           
┃ [34m│  [0m   [34m┌─ [0m[34m⏸ home-manager-path[0m                                
┃ [34m│  [0m   [34m│  [0m   [34m┌─ [0m[1m[33m↓ ⏵ gnumake-4.4.1[0m[0m ⏱ 6s 1.0MiB/1.5MiB         [1m 65.2%[0m
┃ [34m│  [0m   [34m│  [0m   [34m├─ [0m[1m[33m↓ ⏵ file-5.47[0m[0m ⏱ 6s 9.2MiB/10.4MiB            [1m 89.0%[0m
┃ [34m│  [0m   [34m│  [0m[34m┌─ [0m[34m↓ ⏸ stdenv-linux[0m                                
┃ [34m│  [0m   [34m├─ [0m[34m⏸ builder.pl[0m                                       
┃ [34m│  [0m   [34m├─ [0m[1m[33m↓ ⏵ texinfo-7.2[0m[0m ⏱ 5s 768.0KiB/13.7MiB              [1m  5.5%[0m
┃ [34m│  [0m[34m┌─ [0m[34m⏸ user-environment[0m                                    
┃ [34m├─ [0m[34m⏸ etc[0m                                                    
┃ [34m⏸ nixos-system-licht-26.05.20260907.93108a5[0m                 [0m
┣━━━ [1mBuilds          [0m │ [1mDownloads      [0m │ [1mHost                   [0m
┃    [33m   [0m │ [32m   [0m │      │ [33m   [0m │ [32m   [0m │     │ [35m      localhost        [0m
┃    [33m   [0m │ [32m   [0m │      │ [33m↓ [1m3[0m[0m │ [32m↓ [1m6[0m[0m │     │ [35mcache.nixos.org (https)[0m
┗━ ∑ [33m⏵ 0[0m │ [32m✔ 0[0m │ [34m⏸ [1m27[0m[0m │ [33m↓ [1m3[0m[0m │ [32m↓ [1m6[0m[0m │ [34m⏸ [1m1[0m[0m │ [1m⏱ 41s                  [0m[?2026l[?2026h[2K[1F[2K[1F[2K[1F[2K[1F[2K[1F[2K[1F[2K[1F[2K[1F[2K[1F[2K[1F[2K[1F[2K[1F[2K[1F[2K[1F[2K[1F[2K[1F[2K[1F[2K[1F[2K[0m┏━ [1mDependency Graph[0m:
┃ [34m┌─ [0m[34m⏸ activate[0m[90m waiting for [0m[33m3 ↓[0m [34m1 ↓ ⏸[0m                         
┃ [34m│  [0m      [34m┌─ [0m[34m⏸ dummy-xdg-mime-dirs1[0m[90m waiting for [0m[33m2 ↓[0m [34m1 ↓ ⏸[0m    
┃ [34m│  [0m      [34m├─ [0m[34m⏸ dummy-xdg-mime-dirs2[0m[90m waiting for [0m[33m2 ↓[0m [34m1 ↓ ⏸[0m    
┃ [34m│  [0m      [34m├─ [0m[34m⏸ dummy-fc-dir2[0m[90m waiting for [0m[33m2 ↓[0m [34m1 ↓ ⏸[0m           
┃ [34m│  [0m      [34m├─ [0m[34m⏸ dummy-fc-dir1[0m[90m waiting for [0m[33m2 ↓[0m [34m1 ↓ ⏸[0m           
┃ [34m│  [0m   [34m┌─ [0m[34m⏸ home-manager-path[0m                                
┃ [34m│  [0m   [34m│  [0m   [34m┌─ [0m[1m[33m↓ ⏵ gnumake-4.4.1[0m[0m ⏱ 6s 1.1MiB/1.5MiB         [1m 73.4%[0m
┃ [34m│  [0m   [34m│  [0m   [34m├─ [0m[1m[33m↓ ⏵ file-5.47[0m[0m ⏱ 6s 9.2MiB/10.4MiB            [1m 89.0%[0m
┃ [34m│  [0m   [34m│  [0m[34m┌─ [0m[34m↓ ⏸ stdenv-linux[0m                                
┃ [34m│  [0m   [34m├─ [0m[34m⏸ builder.pl[0m                                       
┃ [34m│  [0m   [34m├─ [0m[1m[33m↓ ⏵ texinfo-7.2[0m[0m ⏱ 5s 768.0KiB/13.7MiB              [1m  5.5%[0m
┃ [34m│  [0m[34m┌─ [0m[34m⏸ user-environment[0m                                    
┃ [34m├─ [0m[34m⏸ etc[0m                                                    
┃ [34m⏸ nixos-system-licht-26.05.20260907.93108a5[0m                 [0m
┣━━━ [1mBuilds          [0m │ [1mDownloads      [0m │ [1mHost                   [0m
┃    [33m   [0m │ [32m   [0m │      │ [33m   [0m │ [32m   [0m │     │ [35m      localhost        [0m
┃    [33m   [0m │ [32m   [0m │      │ [33m↓ [1m3[0m[0m │ [32m↓ [1m6[0m[0m │     │ [35mcache.nixos.org (https)[0m
┗━ ∑ [33m⏵ 0[0m │ [32m✔ 0[0m │ [34m⏸ [1m27[0m[0m │ [33m↓ [1m3[0m[0m │ [32m↓ [1m6[0m[0m │ [34m⏸ [1m1[0m[0m │ [1m⏱ 41s                  [0m[?2026l[?2026h[2K[1F[2K[1F[2K[1F[2K[1F[2K[1F[2K[1F[2K[1F[2K[1F[2K[1F[2K[1F[2K[1F[2K[1F[2K[1F[2K[1F[2K[1F[2K[1F[2K[1F[2K[1F[2K[0m┏━ [1mDependency Graph[0m:
┃ [34m┌─ [0m[34m⏸ activate[0m[90m waiting for [0m[33m3 ↓[0m [34m1 ↓ ⏸[0m                         
┃ [34m│  [0m      [34m┌─ [0m[34m⏸ dummy-xdg-mime-dirs1[0m[90m waiting for [0m[33m2 ↓[0m [34m1 ↓ ⏸[0m    
┃ [34m│  [0m      [34m├─ [0m[34m⏸ dummy-xdg-mime-dirs2[0m[90m waiting for [0m[33m2 ↓[0m [34m1 ↓ ⏸[0m    
┃ [34m│  [0m      [34m├─ [0m[34m⏸ dummy-fc-dir2[0m[90m waiting for [0m[33m2 ↓[0m [34m1 ↓ ⏸[0m           
┃ [34m│  [0m      [34m├─ [0m[34m⏸ dummy-fc-dir1[0m[90m waiting for [0m[33m2 ↓[0m [34m1 ↓ ⏸[0m           
┃ [34m│  [0m   [34m┌─ [0m[34m⏸ home-manager-path[0m                                
┃ [34m│  [0m   [34m│  [0m   [34m┌─ [0m[1m[33m↓ ⏵ gnumake-4.4.1[0m[0m ⏱ 6s 1.1MiB/1.5MiB         [1m 73.4%[0m
┃ [34m│  [0m   [34m│  [0m   [34m├─ [0m[1m[33m↓ ⏵ file-5.47[0m[0m ⏱ 6s 9.6MiB/10.4MiB            [1m 92.6%[0m
┃ [34m│  [0m   [34m│  [0m[34m┌─ [0m[34m↓ ⏸ stdenv-linux[0m                                
┃ [34m│  [0m   [34m├─ [0m[34m⏸ builder.pl[0m                                       
┃ [34m│  [0m   [34m├─ [0m[1m[33m↓ ⏵ texinfo-7.2[0m[0m ⏱ 6s 768.0KiB/13.7MiB              [1m  5.5%[0m
┃ [34m│  [0m[34m┌─ [0m[34m⏸ user-environment[0m                                    
┃ [34m├─ [0m[34m⏸ etc[0m                                                    
┃ [34m⏸ nixos-system-licht-26.05.20260907.93108a5[0m                 [0m
┣━━━ [1mBuilds          [0m │ [1mDownloads      [0m │ [1mHost                   [0m
┃    [33m   [0m │ [32m   [0m │      │ [33m   [0m │ [32m   [0m │     │ [35m      localhost        [0m
┃    [33m   [0m │ [32m   [0m │      │ [33m↓ [1m3[0m[0m │ [32m↓ [1m6[0m[0m │     │ [35mcache.nixos.org (https)[0m
┗━ ∑ [33m⏵ 0[0m │ [32m✔ 0[0m │ [34m⏸ [1m27[0m[0m │ [33m↓ [1m3[0m[0m │ [32m↓ [1m6[0m[0m │ [34m⏸ [1m1[0m[0m │ [1m⏱ 41s                  [0m[?2026l[?2026h[2K[1F[2K[1F[2K[1F[2K[1F[2K[1F[2K[1F[2K[1F[2K[1F[2K[1F[2K[1F[2K[1F[2K[1F[2K[1F[2K[1F[2K[1F[2K[1F[2K[1F[2K[1F[2K[0m┏━ [1mDependency Graph[0m:
┃ [34m┌─ [0m[34m⏸ activate[0m[90m waiting for [0m[33m3 ↓[0m [34m1 ↓ ⏸[0m                         
┃ [34m│  [0m      [34m┌─ [0m[34m⏸ dummy-xdg-mime-dirs1[0m[90m waiting for [0m[33m2 ↓[0m [34m1 ↓ ⏸[0m    
┃ [34m│  [0m      [34m├─ [0m[34m⏸ dummy-xdg-mime-dirs2[0m[90m waiting for [0m[33m2 ↓[0m [34m1 ↓ ⏸[0m    
┃ [34m│  [0m      [34m├─ [0m[34m⏸ dummy-fc-dir2[0m[90m waiting for [0m[33m2 ↓[0m [34m1 ↓ ⏸[0m           
┃ [34m│  [0m      [34m├─ [0m[34m⏸ dummy-fc-dir1[0m[90m waiting for [0m[33m2 ↓[0m [34m1 ↓ ⏸[0m           
┃ [34m│  [0m   [34m┌─ [0m[34m⏸ home-manager-path[0m                                
┃ [34m│  [0m   [34m│  [0m   [34m┌─ [0m[1m[33m↓ ⏵ gnumake-4.4.1[0m[0m ⏱ 6s 1.1MiB/1.5MiB         [1m 73.4%[0m
┃ [34m│  [0m   [34m│  [0m   [34m├─ [0m[1m[33m↓ ⏵ file-5.47[0m[0m ⏱ 6s 9.6MiB/10.4MiB            [1m 92.6%[0m
┃ [34m│  [0m   [34m│  [0m[34m┌─ [0m[34m↓ ⏸ stdenv-linux[0m                                
┃ [34m│  [0m   [34m├─ [0m[34m⏸ builder.pl[0m                                       
┃ [34m│  [0m   [34m├─ [0m[1m[33m↓ ⏵ texinfo-7.2[0m[0m ⏱ 6s 768.0KiB/13.7MiB              [1m  5.5%[0m
┃ [34m│  [0m[34m┌─ [0m[34m⏸ user-environment[0m                                    
┃ [34m├─ [0m[34m⏸ etc[0m                                                    
┃ [34m⏸ nixos-system-licht-26.05.20260907.93108a5[0m                 [0m
┣━━━ [1mBuilds          [0m │ [1mDownloads      [0m │ [1mHost                   [0m
┃    [33m   [0m │ [32m   [0m │      │ [33m   [0m │ [32m   [0m │     │ [35m      localhost        [0m
┃    [33m   [0m │ [32m   [0m │      │ [33m↓ [1m3[0m[0m │ [32m↓ [1m6[0m[0m │     │ [35mcache.nixos.org (https)[0m
┗━ ∑ [33m⏵ 0[0m │ [32m✔ 0[0m │ [34m⏸ [1m27[0m[0m │ [33m↓ [1m3[0m[0m │ [32m↓ [1m6[0m[0m │ [34m⏸ [1m1[0m[0m │ [1m⏱ 41s                  [0m[?2026l[?2026h[2K[1F[2K[1F[2K[1F[2K[1F[2K[1F[2K[1F[2K[1F[2K[1F[2K[1F[2K[1F[2K[1F[2K[1F[2K[1F[2K[1F[2K[1F[2K[1F[2K[1F[2K[1F[2K[0m┏━ [1mDependency Graph[0m:
┃ [34m┌─ [0m[34m⏸ activate[0m[90m waiting for [0m[33m3 ↓[0m [34m1 ↓ ⏸[0m                         
┃ [34m│  [0m      [34m┌─ [0m[34m⏸ dummy-xdg-mime-dirs1[0m[90m waiting for [0m[33m2 ↓[0m [34m1 ↓ ⏸[0m    
┃ [34m│  [0m      [34m├─ [0m[34m⏸ dummy-xdg-mime-dirs2[0m[90m waiting for [0m[33m2 ↓[0m [34m1 ↓ ⏸[0m    
┃ [34m│  [0m      [34m├─ [0m[34m⏸ dummy-fc-dir2[0m[90m waiting for [0m[33m2 ↓[0m [34m1 ↓ ⏸[0m           
┃ [34m│  [0m      [34m├─ [0m[34m⏸ dummy-fc-dir1[0m[90m waiting for [0m[33m2 ↓[0m [34m1 ↓ ⏸[0m           
┃ [34m│  [0m   [34m┌─ [0m[34m⏸ home-manager-path[0m                                
┃ [34m│  [0m   [34m│  [0m   [34m┌─ [0m[1m[33m↓ ⏵ gnumake-4.4.1[0m[0m ⏱ 6s 1.1MiB/1.5MiB         [1m 73.4%[0m
┃ [34m│  [0m   [34m│  [0m   [34m├─ [0m[1m[33m↓ ⏵ file-5.47[0m[0m ⏱ 6s 10.1MiB/10.4MiB           [1m 97.4%[0m
┃ [34m│  [0m   [34m│  [0m[34m┌─ [0m[34m↓ ⏸ stdenv-linux[0m                                
┃ [34m│  [0m   [34m├─ [0m[34m⏸ builder.pl[0m                                       
┃ [34m│  [0m   [34m├─ [0m[1m[33m↓ ⏵ texinfo-7.2[0m[0m ⏱ 6s 768.0KiB/13.7MiB              [1m  5.5%[0m
┃ [34m│  [0m[34m┌─ [0m[34m⏸ user-environment[0m                                    
┃ [34m├─ [0m[34m⏸ etc[0m                                                    
┃ [34m⏸ nixos-system-licht-26.05.20260907.93108a5[0m                 [0m
┣━━━ [1mBuilds          [0m │ [1mDownloads      [0m │ [1mHost                   [0m
┃    [33m   [0m │ [32m   [0m │      │ [33m   [0m │ [32m   [0m │     │ [35m      localhost        [0m
┃    [33m   [0m │ [32m   [0m │      │ [33m↓ [1m3[0m[0m │ [32m↓ [1m6[0m[0m │     │ [35mcache.nixos.org (https)[0m
┗━ ∑ [33m⏵ 0[0m │ [32m✔ 0[0m │ [34m⏸ [1m27[0m[0m │ [33m↓ [1m3[0m[0m │ [32m↓ [1m6[0m[0m │ [34m⏸ [1m1[0m[0m │ [1m⏱ 41s                  [0m[?2026l[?2026h[2K[1F[2K[1F[2K[1F[2K[1F[2K[1F[2K[1F[2K[1F[2K[1F[2K[1F[2K[1F[2K[1F[2K[1F[2K[1F[2K[1F[2K[1F[2K[1F[2K[1F[2K[1F[2K[0m┏━ [1mDependency Graph[0m:
┃ [34m┌─ [0m[34m⏸ activate[0m[90m waiting for [0m[33m3 ↓[0m [34m1 ↓ ⏸[0m                         
┃ [34m│  [0m      [34m┌─ [0m[34m⏸ dummy-xdg-mime-dirs1[0m[90m waiting for [0m[33m2 ↓[0m [34m1 ↓ ⏸[0m    
┃ [34m│  [0m      [34m├─ [0m[34m⏸ dummy-xdg-mime-dirs2[0m[90m waiting for [0m[33m2 ↓[0m [34m1 ↓ ⏸[0m    
┃ [34m│  [0m      [34m├─ [0m[34m⏸ dummy-fc-dir2[0m[90m waiting for [0m[33m2 ↓[0m [34m1 ↓ ⏸[0m           
┃ [34m│  [0m      [34m├─ [0m[34m⏸ dummy-fc-dir1[0m[90m waiting for [0m[33m2 ↓[0m [34m1 ↓ ⏸[0m           
┃ [34m│  [0m   [34m┌─ [0m[34m⏸ home-manager-path[0m                                
┃ [34m│  [0m   [34m│  [0m   [34m┌─ [0m[1m[33m↓ ⏵ gnumake-4.4.1[0m[0m ⏱ 6s 1.1MiB/1.5MiB         [1m 73.4%[0m
┃ [34m│  [0m   [34m│  [0m   [34m├─ [0m[1m[33m↓ ⏵ file-5.47[0m[0m ⏱ 6s 10.1MiB/10.4MiB           [1m 97.4%[0m
┃ [34m│  [0m   [34m│  [0m[34m┌─ [0m[34m↓ ⏸ stdenv-linux[0m                                
┃ [34m│  [0m   [34m├─ [0m[34m⏸ builder.pl[0m                                       
┃ [34m│  [0m   [34m├─ [0m[1m[33m↓ ⏵ texinfo-7.2[0m[0m ⏱ 6s 896.0KiB/13.7MiB              [1m  6.4%[0m
┃ [34m│  [0m[34m┌─ [0m[34m⏸ user-environment[0m                                    
┃ [34m├─ [0m[34m⏸ etc[0m                                                    
┃ [34m⏸ nixos-system-licht-26.05.20260907.93108a5[0m                 [0m
┣━━━ [1mBuilds          [0m │ [1mDownloads      [0m │ [1mHost                   [0m
┃    [33m   [0m │ [32m   [0m │      │ [33m   [0m │ [32m   [0m │     │ [35m      localhost        [0m
┃    [33m   [0m │ [32m   [0m │      │ [33m↓ [1m3[0m[0m │ [32m↓ [1m6[0m[0m │     │ [35mcache.nixos.org (https)[0m
┗━ ∑ [33m⏵ 0[0m │ [32m✔ 0[0m │ [34m⏸ [1m27[0m[0m │ [33m↓ [1m3[0m[0m │ [32m↓ [1m6[0m[0m │ [34m⏸ [1m1[0m[0m │ [1m⏱ 41s                  [0m[?2026l[?2026h[2K[1F[2K[1F[2K[1F[2K[1F[2K[1F[2K[1F[2K[1F[2K[1F[2K[1F[2K[1F[2K[1F[2K[1F[2K[1F[2K[1F[2K[1F[2K[1F[2K[1F[2K[1F[2K[0m┏━ [1mDependency Graph[0m:
┃ [34m┌─ [0m[34m⏸ activate[0m[90m waiting for [0m[33m3 ↓[0m [34m1 ↓ ⏸[0m                         
┃ [34m│  [0m      [34m┌─ [0m[34m⏸ dummy-xdg-mime-dirs1[0m[90m waiting for [0m[33m2 ↓[0m [34m1 ↓ ⏸[0m    
┃ [34m│  [0m      [34m├─ [0m[34m⏸ dummy-xdg-mime-dirs2[0m[90m waiting for [0m[33m2 ↓[0m [34m1 ↓ ⏸[0m    
┃ [34m│  [0m      [34m├─ [0m[34m⏸ dummy-fc-dir2[0m[90m waiting for [0m[33m2 ↓[0m [34m1 ↓ ⏸[0m           
┃ [34m│  [0m      [34m├─ [0m[34m⏸ dummy-fc-dir1[0m[90m waiting for [0m[33m2 ↓[0m [34m1 ↓ ⏸[0m           
┃ [34m│  [0m   [34m┌─ [0m[34m⏸ home-manager-path[0m                                
┃ [34m│  [0m   [34m│  [0m   [34m┌─ [0m[1m[33m↓ ⏵ gnumake-4.4.1[0m[0m ⏱ 6s 1.1MiB/1.5MiB         [1m 73.4%[0m
┃ [34m│  [0m   [34m│  [0m   [34m├─ [0m[1m[33m↓ ⏵ file-5.47[0m[0m ⏱ 6s 10.1MiB/10.4MiB           [1m 97.4%[0m
┃ [34m│  [0m   [34m│  [0m[34m┌─ [0m[34m↓ ⏸ stdenv-linux[0m                                
┃ [34m│  [0m   [34m├─ [0m[34m⏸ builder.pl[0m                                       
┃ [34m│  [0m   [34m├─ [0m[1m[33m↓ ⏵ texinfo-7.2[0m[0m ⏱ 6s 896.0KiB/13.7MiB              [1m  6.4%[0m
┃ [34m│  [0m[34m┌─ [0m[34m⏸ user-environment[0m                                    
┃ [34m├─ [0m[34m⏸ etc[0m                                                    
┃ [34m⏸ nixos-system-licht-26.05.20260907.93108a5[0m                 [0m
┣━━━ [1mBuilds          [0m │ [1mDownloads      [0m │ [1mHost                   [0m
┃    [33m   [0m │ [32m   [0m │      │ [33m   [0m │ [32m   [0m │     │ [35m      localhost        [0m
┃    [33m   [0m │ [32m   [0m │      │ [33m↓ [1m3[0m[0m │ [32m↓ [1m6[0m[0m │     │ [35mcache.nixos.org (https)[0m
┗━ ∑ [33m⏵ 0[0m │ [32m✔ 0[0m │ [34m⏸ [1m27[0m[0m │ [33m↓ [1m3[0m[0m │ [32m↓ [1m6[0m[0m │ [34m⏸ [1m1[0m[0m │ [1m⏱ 41s                  [0m[?2026l[?2026h[2K[1F[2K[1F[2K[1F[2K[1F[2K[1F[2K[1F[2K[1F[2K[1F[2K[1F[2K[1F[2K[1F[2K[1F[2K[1F[2K[1F[2K[1F[2K[1F[2K[1F[2K[1F[2K[0m┏━ [1mDependency Graph[0m:
┃ [34m┌─ [0m[34m⏸ activate[0m[90m waiting for [0m[33m3 ↓[0m [34m1 ↓ ⏸[0m                         
┃ [34m│  [0m      [34m┌─ [0m[34m⏸ dummy-xdg-mime-dirs1[0m[90m waiting for [0m[33m2 ↓[0m [34m1 ↓ ⏸[0m    
┃ [34m│  [0m      [34m├─ [0m[34m⏸ dummy-xdg-mime-dirs2[0m[90m waiting for [0m[33m2 ↓[0m [34m1 ↓ ⏸[0m    
┃ [34m│  [0m      [34m├─ [0m[34m⏸ dummy-fc-dir2[0m[90m waiting for [0m[33m2 ↓[0m [34m1 ↓ ⏸[0m           
┃ [34m│  [0m      [34m├─ [0m[34m⏸ dummy-fc-dir1[0m[90m waiting for [0m[33m2 ↓[0m [34m1 ↓ ⏸[0m           
┃ [34m│  [0m   [34m┌─ [0m[34m⏸ home-manager-path[0m                                
┃ [34m│  [0m   [34m│  [0m   [34m┌─ [0m[1m[33m↓ ⏵ gnumake-4.4.1[0m[0m ⏱ 6s 1.1MiB/1.5MiB         [1m 73.4%[0m
┃ [34m│  [0m   [34m│  [0m   [34m├─ [0m[1m[33m↓ ⏵ file-5.47[0m[0m ⏱ 6s 10.1MiB/10.4MiB           [1m 97.4%[0m
┃ [34m│  [0m   [34m│  [0m[34m┌─ [0m[34m↓ ⏸ stdenv-linux[0m                                
┃ [34m│  [0m   [34m├─ [0m[34m⏸ builder.pl[0m                                       
┃ [34m│  [0m   [34m├─ [0m[1m[33m↓ ⏵ texinfo-7.2[0m[0m ⏱ 6s 896.0KiB/13.7MiB              [1m  6.4%[0m
┃ [34m│  [0m[34m┌─ [0m[34m⏸ user-environment[0m                                    
┃ [34m├─ [0m[34m⏸ etc[0m                                                    
┃ [34m⏸ nixos-system-licht-26.05.20260907.93108a5[0m                 [0m
┣━━━ [1mBuilds          [0m │ [1mDownloads      [0m │ [1mHost                   [0m
┃    [33m   [0m │ [32m   [0m │      │ [33m   [0m │ [32m   [0m │     │ [35m      localhost        [0m
┃    [33m   [0m │ [32m   [0m │      │ [33m↓ [1m3[0m[0m │ [32m↓ [1m6[0m[0m │     │ [35mcache.nixos.org (https)[0m
┗━ ∑ [33m⏵ 0[0m │ [32m✔ 0[0m │ [34m⏸ [1m27[0m[0m │ [33m↓ [1m3[0m[0m │ [32m↓ [1m6[0m[0m │ [34m⏸ [1m1[0m[0m │ [1m⏱ 41s                  [0m[?2026l[?2026h[2K[1F[2K[1F[2K[1F[2K[1F[2K[1F[2K[1F[2K[1F[2K[1F[2K[1F[2K[1F[2K[1F[2K[1F[2K[1F[2K[1F[2K[1F[2K[1F[2K[1F[2K[1F[2K[0m┏━ [1mDependency Graph[0m:
┃ [34m┌─ [0m[34m⏸ activate[0m[90m waiting for [0m[33m3 ↓[0m [34m1 ↓ ⏸[0m                         
┃ [34m│  [0m      [34m┌─ [0m[34m⏸ dummy-xdg-mime-dirs1[0m[90m waiting for [0m[33m2 ↓[0m [34m1 ↓ ⏸[0m    
┃ [34m│  [0m      [34m├─ [0m[34m⏸ dummy-xdg-mime-dirs2[0m[90m waiting for [0m[33m2 ↓[0m [34m1 ↓ ⏸[0m    
┃ [34m│  [0m      [34m├─ [0m[34m⏸ dummy-fc-dir2[0m[90m waiting for [0m[33m2 ↓[0m [34m1 ↓ ⏸[0m           
┃ [34m│  [0m      [34m├─ [0m[34m⏸ dummy-fc-dir1[0m[90m waiting for [0m[33m2 ↓[0m [34m1 ↓ ⏸[0m           
┃ [34m│  [0m   [34m┌─ [0m[34m⏸ home-manager-path[0m                                
┃ [34m│  [0m   [34m│  [0m   [34m┌─ [0m[1m[33m↓ ⏵ gnumake-4.4.1[0m[0m ⏱ 6s 1.1MiB/1.5MiB         [1m 73.4%[0m
┃ [34m│  [0m   [34m│  [0m   [34m├─ [0m[1m[33m↓ ⏵ file-5.47[0m[0m ⏱ 6s 10.4MiB/10.4MiB           [1m100.0%[0m
┃ [34m│  [0m   [34m│  [0m[34m┌─ [0m[34m↓ ⏸ stdenv-linux[0m                                
┃ [34m│  [0m   [34m├─ [0m[34m⏸ builder.pl[0m                                       
┃ [34m│  [0m   [34m├─ [0m[1m[33m↓ ⏵ texinfo-7.2[0m[0m ⏱ 6s 896.0KiB/13.7MiB              [1m  6.4%[0m
┃ [34m│  [0m[34m┌─ [0m[34m⏸ user-environment[0m                                    
┃ [34m├─ [0m[34m⏸ etc[0m                                                    
┃ [34m⏸ nixos-system-licht-26.05.20260907.93108a5[0m                 [0m
┣━━━ [1mBuilds          [0m │ [1mDownloads      [0m │ [1mHost                   [0m
┃    [33m   [0m │ [32m   [0m │      │ [33m   [0m │ [32m   [0m │     │ [35m      localhost        [0m
┃    [33m   [0m │ [32m   [0m │      │ [33m↓ [1m3[0m[0m │ [32m↓ [1m6[0m[0m │     │ [35mcache.nixos.org (https)[0m
┗━ ∑ [33m⏵ 0[0m │ [32m✔ 0[0m │ [34m⏸ [1m27[0m[0m │ [33m↓ [1m3[0m[0m │ [32m↓ [1m6[0m[0m │ [34m⏸ [1m1[0m[0m │ [1m⏱ 41s                  [0m[?2026l[?2026h[2K[1F[2K[1F[2K[1F[2K[1F[2K[1F[2K[1F[2K[1F[2K[1F[2K[1F[2K[1F[2K[1F[2K[1F[2K[1F[2K[1F[2K[1F[2K[1F[2K[1F[2K[1F[2K[0m┏━ [1mDependency Graph[0m:
┃ [34m┌─ [0m[34m⏸ activate[0m[90m waiting for [0m[33m2 ↓[0m [34m1 ↓ ⏸[0m                         
┃ [34m│  [0m      [34m┌─ [0m[34m⏸ dummy-xdg-mime-dirs1[0m[90m waiting for [0m[33m1 ↓[0m [34m1 ↓ ⏸[0m    
┃ [34m│  [0m      [34m├─ [0m[34m⏸ dummy-xdg-mime-dirs2[0m[90m waiting for [0m[33m1 ↓[0m [34m1 ↓ ⏸[0m    
┃ [34m│  [0m      [34m├─ [0m[34m⏸ dummy-fc-dir2[0m[90m waiting for [0m[33m1 ↓[0m [34m1 ↓ ⏸[0m           
┃ [34m│  [0m      [34m├─ [0m[34m⏸ dummy-fc-dir1[0m[90m waiting for [0m[33m1 ↓[0m [34m1 ↓ ⏸[0m           
┃ [34m│  [0m   [34m┌─ [0m[34m⏸ home-manager-path[0m                                
┃ [34m│  [0m   [34m│  [0m   [34m┌─ [0m[1m[33m↓ ⏵ gnumake-4.4.1[0m[0m ⏱ 6s 1.2MiB/1.5MiB         [1m 81.5%[0m
┃ [34m│  [0m   [34m│  [0m[34m┌─ [0m[34m↓ ⏸ stdenv-linux[0m                                
┃ [34m│  [0m   [34m├─ [0m[34m⏸ builder.pl[0m                                       
┃ [34m│  [0m   [34m├─ [0m[1m[33m↓ ⏵ texinfo-7.2[0m[0m ⏱ 6s 896.0KiB/13.7MiB              [1m  6.4%[0m
┃ [34m│  [0m[34m┌─ [0m[34m⏸ user-environment[0m                                    
┃ [34m├─ [0m[34m⏸ etc[0m                                                    
┃ [34m⏸ nixos-system-licht-26.05.20260907.93108a5[0m                 [0m
┣━━━ [1mBuilds          [0m │ [1mDownloads      [0m │ [1mHost                   [0m
┃    [33m   [0m │ [32m   [0m │      │ [33m   [0m │ [32m   [0m │     │ [35m      localhost        [0m
┃    [33m   [0m │ [32m   [0m │      │ [33m↓ [1m2[0m[0m │ [32m↓ [1m7[0m[0m │     │ [35mcache.nixos.org (https)[0m
┗━ ∑ [33m⏵ 0[0m │ [32m✔ 0[0m │ [34m⏸ [1m27[0m[0m │ [33m↓ [1m2[0m[0m │ [32m↓ [1m7[0m[0m │ [34m⏸ [1m1[0m[0m │ [1m⏱ 41s                  [0m[?2026l[?2026h[2K[1F[2K[1F[2K[1F[2K[1F[2K[1F[2K[1F[2K[1F[2K[1F[2K[1F[2K[1F[2K[1F[2K[1F[2K[1F[2K[1F[2K[1F[2K[1F[2K[1F[2K[0m┏━ [1mDependency Graph[0m:
┃ [34m┌─ [0m[34m⏸ activate[0m[90m waiting for [0m[33m2 ↓[0m [34m1 ↓ ⏸[0m                         
┃ [34m│  [0m      [34m┌─ [0m[34m⏸ dummy-xdg-mime-dirs1[0m[90m waiting for [0m[33m1 ↓[0m [34m1 ↓ ⏸[0m    
┃ [34m│  [0m      [34m├─ [0m[34m⏸ dummy-xdg-mime-dirs2[0m[90m waiting for [0m[33m1 ↓[0m [34m1 ↓ ⏸[0m    
┃ [34m│  [0m      [34m├─ [0m[34m⏸ dummy-fc-dir2[0m[90m waiting for [0m[33m1 ↓[0m [34m1 ↓ ⏸[0m           
┃ [34m│  [0m      [34m├─ [0m[34m⏸ dummy-fc-dir1[0m[90m waiting for [0m[33m1 ↓[0m [34m1 ↓ ⏸[0m           
┃ [34m│  [0m   [34m┌─ [0m[34m⏸ home-manager-path[0m                                
┃ [34m│  [0m   [34m│  [0m   [34m┌─ [0m[1m[33m↓ ⏵ gnumake-4.4.1[0m[0m ⏱ 7s 1.2MiB/1.5MiB         [1m 81.5%[0m
┃ [34m│  [0m   [34m│  [0m[34m┌─ [0m[34m↓ ⏸ stdenv-linux[0m                                
┃ [34m│  [0m   [34m├─ [0m[34m⏸ builder.pl[0m                                       
┃ [34m│  [0m   [34m├─ [0m[1m[33m↓ ⏵ texinfo-7.2[0m[0m ⏱ 6s 896.0KiB/13.7MiB              [1m  6.4%[0m
┃ [34m│  [0m[34m┌─ [0m[34m⏸ user-environment[0m                                    
┃ [34m├─ [0m[34m⏸ etc[0m                                                    
┃ [34m⏸ nixos-system-licht-26.05.20260907.93108a5[0m                 [0m
┣━━━ [1mBuilds          [0m │ [1mDownloads      [0m │ [1mHost                   [0m
┃    [33m   [0m │ [32m   [0m │      │ [33m   [0m │ [32m   [0m │     │ [35m      localhost        [0m
┃    [33m   [0m │ [32m   [0m │      │ [33m↓ [1m2[0m[0m │ [32m↓ [1m7[0m[0m │     │ [35mcache.nixos.org (https)[0m
┗━ ∑ [33m⏵ 0[0m │ [32m✔ 0[0m │ [34m⏸ [1m27[0m[0m │ [33m↓ [1m2[0m[0m │ [32m↓ [1m7[0m[0m │ [34m⏸ [1m1[0m[0m │ [1m⏱ 41s                  [0m[?2026l[?2026h[2K[1F[2K[1F[2K[1F[2K[1F[2K[1F[2K[1F[2K[1F[2K[1F[2K[1F[2K[1F[2K[1F[2K[1F[2K[1F[2K[1F[2K[1F[2K[1F[2K[1F[2K[0m┏━ [1mDependency Graph[0m:
┃ [34m┌─ [0m[34m⏸ activate[0m[90m waiting for [0m[33m2 ↓[0m [34m1 ↓ ⏸[0m                         
┃ [34m│  [0m      [34m┌─ [0m[34m⏸ dummy-xdg-mime-dirs1[0m[90m waiting for [0m[33m1 ↓[0m [34m1 ↓ ⏸[0m    
┃ [34m│  [0m      [34m├─ [0m[34m⏸ dummy-xdg-mime-dirs2[0m[90m waiting for [0m[33m1 ↓[0m [34m1 ↓ ⏸[0m    
┃ [34m│  [0m      [34m├─ [0m[34m⏸ dummy-fc-dir2[0m[90m waiting for [0m[33m1 ↓[0m [34m1 ↓ ⏸[0m           
┃ [34m│  [0m      [34m├─ [0m[34m⏸ dummy-fc-dir1[0m[90m waiting for [0m[33m1 ↓[0m [34m1 ↓ ⏸[0m           
┃ [34m│  [0m   [34m┌─ [0m[34m⏸ home-manager-path[0m                                
┃ [34m│  [0m   [34m│  [0m   [34m┌─ [0m[1m[33m↓ ⏵ gnumake-4.4.1[0m[0m ⏱ 7s 1.4MiB/1.5MiB         [1m 89.7%[0m
┃ [34m│  [0m   [34m│  [0m[34m┌─ [0m[34m↓ ⏸ stdenv-linux[0m                                
┃ [34m│  [0m   [34m├─ [0m[34m⏸ builder.pl[0m                                       
┃ [34m│  [0m   [34m├─ [0m[1m[33m↓ ⏵ texinfo-7.2[0m[0m ⏱ 6s 896.0KiB/13.7MiB              [1m  6.4%[0m
┃ [34m│  [0m[34m┌─ [0m[34m⏸ user-environment[0m                                    
┃ [34m├─ [0m[34m⏸ etc[0m                                                    
┃ [34m⏸ nixos-system-licht-26.05.20260907.93108a5[0m                 [0m
┣━━━ [1mBuilds          [0m │ [1mDownloads      [0m │ [1mHost                   [0m
┃    [33m   [0m │ [32m   [0m │      │ [33m   [0m │ [32m   [0m │     │ [35m      localhost        [0m
┃    [33m   [0m │ [32m   [0m │      │ [33m↓ [1m2[0m[0m │ [32m↓ [1m7[0m[0m │     │ [35mcache.nixos.org (https)[0m
┗━ ∑ [33m⏵ 0[0m │ [32m✔ 0[0m │ [34m⏸ [1m27[0m[0m │ [33m↓ [1m2[0m[0m │ [32m↓ [1m7[0m[0m │ [34m⏸ [1m1[0m[0m │ [1m⏱ 41s                  [0m[?2026l[?2026h[2K[1F[2K[1F[2K[1F[2K[1F[2K[1F[2K[1F[2K[1F[2K[1F[2K[1F[2K[1F[2K[1F[2K[1F[2K[1F[2K[1F[2K[1F[2K[1F[2K[1F[2K[0m┏━ [1mDependency Graph[0m:
┃ [34m┌─ [0m[34m⏸ activate[0m[90m waiting for [0m[33m2 ↓[0m [34m1 ↓ ⏸[0m                         
┃ [34m│  [0m      [34m┌─ [0m[34m⏸ dummy-xdg-mime-dirs1[0m[90m waiting for [0m[33m1 ↓[0m [34m1 ↓ ⏸[0m    
┃ [34m│  [0m      [34m├─ [0m[34m⏸ dummy-xdg-mime-dirs2[0m[90m waiting for [0m[33m1 ↓[0m [34m1 ↓ ⏸[0m    
┃ [34m│  [0m      [34m├─ [0m[34m⏸ dummy-fc-dir2[0m[90m waiting for [0m[33m1 ↓[0m [34m1 ↓ ⏸[0m           
┃ [34m│  [0m      [34m├─ [0m[34m⏸ dummy-fc-dir1[0m[90m waiting for [0m[33m1 ↓[0m [34m1 ↓ ⏸[0m           
┃ [34m│  [0m   [34m┌─ [0m[34m⏸ home-manager-path[0m                                
┃ [34m│  [0m   [34m│  [0m   [34m┌─ [0m[1m[33m↓ ⏵ gnumake-4.4.1[0m[0m ⏱ 7s 1.4MiB/1.5MiB         [1m 89.7%[0m
┃ [34m│  [0m   [34m│  [0m[34m┌─ [0m[34m↓ ⏸ stdenv-linux[0m                                
┃ [34m│  [0m   [34m├─ [0m[34m⏸ builder.pl[0m                                       
┃ [34m│  [0m   [34m├─ [0m[1m[33m↓ ⏵ texinfo-7.2[0m[0m ⏱ 6s 896.0KiB/13.7MiB              [1m  6.4%[0m
┃ [34m│  [0m[34m┌─ [0m[34m⏸ user-environment[0m                                    
┃ [34m├─ [0m[34m⏸ etc[0m                                                    
┃ [34m⏸ nixos-system-licht-26.05.20260907.93108a5[0m                 [0m
┣━━━ [1mBuilds          [0m │ [1mDownloads      [0m │ [1mHost                   [0m
┃    [33m   [0m │ [32m   [0m │      │ [33m   [0m │ [32m   [0m │     │ [35m      localhost        [0m
┃    [33m   [0m │ [32m   [0m │      │ [33m↓ [1m2[0m[0m │ [32m↓ [1m7[0m[0m │     │ [35mcache.nixos.org (https)[0m
┗━ ∑ [33m⏵ 0[0m │ [32m✔ 0[0m │ [34m⏸ [1m27[0m[0m │ [33m↓ [1m2[0m[0m │ [32m↓ [1m7[0m[0m │ [34m⏸ [1m1[0m[0m │ [1m⏱ 41s                  [0m[?2026l[?2026h[2K[1F[2K[1F[2K[1F[2K[1F[2K[1F[2K[1F[2K[1F[2K[1F[2K[1F[2K[1F[2K[1F[2K[1F[2K[1F[2K[1F[2K[1F[2K[1F[2K[1F[2K[0m┏━ [1mDependency Graph[0m:
┃ [34m┌─ [0m[34m⏸ activate[0m[90m waiting for [0m[33m2 ↓[0m [34m1 ↓ ⏸[0m                         
┃ [34m│  [0m      [34m┌─ [0m[34m⏸ dummy-xdg-mime-dirs1[0m[90m waiting for [0m[33m1 ↓[0m [34m1 ↓ ⏸[0m    
┃ [34m│  [0m      [34m├─ [0m[34m⏸ dummy-xdg-mime-dirs2[0m[90m waiting for [0m[33m1 ↓[0m [34m1 ↓ ⏸[0m    
┃ [34m│  [0m      [34m├─ [0m[34m⏸ dummy-fc-dir2[0m[90m waiting for [0m[33m1 ↓[0m [34m1 ↓ ⏸[0m           
┃ [34m│  [0m      [34m├─ [0m[34m⏸ dummy-fc-dir1[0m[90m waiting for [0m[33m1 ↓[0m [34m1 ↓ ⏸[0m           
┃ [34m│  [0m   [34m┌─ [0m[34m⏸ home-manager-path[0m                                
┃ [34m│  [0m   [34m│  [0m   [34m┌─ [0m[1m[33m↓ ⏵ gnumake-4.4.1[0m[0m ⏱ 7s 1.4MiB/1.5MiB         [1m 89.7%[0m
┃ [34m│  [0m   [34m│  [0m[34m┌─ [0m[34m↓ ⏸ stdenv-linux[0m                                
┃ [34m│  [0m   [34m├─ [0m[34m⏸ builder.pl[0m                                       
┃ [34m│  [0m   [34m├─ [0m[1m[33m↓ ⏵ texinfo-7.2[0m[0m ⏱ 6s 896.0KiB/13.7MiB              [1m  6.4%[0m
┃ [34m│  [0m[34m┌─ [0m[34m⏸ user-environment[0m                                    
┃ [34m├─ [0m[34m⏸ etc[0m                                                    
┃ [34m⏸ nixos-system-licht-26.05.20260907.93108a5[0m                 [0m
┣━━━ [1mBuilds          [0m │ [1mDownloads      [0m │ [1mHost                   [0m
┃    [33m   [0m │ [32m   [0m │      │ [33m   [0m │ [32m   [0m │     │ [35m      localhost        [0m
┃    [33m   [0m │ [32m   [0m │      │ [33m↓ [1m2[0m[0m │ [32m↓ [1m7[0m[0m │     │ [35mcache.nixos.org (https)[0m
┗━ ∑ [33m⏵ 0[0m │ [32m✔ 0[0m │ [34m⏸ [1m27[0m[0m │ [33m↓ [1m2[0m[0m │ [32m↓ [1m7[0m[0m │ [34m⏸ [1m1[0m[0m │ [1m⏱ 42s                  [0m[?2026l[?2026h[2K[1F[2K[1F[2K[1F[2K[1F[2K[1F[2K[1F[2K[1F[2K[1F[2K[1F[2K[1F[2K[1F[2K[1F[2K[1F[2K[1F[2K[1F[2K[1F[2K[1F[2K[0m┏━ [1mDependency Graph[0m:
┃ [34m┌─ [0m[34m⏸ activate[0m[90m waiting for [0m[33m2 ↓[0m [34m1 ↓ ⏸[0m                         
┃ [34m│  [0m      [34m┌─ [0m[34m⏸ dummy-xdg-mime-dirs1[0m[90m waiting for [0m[33m1 ↓[0m [34m1 ↓ ⏸[0m    
┃ [34m│  [0m      [34m├─ [0m[34m⏸ dummy-xdg-mime-dirs2[0m[90m waiting for [0m[33m1 ↓[0m [34m1 ↓ ⏸[0m    
┃ [34m│  [0m      [34m├─ [0m[34m⏸ dummy-fc-dir2[0m[90m waiting for [0m[33m1 ↓[0m [34m1 ↓ ⏸[0m           
┃ [34m│  [0m      [34m├─ [0m[34m⏸ dummy-fc-dir1[0m[90m waiting for [0m[33m1 ↓[0m [34m1 ↓ ⏸[0m           
┃ [34m│  [0m   [34m┌─ [0m[34m⏸ home-manager-path[0m                                
┃ [34m│  [0m   [34m│  [0m   [34m┌─ [0m[1m[33m↓ ⏵ gnumake-4.4.1[0m[0m ⏱ 7s 1.4MiB/1.5MiB         [1m 89.7%[0m
┃ [34m│  [0m   [34m│  [0m[34m┌─ [0m[34m↓ ⏸ stdenv-linux[0m                                
┃ [34m│  [0m   [34m├─ [0m[34m⏸ builder.pl[0m                                       
┃ [34m│  [0m   [34m├─ [0m[1m[33m↓ ⏵ texinfo-7.2[0m[0m ⏱ 6s 896.0KiB/13.7MiB              [1m  6.4%[0m
┃ [34m│  [0m[34m┌─ [0m[34m⏸ user-environment[0m                                    
┃ [34m├─ [0m[34m⏸ etc[0m                                                    
┃ [34m⏸ nixos-system-licht-26.05.20260907.93108a5[0m                 [0m
┣━━━ [1mBuilds          [0m │ [1mDownloads      [0m │ [1mHost                   [0m
┃    [33m   [0m │ [32m   [0m │      │ [33m   [0m │ [32m   [0m │     │ [35m      localhost        [0m
┃    [33m   [0m │ [32m   [0m │      │ [33m↓ [1m2[0m[0m │ [32m↓ [1m7[0m[0m │     │ [35mcache.nixos.org (https)[0m
┗━ ∑ [33m⏵ 0[0m │ [32m✔ 0[0m │ [34m⏸ [1m27[0m[0m │ [33m↓ [1m2[0m[0m │ [32m↓ [1m7[0m[0m │ [34m⏸ [1m1[0m[0m │ [1m⏱ 42s                  [0m[?2026l[?2026h[2K[1F[2K[1F[2K[1F[2K[1F[2K[1F[2K[1F[2K[1F[2K[1F[2K[1F[2K[1F[2K[1F[2K[1F[2K[1F[2K[1F[2K[1F[2K[1F[2K[1F[2Kcopying path '/nix/store/fbrmzbsak0m5kx8is8i71igsnwmhxs9q-stdenv-linux' from 'https://cache.nixos.org'
[0m┏━ [1mDependency Graph[0m:
┃ [34m┌─ [0m[34m⏸ activate[0m[90m waiting for [0m[33m2 ↓[0m                               
┃ [34m│  [0m      [34m┌─ [0m[34m⏸ dummy-xdg-mime-dirs1[0m[90m waiting for [0m[33m1 ↓[0m          
┃ [34m│  [0m      [34m├─ [0m[34m⏸ dummy-xdg-mime-dirs2[0m[90m waiting for [0m[33m1 ↓[0m          
┃ [34m│  [0m      [34m├─ [0m[34m⏸ dummy-fc-dir2[0m[90m waiting for [0m[33m1 ↓[0m                 
┃ [34m│  [0m      [34m├─ [0m[34m⏸ dummy-fc-dir1[0m[90m waiting for [0m[33m1 ↓[0m                 
┃ [34m│  [0m   [34m┌─ [0m[34m⏸ home-manager-path[0m                                
┃ [34m│  [0m   [34m│  [0m[34m┌─ [0m[1m[33m↓ ⏵ stdenv-linux[0m[0m                                
┃ [34m│  [0m   [34m├─ [0m[34m⏸ builder.pl[0m                                       
┃ [34m│  [0m   [34m├─ [0m[1m[33m↓ ⏵ texinfo-7.2[0m[0m ⏱ 7s 896.0KiB/13.7MiB              [1m  6.4%[0m
┃ [34m│  [0m[34m┌─ [0m[34m⏸ user-environment[0m                                    
┃ [34m├─ [0m[34m⏸ etc[0m                                                    
┃ [34m⏸ nixos-system-licht-26.05.20260907.93108a5[0m                 [0m
┣━━━ [1mBuilds          [0m │ [1mDownloads      [0m │ [1mHost                   [0m
┃    [33m   [0m │ [32m   [0m │      │ [33m   [0m │ [32m   [0m │     │ [35m      localhost        [0m
┃    [33m   [0m │ [32m   [0m │      │ [33m↓ [1m2[0m[0m │ [32m↓ [1m8[0m[0m │     │ [35mcache.nixos.org (https)[0m
┗━ ∑ [33m⏵ 0[0m │ [32m✔ 0[0m │ [34m⏸ [1m27[0m[0m │ [33m↓ [1m2[0m[0m │ [32m↓ [1m8[0m[0m │ [34m⏸ 0[0m │ [1m⏱ 42s                  [0m[?2026l[?2026h[2K[1F[2K[1F[2K[1F[2K[1F[2K[1F[2K[1F[2K[1F[2K[1F[2K[1F[2K[1F[2K[1F[2K[1F[2K[1F[2K[1F[2K[1F[2K[1F[2K[0m┏━ [1mDependency Graph[0m:
┃ [34m┌─ [0m[34m⏸ activate[0m[90m waiting for [0m[33m2 ↓[0m                               
┃ [34m│  [0m      [34m┌─ [0m[34m⏸ dummy-xdg-mime-dirs1[0m[90m waiting for [0m[33m1 ↓[0m          
┃ [34m│  [0m      [34m├─ [0m[34m⏸ dummy-xdg-mime-dirs2[0m[90m waiting for [0m[33m1 ↓[0m          
┃ [34m│  [0m      [34m├─ [0m[34m⏸ dummy-fc-dir2[0m[90m waiting for [0m[33m1 ↓[0m                 
┃ [34m│  [0m      [34m├─ [0m[34m⏸ dummy-fc-dir1[0m[90m waiting for [0m[33m1 ↓[0m                 
┃ [34m│  [0m   [34m┌─ [0m[34m⏸ home-manager-path[0m                                
┃ [34m│  [0m   [34m├─ [0m[34m⏸ builder.pl[0m[90m waiting for [0m[33m1 ↓[0m                       
┃ [34m│  [0m   [34m├─ [0m[1m[33m↓ ⏵ texinfo-7.2[0m[0m ⏱ 7s 1.2MiB/13.7MiB                [1m  8.7%[0m
┃ [34m│  [0m[34m┌─ [0m[34m⏸ user-environment[0m                                    
┃ [34m├─ [0m[34m⏸ etc[0m                                                    
┃ [34m├─ [0m[1m[33m↓ ⏵ stdenv-linux[0m[0m                                         
┃ [34m⏸ nixos-system-licht-26.05.20260907.93108a5[0m                 [0m
┣━━━ [1mBuilds          [0m │ [1mDownloads      [0m │ [1mHost                   [0m
┃    [33m   [0m │ [32m   [0m │      │ [33m   [0m │ [32m   [0m │     │ [35m      localhost        [0m
┃    [33m   [0m │ [32m   [0m │      │ [33m↓ [1m2[0m[0m │ [32m↓ [1m8[0m[0m │     │ [35mcache.nixos.org (https)[0m
┗━ ∑ [33m⏵ 0[0m │ [32m✔ 0[0m │ [34m⏸ [1m27[0m[0m │ [33m↓ [1m2[0m[0m │ [32m↓ [1m8[0m[0m │ [34m⏸ 0[0m │ [1m⏱ 42s                  [0m[?2026l[?2026h[2K[1F[2K[1F[2K[1F[2K[1F[2K[1F[2K[1F[2K[1F[2K[1F[2K[1F[2K[1F[2K[1F[2K[1F[2K[1F[2K[1F[2K[1F[2K[1F[2K[0m┏━ [1mDependency Graph[0m:
┃ [34m┌─ [0m[34m⏸ activate[0m[90m waiting for [0m[33m2 ↓[0m                               
┃ [34m│  [0m      [34m┌─ [0m[34m⏸ dummy-xdg-mime-dirs1[0m[90m waiting for [0m[33m1 ↓[0m          
┃ [34m│  [0m      [34m├─ [0m[34m⏸ dummy-xdg-mime-dirs2[0m[90m waiting for [0m[33m1 ↓[0m          
┃ [34m│  [0m      [34m├─ [0m[34m⏸ dummy-fc-dir2[0m[90m waiting for [0m[33m1 ↓[0m                 
┃ [34m│  [0m      [34m├─ [0m[34m⏸ dummy-fc-dir1[0m[90m waiting for [0m[33m1 ↓[0m                 
┃ [34m│  [0m   [34m┌─ [0m[34m⏸ home-manager-path[0m                                
┃ [34m│  [0m   [34m├─ [0m[34m⏸ builder.pl[0m[90m waiting for [0m[33m1 ↓[0m                       
┃ [34m│  [0m   [34m├─ [0m[1m[33m↓ ⏵ texinfo-7.2[0m[0m ⏱ 7s 1.2MiB/13.7MiB                [1m  9.2%[0m
┃ [34m│  [0m[34m┌─ [0m[34m⏸ user-environment[0m                                    
┃ [34m├─ [0m[34m⏸ etc[0m                                                    
┃ [34m├─ [0m[1m[33m↓ ⏵ stdenv-linux[0m[0m                                         
┃ [34m⏸ nixos-system-licht-26.05.20260907.93108a5[0m                 [0m
┣━━━ [1mBuilds          [0m │ [1mDownloads      [0m │ [1mHost                   [0m
┃    [33m   [0m │ [32m   [0m │      │ [33m   [0m │ [32m   [0m │     │ [35m      localhost        [0m
┃    [33m   [0m │ [32m   [0m │      │ [33m↓ [1m2[0m[0m │ [32m↓ [1m8[0m[0m │     │ [35mcache.nixos.org (https)[0m
┗━ ∑ [33m⏵ 0[0m │ [32m✔ 0[0m │ [34m⏸ [1m27[0m[0m │ [33m↓ [1m2[0m[0m │ [32m↓ [1m8[0m[0m │ [34m⏸ 0[0m │ [1m⏱ 42s                  [0m[?2026l[?2026h[2K[1F[2K[1F[2K[1F[2K[1F[2K[1F[2K[1F[2K[1F[2K[1F[2K[1F[2K[1F[2K[1F[2K[1F[2K[1F[2K[1F[2K[1F[2K[1F[2K[0m┏━ [1mDependency Graph[0m:
┃ [34m┌─ [0m[34m⏸ activate[0m[90m waiting for [0m[33m2 ↓[0m                               
┃ [34m│  [0m      [34m┌─ [0m[34m⏸ dummy-xdg-mime-dirs1[0m[90m waiting for [0m[33m1 ↓[0m          
┃ [34m│  [0m      [34m├─ [0m[34m⏸ dummy-xdg-mime-dirs2[0m[90m waiting for [0m[33m1 ↓[0m          
┃ [34m│  [0m      [34m├─ [0m[34m⏸ dummy-fc-dir2[0m[90m waiting for [0m[33m1 ↓[0m                 
┃ [34m│  [0m      [34m├─ [0m[34m⏸ dummy-fc-dir1[0m[90m waiting for [0m[33m1 ↓[0m                 
┃ [34m│  [0m   [34m┌─ [0m[34m⏸ home-manager-path[0m                                
┃ [34m│  [0m   [34m├─ [0m[34m⏸ builder.pl[0m[90m waiting for [0m[33m1 ↓[0m                       
┃ [34m│  [0m   [34m├─ [0m[1m[33m↓ ⏵ texinfo-7.2[0m[0m ⏱ 7s 1.2MiB/13.7MiB                [1m  9.2%[0m
┃ [34m│  [0m[34m┌─ [0m[34m⏸ user-environment[0m                                    
┃ [34m├─ [0m[34m⏸ etc[0m                                                    
┃ [34m├─ [0m[1m[33m↓ ⏵ stdenv-linux[0m[0m                                         
┃ [34m⏸ nixos-system-licht-26.05.20260907.93108a5[0m                 [0m
┣━━━ [1mBuilds          [0m │ [1mDownloads      [0m │ [1mHost                   [0m
┃    [33m   [0m │ [32m   [0m │      │ [33m   [0m │ [32m   [0m │     │ [35m      localhost        [0m
┃    [33m   [0m │ [32m   [0m │      │ [33m↓ [1m2[0m[0m │ [32m↓ [1m8[0m[0m │     │ [35mcache.nixos.org (https)[0m
┗━ ∑ [33m⏵ 0[0m │ [32m✔ 0[0m │ [34m⏸ [1m27[0m[0m │ [33m↓ [1m2[0m[0m │ [32m↓ [1m8[0m[0m │ [34m⏸ 0[0m │ [1m⏱ 42s                  [0m[?2026l[?2026h[2K[1F[2K[1F[2K[1F[2K[1F[2K[1F[2K[1F[2K[1F[2K[1F[2K[1F[2K[1F[2K[1F[2K[1F[2K[1F[2K[1F[2K[1F[2K[1F[2K[0m┏━ [1mDependency Graph[0m:
┃ [34m┌─ [0m[34m⏸ activate[0m[90m waiting for [0m[33m2 ↓[0m                               
┃ [34m│  [0m      [34m┌─ [0m[34m⏸ dummy-xdg-mime-dirs1[0m[90m waiting for [0m[33m1 ↓[0m          
┃ [34m│  [0m      [34m├─ [0m[34m⏸ dummy-xdg-mime-dirs2[0m[90m waiting for [0m[33m1 ↓[0m          
┃ [34m│  [0m      [34m├─ [0m[34m⏸ dummy-fc-dir2[0m[90m waiting for [0m[33m1 ↓[0m                 
┃ [34m│  [0m      [34m├─ [0m[34m⏸ dummy-fc-dir1[0m[90m waiting for [0m[33m1 ↓[0m                 
┃ [34m│  [0m   [34m┌─ [0m[34m⏸ home-manager-path[0m                                
┃ [34m│  [0m   [34m├─ [0m[34m⏸ builder.pl[0m[90m waiting for [0m[33m1 ↓[0m                       
┃ [34m│  [0m   [34m├─ [0m[1m[33m↓ ⏵ texinfo-7.2[0m[0m ⏱ 7s 1.2MiB/13.7MiB                [1m  9.2%[0m
┃ [34m│  [0m[34m┌─ [0m[34m⏸ user-environment[0m                                    
┃ [34m├─ [0m[34m⏸ etc[0m                                                    
┃ [34m├─ [0m[1m[33m↓ ⏵ stdenv-linux[0m[0m                                         
┃ [34m⏸ nixos-system-licht-26.05.20260907.93108a5[0m                 [0m
┣━━━ [1mBuilds          [0m │ [1mDownloads      [0m │ [1mHost                   [0m
┃    [33m   [0m │ [32m   [0m │      │ [33m   [0m │ [32m   [0m │     │ [35m      localhost        [0m
┃    [33m   [0m │ [32m   [0m │      │ [33m↓ [1m2[0m[0m │ [32m↓ [1m8[0m[0m │     │ [35mcache.nixos.org (https)[0m
┗━ ∑ [33m⏵ 0[0m │ [32m✔ 0[0m │ [34m⏸ [1m27[0m[0m │ [33m↓ [1m2[0m[0m │ [32m↓ [1m8[0m[0m │ [34m⏸ 0[0m │ [1m⏱ 42s                  [0m[?2026l[?2026h[2K[1F[2K[1F[2K[1F[2K[1F[2K[1F[2K[1F[2K[1F[2K[1F[2K[1F[2K[1F[2K[1F[2K[1F[2K[1F[2K[1F[2K[1F[2K[1F[2K[0m┏━ [1mDependency Graph[0m:
┃ [34m┌─ [0m[34m⏸ activate[0m[90m waiting for [0m[33m2 ↓[0m                               
┃ [34m│  [0m      [34m┌─ [0m[34m⏸ dummy-xdg-mime-dirs1[0m[90m waiting for [0m[33m1 ↓[0m          
┃ [34m│  [0m      [34m├─ [0m[34m⏸ dummy-xdg-mime-dirs2[0m[90m waiting for [0m[33m1 ↓[0m          
┃ [34m│  [0m      [34m├─ [0m[34m⏸ dummy-fc-dir2[0m[90m waiting for [0m[33m1 ↓[0m                 
┃ [34m│  [0m      [34m├─ [0m[34m⏸ dummy-fc-dir1[0m[90m waiting for [0m[33m1 ↓[0m                 
┃ [34m│  [0m   [34m┌─ [0m[34m⏸ home-manager-path[0m                                
┃ [34m│  [0m   [34m├─ [0m[34m⏸ builder.pl[0m[90m waiting for [0m[33m1 ↓[0m                       
┃ [34m│  [0m   [34m├─ [0m[1m[33m↓ ⏵ texinfo-7.2[0m[0m ⏱ 7s 1.2MiB/13.7MiB                [1m  9.2%[0m
┃ [34m│  [0m[34m┌─ [0m[34m⏸ user-environment[0m                                    
┃ [34m├─ [0m[34m⏸ etc[0m                                                    
┃ [34m├─ [0m[1m[33m↓ ⏵ stdenv-linux[0m[0m                                         
┃ [34m⏸ nixos-system-licht-26.05.20260907.93108a5[0m                 [0m
┣━━━ [1mBuilds          [0m │ [1mDownloads      [0m │ [1mHost                   [0m
┃    [33m   [0m │ [32m   [0m │      │ [33m   [0m │ [32m   [0m │     │ [35m      localhost        [0m
┃    [33m   [0m │ [32m   [0m │      │ [33m↓ [1m2[0m[0m │ [32m↓ [1m8[0m[0m │     │ [35mcache.nixos.org (https)[0m
┗━ ∑ [33m⏵ 0[0m │ [32m✔ 0[0m │ [34m⏸ [1m27[0m[0m │ [33m↓ [1m2[0m[0m │ [32m↓ [1m8[0m[0m │ [34m⏸ 0[0m │ [1m⏱ 42s                  [0m[?2026l[?2026h[2K[1F[2K[1F[2K[1F[2K[1F[2K[1F[2K[1F[2K[1F[2K[1F[2K[1F[2K[1F[2K[1F[2K[1F[2K[1F[2K[1F[2K[1F[2K[1F[2K[0m┏━ [1mDependency Graph[0m:
┃ [34m┌─ [0m[34m⏸ activate[0m[90m waiting for [0m[33m2 ↓[0m                               
┃ [34m│  [0m      [34m┌─ [0m[34m⏸ dummy-xdg-mime-dirs1[0m[90m waiting for [0m[33m1 ↓[0m          
┃ [34m│  [0m      [34m├─ [0m[34m⏸ dummy-xdg-mime-dirs2[0m[90m waiting for [0m[33m1 ↓[0m          
┃ [34m│  [0m      [34m├─ [0m[34m⏸ dummy-fc-dir2[0m[90m waiting for [0m[33m1 ↓[0m                 
┃ [34m│  [0m      [34m├─ [0m[34m⏸ dummy-fc-dir1[0m[90m waiting for [0m[33m1 ↓[0m                 
┃ [34m│  [0m   [34m┌─ [0m[34m⏸ home-manager-path[0m                                
┃ [34m│  [0m   [34m├─ [0m[34m⏸ builder.pl[0m[90m waiting for [0m[33m1 ↓[0m                       
┃ [34m│  [0m   [34m├─ [0m[1m[33m↓ ⏵ texinfo-7.2[0m[0m ⏱ 7s 1.4MiB/13.7MiB                [1m 10.1%[0m
┃ [34m│  [0m[34m┌─ [0m[34m⏸ user-environment[0m                                    
┃ [34m├─ [0m[34m⏸ etc[0m                                                    
┃ [34m├─ [0m[1m[33m↓ ⏵ stdenv-linux[0m[0m                                         
┃ [34m⏸ nixos-system-licht-26.05.20260907.93108a5[0m                 [0m
┣━━━ [1mBuilds          [0m │ [1mDownloads      [0m │ [1mHost                   [0m
┃    [33m   [0m │ [32m   [0m │      │ [33m   [0m │ [32m   [0m │     │ [35m      localhost        [0m
┃    [33m   [0m │ [32m   [0m │      │ [33m↓ [1m2[0m[0m │ [32m↓ [1m8[0m[0m │     │ [35mcache.nixos.org (https)[0m
┗━ ∑ [33m⏵ 0[0m │ [32m✔ 0[0m │ [34m⏸ [1m27[0m[0m │ [33m↓ [1m2[0m[0m │ [32m↓ [1m8[0m[0m │ [34m⏸ 0[0m │ [1m⏱ 42s                  [0m[?2026l[?2026h[2K[1F[2K[1F[2K[1F[2K[1F[2K[1F[2K[1F[2K[1F[2K[1F[2K[1F[2K[1F[2K[1F[2K[1F[2K[1F[2K[1F[2K[1F[2K[1F[2K[0m┏━ [1mDependency Graph[0m:
┃ [34m┌─ [0m[34m⏸ activate[0m[90m waiting for [0m[33m2 ↓[0m                               
┃ [34m│  [0m      [34m┌─ [0m[34m⏸ dummy-xdg-mime-dirs1[0m[90m waiting for [0m[33m1 ↓[0m          
┃ [34m│  [0m      [34m├─ [0m[34m⏸ dummy-xdg-mime-dirs2[0m[90m waiting for [0m[33m1 ↓[0m          
┃ [34m│  [0m      [34m├─ [0m[34m⏸ dummy-fc-dir2[0m[90m waiting for [0m[33m1 ↓[0m                 
┃ [34m│  [0m      [34m├─ [0m[34m⏸ dummy-fc-dir1[0m[90m waiting for [0m[33m1 ↓[0m                 
┃ [34m│  [0m   [34m┌─ [0m[34m⏸ home-manager-path[0m                                
┃ [34m│  [0m   [34m├─ [0m[34m⏸ builder.pl[0m[90m waiting for [0m[33m1 ↓[0m                       
┃ [34m│  [0m   [34m├─ [0m[1m[33m↓ ⏵ texinfo-7.2[0m[0m ⏱ 7s 1.4MiB/13.7MiB                [1m 10.1%[0m
┃ [34m│  [0m[34m┌─ [0m[34m⏸ user-environment[0m                                    
┃ [34m├─ [0m[34m⏸ etc[0m                                                    
┃ [34m├─ [0m[1m[33m↓ ⏵ stdenv-linux[0m[0m                                         
┃ [34m⏸ nixos-system-licht-26.05.20260907.93108a5[0m                 [0m
┣━━━ [1mBuilds          [0m │ [1mDownloads      [0m │ [1mHost                   [0m
┃    [33m   [0m │ [32m   [0m │      │ [33m   [0m │ [32m   [0m │     │ [35m      localhost        [0m
┃    [33m   [0m │ [32m   [0m │      │ [33m↓ [1m2[0m[0m │ [32m↓ [1m8[0m[0m │     │ [35mcache.nixos.org (https)[0m
┗━ ∑ [33m⏵ 0[0m │ [32m✔ 0[0m │ [34m⏸ [1m27[0m[0m │ [33m↓ [1m2[0m[0m │ [32m↓ [1m8[0m[0m │ [34m⏸ 0[0m │ [1m⏱ 42s                  [0m[?2026l[?2026h[2K[1F[2K[1F[2K[1F[2K[1F[2K[1F[2K[1F[2K[1F[2K[1F[2K[1F[2K[1F[2K[1F[2K[1F[2K[1F[2K[1F[2K[1F[2K[1F[2K[0m┏━ [1mDependency Graph[0m:
┃ [34m┌─ [0m[34m⏸ activate[0m[90m waiting for [0m[33m2 ↓[0m                               
┃ [34m│  [0m      [34m┌─ [0m[34m⏸ dummy-xdg-mime-dirs1[0m[90m waiting for [0m[33m1 ↓[0m          
┃ [34m│  [0m      [34m├─ [0m[34m⏸ dummy-xdg-mime-dirs2[0m[90m waiting for [0m[33m1 ↓[0m          
┃ [34m│  [0m      [34m├─ [0m[34m⏸ dummy-fc-dir2[0m[90m waiting for [0m[33m1 ↓[0m                 
┃ [34m│  [0m      [34m├─ [0m[34m⏸ dummy-fc-dir1[0m[90m waiting for [0m[33m1 ↓[0m                 
┃ [34m│  [0m   [34m┌─ [0m[34m⏸ home-manager-path[0m                                
┃ [34m│  [0m   [34m├─ [0m[34m⏸ builder.pl[0m[90m waiting for [0m[33m1 ↓[0m                       
┃ [34m│  [0m   [34m├─ [0m[1m[33m↓ ⏵ texinfo-7.2[0m[0m ⏱ 7s 1.4MiB/13.7MiB                [1m 10.1%[0m
┃ [34m│  [0m[34m┌─ [0m[34m⏸ user-environment[0m                                    
┃ [34m├─ [0m[34m⏸ etc[0m                                                    
┃ [34m├─ [0m[1m[33m↓ ⏵ stdenv-linux[0m[0m                                         
┃ [34m⏸ nixos-system-licht-26.05.20260907.93108a5[0m                 [0m
┣━━━ [1mBuilds          [0m │ [1mDownloads      [0m │ [1mHost                   [0m
┃    [33m   [0m │ [32m   [0m │      │ [33m   [0m │ [32m   [0m │     │ [35m      localhost        [0m
┃    [33m   [0m │ [32m   [0m │      │ [33m↓ [1m2[0m[0m │ [32m↓ [1m8[0m[0m │     │ [35mcache.nixos.org (https)[0m
┗━ ∑ [33m⏵ 0[0m │ [32m✔ 0[0m │ [34m⏸ [1m27[0m[0m │ [33m↓ [1m2[0m[0m │ [32m↓ [1m8[0m[0m │ [34m⏸ 0[0m │ [1m⏱ 42s                  [0m[?2026l[?2026h[2K[1F[2K[1F[2K[1F[2K[1F[2K[1F[2K[1F[2K[1F[2K[1F[2K[1F[2K[1F[2K[1F[2K[1F[2K[1F[2K[1F[2K[1F[2K[1F[2K[0m┏━ [1mDependency Graph[0m:
┃ [34m┌─ [0m[34m⏸ activate[0m[90m waiting for [0m[33m2 ↓[0m                               
┃ [34m│  [0m      [34m┌─ [0m[34m⏸ dummy-xdg-mime-dirs1[0m[90m waiting for [0m[33m1 ↓[0m          
┃ [34m│  [0m      [34m├─ [0m[34m⏸ dummy-xdg-mime-dirs2[0m[90m waiting for [0m[33m1 ↓[0m          
┃ [34m│  [0m      [34m├─ [0m[34m⏸ dummy-fc-dir2[0m[90m waiting for [0m[33m1 ↓[0m                 
┃ [34m│  [0m      [34m├─ [0m[34m⏸ dummy-fc-dir1[0m[90m waiting for [0m[33m1 ↓[0m                 
┃ [34m│  [0m   [34m┌─ [0m[34m⏸ home-manager-path[0m                                
┃ [34m│  [0m   [34m├─ [0m[34m⏸ builder.pl[0m[90m waiting for [0m[33m1 ↓[0m                       
┃ [34m│  [0m   [34m├─ [0m[1m[33m↓ ⏵ texinfo-7.2[0m[0m ⏱ 7s 1.5MiB/13.7MiB                [1m 11.0%[0m
┃ [34m│  [0m[34m┌─ [0m[34m⏸ user-environment[0m                                    
┃ [34m├─ [0m[34m⏸ etc[0m                                                    
┃ [34m├─ [0m[1m[33m↓ ⏵ stdenv-linux[0m[0m                                         
┃ [34m⏸ nixos-system-licht-26.05.20260907.93108a5[0m                 [0m
┣━━━ [1mBuilds          [0m │ [1mDownloads      [0m │ [1mHost                   [0m
┃    [33m   [0m │ [32m   [0m │      │ [33m   [0m │ [32m   [0m │     │ [35m      localhost        [0m
┃    [33m   [0m │ [32m   [0m │      │ [33m↓ [1m2[0m[0m │ [32m↓ [1m8[0m[0m │     │ [35mcache.nixos.org (https)[0m
┗━ ∑ [33m⏵ 0[0m │ [32m✔ 0[0m │ [34m⏸ [1m27[0m[0m │ [33m↓ [1m2[0m[0m │ [32m↓ [1m8[0m[0m │ [34m⏸ 0[0m │ [1m⏱ 42s                  [0m[?2026l[?2026h[2K[1F[2K[1F[2K[1F[2K[1F[2K[1F[2K[1F[2K[1F[2K[1F[2K[1F[2K[1F[2K[1F[2K[1F[2K[1F[2K[1F[2K[1F[2K[1F[2K[0m┏━ [1mDependency Graph[0m:
┃ [34m┌─ [0m[34m⏸ activate[0m[90m waiting for [0m[33m2 ↓[0m                               
┃ [34m│  [0m      [34m┌─ [0m[34m⏸ dummy-xdg-mime-dirs1[0m[90m waiting for [0m[33m1 ↓[0m          
┃ [34m│  [0m      [34m├─ [0m[34m⏸ dummy-xdg-mime-dirs2[0m[90m waiting for [0m[33m1 ↓[0m          
┃ [34m│  [0m      [34m├─ [0m[34m⏸ dummy-fc-dir2[0m[90m waiting for [0m[33m1 ↓[0m                 
┃ [34m│  [0m      [34m├─ [0m[34m⏸ dummy-fc-dir1[0m[90m waiting for [0m[33m1 ↓[0m                 
┃ [34m│  [0m   [34m┌─ [0m[34m⏸ home-manager-path[0m                                
┃ [34m│  [0m   [34m├─ [0m[34m⏸ builder.pl[0m[90m waiting for [0m[33m1 ↓[0m                       
┃ [34m│  [0m   [34m├─ [0m[1m[33m↓ ⏵ texinfo-7.2[0m[0m ⏱ 7s 1.5MiB/13.7MiB                [1m 11.0%[0m
┃ [34m│  [0m[34m┌─ [0m[34m⏸ user-environment[0m                                    
┃ [34m├─ [0m[34m⏸ etc[0m                                                    
┃ [34m├─ [0m[1m[33m↓ ⏵ stdenv-linux[0m[0m                                         
┃ [34m⏸ nixos-system-licht-26.05.20260907.93108a5[0m                 [0m
┣━━━ [1mBuilds          [0m │ [1mDownloads      [0m │ [1mHost                   [0m
┃    [33m   [0m │ [32m   [0m │      │ [33m   [0m │ [32m   [0m │     │ [35m      localhost        [0m
┃    [33m   [0m │ [32m   [0m │      │ [33m↓ [1m2[0m[0m │ [32m↓ [1m8[0m[0m │     │ [35mcache.nixos.org (https)[0m
┗━ ∑ [33m⏵ 0[0m │ [32m✔ 0[0m │ [34m⏸ [1m27[0m[0m │ [33m↓ [1m2[0m[0m │ [32m↓ [1m8[0m[0m │ [34m⏸ 0[0m │ [1m⏱ 43s                  [0m[?2026l[?2026h[2K[1F[2K[1F[2K[1F[2K[1F[2K[1F[2K[1F[2K[1F[2K[1F[2K[1F[2K[1F[2K[1F[2K[1F[2K[1F[2K[1F[2K[1F[2K[1F[2K[0m┏━ [1mDependency Graph[0m:
┃ [34m┌─ [0m[34m⏸ activate[0m[90m waiting for [0m[33m2 ↓[0m                               
┃ [34m│  [0m      [34m┌─ [0m[34m⏸ dummy-xdg-mime-dirs1[0m[90m waiting for [0m[33m1 ↓[0m          
┃ [34m│  [0m      [34m├─ [0m[34m⏸ dummy-xdg-mime-dirs2[0m[90m waiting for [0m[33m1 ↓[0m          
┃ [34m│  [0m      [34m├─ [0m[34m⏸ dummy-fc-dir2[0m[90m waiting for [0m[33m1 ↓[0m                 
┃ [34m│  [0m      [34m├─ [0m[34m⏸ dummy-fc-dir1[0m[90m waiting for [0m[33m1 ↓[0m                 
┃ [34m│  [0m   [34m┌─ [0m[34m⏸ home-manager-path[0m                                
┃ [34m│  [0m   [34m├─ [0m[34m⏸ builder.pl[0m[90m waiting for [0m[33m1 ↓[0m                       
┃ [34m│  [0m   [34m├─ [0m[1m[33m↓ ⏵ texinfo-7.2[0m[0m ⏱ 7s 1.5MiB/13.7MiB                [1m 11.0%[0m
┃ [34m│  [0m[34m┌─ [0m[34m⏸ user-environment[0m                                    
┃ [34m├─ [0m[34m⏸ etc[0m                                                    
┃ [34m├─ [0m[1m[33m↓ ⏵ stdenv-linux[0m[0m                                         
┃ [34m⏸ nixos-system-licht-26.05.20260907.93108a5[0m                 [0m
┣━━━ [1mBuilds          [0m │ [1mDownloads      [0m │ [1mHost                   [0m
┃    [33m   [0m │ [32m   [0m │      │ [33m   [0m │ [32m   [0m │     │ [35m      localhost        [0m
┃    [33m   [0m │ [32m   [0m │      │ [33m↓ [1m2[0m[0m │ [32m↓ [1m8[0m[0m │     │ [35mcache.nixos.org (https)[0m
┗━ ∑ [33m⏵ 0[0m │ [32m✔ 0[0m │ [34m⏸ [1m27[0m[0m │ [33m↓ [1m2[0m[0m │ [32m↓ [1m8[0m[0m │ [34m⏸ 0[0m │ [1m⏱ 43s                  [0m[?2026l[?2026h[2K[1F[2K[1F[2K[1F[2K[1F[2K[1F[2K[1F[2K[1F[2K[1F[2K[1F[2K[1F[2K[1F[2K[1F[2K[1F[2K[1F[2K[1F[2K[1F[2K[0m┏━ [1mDependency Graph[0m:
┃ [34m┌─ [0m[34m⏸ activate[0m[90m waiting for [0m[33m2 ↓[0m                               
┃ [34m│  [0m      [34m┌─ [0m[34m⏸ dummy-xdg-mime-dirs1[0m[90m waiting for [0m[33m1 ↓[0m          
┃ [34m│  [0m      [34m├─ [0m[34m⏸ dummy-xdg-mime-dirs2[0m[90m waiting for [0m[33m1 ↓[0m          
┃ [34m│  [0m      [34m├─ [0m[34m⏸ dummy-fc-dir2[0m[90m waiting for [0m[33m1 ↓[0m                 
┃ [34m│  [0m      [34m├─ [0m[34m⏸ dummy-fc-dir1[0m[90m waiting for [0m[33m1 ↓[0m                 
┃ [34m│  [0m   [34m┌─ [0m[34m⏸ home-manager-path[0m                                
┃ [34m│  [0m   [34m├─ [0m[34m⏸ builder.pl[0m[90m waiting for [0m[33m1 ↓[0m                       
┃ [34m│  [0m   [34m├─ [0m[1m[33m↓ ⏵ texinfo-7.2[0m[0m ⏱ 8s 1.5MiB/13.7MiB                [1m 11.0%[0m
┃ [34m│  [0m[34m┌─ [0m[34m⏸ user-environment[0m                                    
┃ [34m├─ [0m[34m⏸ etc[0m                                                    
┃ [34m├─ [0m[1m[33m↓ ⏵ stdenv-linux[0m[0m                                         
┃ [34m⏸ nixos-system-licht-26.05.20260907.93108a5[0m                 [0m
┣━━━ [1mBuilds          [0m │ [1mDownloads      [0m │ [1mHost                   [0m
┃    [33m   [0m │ [32m   [0m │      │ [33m   [0m │ [32m   [0m │     │ [35m      localhost        [0m
┃    [33m   [0m │ [32m   [0m │      │ [33m↓ [1m2[0m[0m │ [32m↓ [1m8[0m[0m │     │ [35mcache.nixos.org (https)[0m
┗━ ∑ [33m⏵ 0[0m │ [32m✔ 0[0m │ [34m⏸ [1m27[0m[0m │ [33m↓ [1m2[0m[0m │ [32m↓ [1m8[0m[0m │ [34m⏸ 0[0m │ [1m⏱ 43s                  [0m[?2026l[?2026h[2K[1F[2K[1F[2K[1F[2K[1F[2K[1F[2K[1F[2K[1F[2K[1F[2K[1F[2K[1F[2K[1F[2K[1F[2K[1F[2K[1F[2K[1F[2K[1F[2K[0m┏━ [1mDependency Graph[0m:
┃ [34m┌─ [0m[34m⏸ activate[0m[90m waiting for [0m[33m2 ↓[0m                               
┃ [34m│  [0m      [34m┌─ [0m[34m⏸ dummy-xdg-mime-dirs1[0m[90m waiting for [0m[33m1 ↓[0m          
┃ [34m│  [0m      [34m├─ [0m[34m⏸ dummy-xdg-mime-dirs2[0m[90m waiting for [0m[33m1 ↓[0m          
┃ [34m│  [0m      [34m├─ [0m[34m⏸ dummy-fc-dir2[0m[90m waiting for [0m[33m1 ↓[0m                 
┃ [34m│  [0m      [34m├─ [0m[34m⏸ dummy-fc-dir1[0m[90m waiting for [0m[33m1 ↓[0m                 
┃ [34m│  [0m   [34m┌─ [0m[34m⏸ home-manager-path[0m                                
┃ [34m│  [0m   [34m├─ [0m[34m⏸ builder.pl[0m[90m waiting for [0m[33m1 ↓[0m                       
┃ [34m│  [0m   [34m├─ [0m[1m[33m↓ ⏵ texinfo-7.2[0m[0m ⏱ 8s 1.5MiB/13.7MiB                [1m 11.0%[0m
┃ [34m│  [0m[34m┌─ [0m[34m⏸ user-environment[0m                                    
┃ [34m├─ [0m[34m⏸ etc[0m                                                    
┃ [34m├─ [0m[1m[33m↓ ⏵ stdenv-linux[0m[0m ⏱ 1s                                    
┃ [34m⏸ nixos-system-licht-26.05.20260907.93108a5[0m                 [0m
┣━━━ [1mBuilds          [0m │ [1mDownloads      [0m │ [1mHost                   [0m
┃    [33m   [0m │ [32m   [0m │      │ [33m   [0m │ [32m   [0m │     │ [35m      localhost        [0m
┃    [33m   [0m │ [32m   [0m │      │ [33m↓ [1m2[0m[0m │ [32m↓ [1m8[0m[0m │     │ [35mcache.nixos.org (https)[0m
┗━ ∑ [33m⏵ 0[0m │ [32m✔ 0[0m │ [34m⏸ [1m27[0m[0m │ [33m↓ [1m2[0m[0m │ [32m↓ [1m8[0m[0m │ [34m⏸ 0[0m │ [1m⏱ 43s                  [0m[?2026l[?2026h[2K[1F[2K[1F[2K[1F[2K[1F[2K[1F[2K[1F[2K[1F[2K[1F[2K[1F[2K[1F[2K[1F[2K[1F[2K[1F[2K[1F[2K[1F[2K[1F[2K[0m┏━ [1mDependency Graph[0m:
┃ [34m┌─ [0m[34m⏸ activate[0m[90m waiting for [0m[33m2 ↓[0m                               
┃ [34m│  [0m      [34m┌─ [0m[34m⏸ dummy-xdg-mime-dirs1[0m[90m waiting for [0m[33m1 ↓[0m          
┃ [34m│  [0m      [34m├─ [0m[34m⏸ dummy-xdg-mime-dirs2[0m[90m waiting for [0m[33m1 ↓[0m          
┃ [34m│  [0m      [34m├─ [0m[34m⏸ dummy-fc-dir2[0m[90m waiting for [0m[33m1 ↓[0m                 
┃ [34m│  [0m      [34m├─ [0m[34m⏸ dummy-fc-dir1[0m[90m waiting for [0m[33m1 ↓[0m                 
┃ [34m│  [0m   [34m┌─ [0m[34m⏸ home-manager-path[0m                                
┃ [34m│  [0m   [34m├─ [0m[34m⏸ builder.pl[0m[90m waiting for [0m[33m1 ↓[0m                       
┃ [34m│  [0m   [34m├─ [0m[1m[33m↓ ⏵ texinfo-7.2[0m[0m ⏱ 8s 1.6MiB/13.7MiB                [1m 11.9%[0m
┃ [34m│  [0m[34m┌─ [0m[34m⏸ user-environment[0m                                    
┃ [34m├─ [0m[34m⏸ etc[0m                                                    
┃ [34m├─ [0m[1m[33m↓ ⏵ stdenv-linux[0m[0m ⏱ 1s                                    
┃ [34m⏸ nixos-system-licht-26.05.20260907.93108a5[0m                 [0m
┣━━━ [1mBuilds          [0m │ [1mDownloads      [0m │ [1mHost                   [0m
┃    [33m   [0m │ [32m   [0m │      │ [33m   [0m │ [32m   [0m │     │ [35m      localhost        [0m
┃    [33m   [0m │ [32m   [0m │      │ [33m↓ [1m2[0m[0m │ [32m↓ [1m8[0m[0m │     │ [35mcache.nixos.org (https)[0m
┗━ ∑ [33m⏵ 0[0m │ [32m✔ 0[0m │ [34m⏸ [1m27[0m[0m │ [33m↓ [1m2[0m[0m │ [32m↓ [1m8[0m[0m │ [34m⏸ 0[0m │ [1m⏱ 43s                  [0m[?2026l[?2026h[2K[1F[2K[1F[2K[1F[2K[1F[2K[1F[2K[1F[2K[1F[2K[1F[2K[1F[2K[1F[2K[1F[2K[1F[2K[1F[2K[1F[2K[1F[2K[1F[2K[0m┏━ [1mDependency Graph[0m:
┃ [34m┌─ [0m[34m⏸ activate[0m[90m waiting for [0m[33m2 ↓[0m                               
┃ [34m│  [0m      [34m┌─ [0m[34m⏸ dummy-xdg-mime-dirs1[0m[90m waiting for [0m[33m1 ↓[0m          
┃ [34m│  [0m      [34m├─ [0m[34m⏸ dummy-xdg-mime-dirs2[0m[90m waiting for [0m[33m1 ↓[0m          
┃ [34m│  [0m      [34m├─ [0m[34m⏸ dummy-fc-dir2[0m[90m waiting for [0m[33m1 ↓[0m                 
┃ [34m│  [0m      [34m├─ [0m[34m⏸ dummy-fc-dir1[0m[90m waiting for [0m[33m1 ↓[0m                 
┃ [34m│  [0m   [34m┌─ [0m[34m⏸ home-manager-path[0m                                
┃ [34m│  [0m   [34m├─ [0m[34m⏸ builder.pl[0m[90m waiting for [0m[33m1 ↓[0m                       
┃ [34m│  [0m   [34m├─ [0m[1m[33m↓ ⏵ texinfo-7.2[0m[0m ⏱ 8s 1.6MiB/13.7MiB                [1m 11.9%[0m
┃ [34m│  [0m[34m┌─ [0m[34m⏸ user-environment[0m                                    
┃ [34m├─ [0m[34m⏸ etc[0m                                                    
┃ [34m├─ [0m[1m[33m↓ ⏵ stdenv-linux[0m[0m ⏱ 1s                                    
┃ [34m⏸ nixos-system-licht-26.05.20260907.93108a5[0m                 [0m
┣━━━ [1mBuilds          [0m │ [1mDownloads      [0m │ [1mHost                   [0m
┃    [33m   [0m │ [32m   [0m │      │ [33m   [0m │ [32m   [0m │     │ [35m      localhost        [0m
┃    [33m   [0m │ [32m   [0m │      │ [33m↓ [1m2[0m[0m │ [32m↓ [1m8[0m[0m │     │ [35mcache.nixos.org (https)[0m
┗━ ∑ [33m⏵ 0[0m │ [32m✔ 0[0m │ [34m⏸ [1m27[0m[0m │ [33m↓ [1m2[0m[0m │ [32m↓ [1m8[0m[0m │ [34m⏸ 0[0m │ [1m⏱ 43s                  [0m[?2026l[?2026h[2K[1F[2K[1F[2K[1F[2K[1F[2K[1F[2K[1F[2K[1F[2K[1F[2K[1F[2K[1F[2K[1F[2K[1F[2K[1F[2K[1F[2K[1F[2K[1F[2K[0m┏━ [1mDependency Graph[0m:
┃ [34m┌─ [0m[34m⏸ activate[0m[90m waiting for [0m[33m2 ↓[0m                               
┃ [34m│  [0m      [34m┌─ [0m[34m⏸ dummy-xdg-mime-dirs1[0m[90m waiting for [0m[33m1 ↓[0m          
┃ [34m│  [0m      [34m├─ [0m[34m⏸ dummy-xdg-mime-dirs2[0m[90m waiting for [0m[33m1 ↓[0m          
┃ [34m│  [0m      [34m├─ [0m[34m⏸ dummy-fc-dir2[0m[90m waiting for [0m[33m1 ↓[0m                 
┃ [34m│  [0m      [34m├─ [0m[34m⏸ dummy-fc-dir1[0m[90m waiting for [0m[33m1 ↓[0m                 
┃ [34m│  [0m   [34m┌─ [0m[34m⏸ home-manager-path[0m                                
┃ [34m│  [0m   [34m├─ [0m[34m⏸ builder.pl[0m[90m waiting for [0m[33m1 ↓[0m                       
┃ [34m│  [0m   [34m├─ [0m[1m[33m↓ ⏵ texinfo-7.2[0m[0m ⏱ 8s 1.6MiB/13.7MiB                [1m 11.9%[0m
┃ [34m│  [0m[34m┌─ [0m[34m⏸ user-environment[0m                                    
┃ [34m├─ [0m[34m⏸ etc[0m                                                    
┃ [34m├─ [0m[1m[33m↓ ⏵ stdenv-linux[0m[0m ⏱ 1s                                    
┃ [34m⏸ nixos-system-licht-26.05.20260907.93108a5[0m                 [0m
┣━━━ [1mBuilds          [0m │ [1mDownloads      [0m │ [1mHost                   [0m
┃    [33m   [0m │ [32m   [0m │      │ [33m   [0m │ [32m   [0m │     │ [35m      localhost        [0m
┃    [33m   [0m │ [32m   [0m │      │ [33m↓ [1m2[0m[0m │ [32m↓ [1m8[0m[0m │     │ [35mcache.nixos.org (https)[0m
┗━ ∑ [33m⏵ 0[0m │ [32m✔ 0[0m │ [34m⏸ [1m27[0m[0m │ [33m↓ [1m2[0m[0m │ [32m↓ [1m8[0m[0m │ [34m⏸ 0[0m │ [1m⏱ 43s                  [0m[?2026l[?2026h[2K[1F[2K[1F[2K[1F[2K[1F[2K[1F[2K[1F[2K[1F[2K[1F[2K[1F[2K[1F[2K[1F[2K[1F[2K[1F[2K[1F[2K[1F[2K[1F[2K[0m┏━ [1mDependency Graph[0m:
┃ [34m┌─ [0m[34m⏸ activate[0m[90m waiting for [0m[33m2 ↓[0m                               
┃ [34m│  [0m      [34m┌─ [0m[34m⏸ dummy-xdg-mime-dirs1[0m[90m waiting for [0m[33m1 ↓[0m          
┃ [34m│  [0m      [34m├─ [0m[34m⏸ dummy-xdg-mime-dirs2[0m[90m waiting for [0m[33m1 ↓[0m          
┃ [34m│  [0m      [34m├─ [0m[34m⏸ dummy-fc-dir2[0m[90m waiting for [0m[33m1 ↓[0m                 
┃ [34m│  [0m      [34m├─ [0m[34m⏸ dummy-fc-dir1[0m[90m waiting for [0m[33m1 ↓[0m                 
┃ [34m│  [0m   [34m┌─ [0m[34m⏸ home-manager-path[0m                                
┃ [34m│  [0m   [34m├─ [0m[34m⏸ builder.pl[0m[90m waiting for [0m[33m1 ↓[0m                       
┃ [34m│  [0m   [34m├─ [0m[1m[33m↓ ⏵ texinfo-7.2[0m[0m ⏱ 8s 1.6MiB/13.7MiB                [1m 11.9%[0m
┃ [34m│  [0m[34m┌─ [0m[34m⏸ user-environment[0m                                    
┃ [34m├─ [0m[34m⏸ etc[0m                                                    
┃ [34m├─ [0m[1m[33m↓ ⏵ stdenv-linux[0m[0m ⏱ 1s                                    
┃ [34m⏸ nixos-system-licht-26.05.20260907.93108a5[0m                 [0m
┣━━━ [1mBuilds          [0m │ [1mDownloads      [0m │ [1mHost                   [0m
┃    [33m   [0m │ [32m   [0m │      │ [33m   [0m │ [32m   [0m │     │ [35m      localhost        [0m
┃    [33m   [0m │ [32m   [0m │      │ [33m↓ [1m2[0m[0m │ [32m↓ [1m8[0m[0m │     │ [35mcache.nixos.org (https)[0m
┗━ ∑ [33m⏵ 0[0m │ [32m✔ 0[0m │ [34m⏸ [1m27[0m[0m │ [33m↓ [1m2[0m[0m │ [32m↓ [1m8[0m[0m │ [34m⏸ 0[0m │ [1m⏱ 43s                  [0m[?2026l[?2026h[2K[1F[2K[1F[2K[1F[2K[1F[2K[1F[2K[1F[2K[1F[2K[1F[2K[1F[2K[1F[2K[1F[2K[1F[2K[1F[2K[1F[2K[1F[2K[1F[2K[0m┏━ [1mDependency Graph[0m:
┃ [34m┌─ [0m[34m⏸ activate[0m[90m waiting for [0m[33m2 ↓[0m                               
┃ [34m│  [0m      [34m┌─ [0m[34m⏸ dummy-xdg-mime-dirs1[0m[90m waiting for [0m[33m1 ↓[0m          
┃ [34m│  [0m      [34m├─ [0m[34m⏸ dummy-xdg-mime-dirs2[0m[90m waiting for [0m[33m1 ↓[0m          
┃ [34m│  [0m      [34m├─ [0m[34m⏸ dummy-fc-dir2[0m[90m waiting for [0m[33m1 ↓[0m                 
┃ [34m│  [0m      [34m├─ [0m[34m⏸ dummy-fc-dir1[0m[90m waiting for [0m[33m1 ↓[0m                 
┃ [34m│  [0m   [34m┌─ [0m[34m⏸ home-manager-path[0m                                
┃ [34m│  [0m   [34m├─ [0m[34m⏸ builder.pl[0m[90m waiting for [0m[33m1 ↓[0m                       
┃ [34m│  [0m   [34m├─ [0m[1m[33m↓ ⏵ texinfo-7.2[0m[0m ⏱ 8s 1.6MiB/13.7MiB                [1m 11.9%[0m
┃ [34m│  [0m[34m┌─ [0m[34m⏸ user-environment[0m                                    
┃ [34m├─ [0m[34m⏸ etc[0m                                                    
┃ [34m├─ [0m[1m[33m↓ ⏵ stdenv-linux[0m[0m ⏱ 1s                                    
┃ [34m⏸ nixos-system-licht-26.05.20260907.93108a5[0m                 [0m
┣━━━ [1mBuilds          [0m │ [1mDownloads      [0m │ [1mHost                   [0m
┃    [33m   [0m │ [32m   [0m │      │ [33m   [0m │ [32m   [0m │     │ [35m      localhost        [0m
┃    [33m   [0m │ [32m   [0m │      │ [33m↓ [1m2[0m[0m │ [32m↓ [1m8[0m[0m │     │ [35mcache.nixos.org (https)[0m
┗━ ∑ [33m⏵ 0[0m │ [32m✔ 0[0m │ [34m⏸ [1m27[0m[0m │ [33m↓ [1m2[0m[0m │ [32m↓ [1m8[0m[0m │ [34m⏸ 0[0m │ [1m⏱ 43s                  [0m[?2026l[?2026h[2K[1F[2K[1F[2K[1F[2K[1F[2K[1F[2K[1F[2K[1F[2K[1F[2K[1F[2K[1F[2K[1F[2K[1F[2K[1F[2K[1F[2K[1F[2K[1F[2K[0m┏━ [1mDependency Graph[0m:
┃ [34m┌─ [0m[34m⏸ activate[0m[90m waiting for [0m[33m2 ↓[0m                               
┃ [34m│  [0m      [34m┌─ [0m[34m⏸ dummy-xdg-mime-dirs1[0m[90m waiting for [0m[33m1 ↓[0m          
┃ [34m│  [0m      [34m├─ [0m[34m⏸ dummy-xdg-mime-dirs2[0m[90m waiting for [0m[33m1 ↓[0m          
┃ [34m│  [0m      [34m├─ [0m[34m⏸ dummy-fc-dir2[0m[90m waiting for [0m[33m1 ↓[0m                 
┃ [34m│  [0m      [34m├─ [0m[34m⏸ dummy-fc-dir1[0m[90m waiting for [0m[33m1 ↓[0m                 
┃ [34m│  [0m   [34m┌─ [0m[34m⏸ home-manager-path[0m                                
┃ [34m│  [0m   [34m├─ [0m[34m⏸ builder.pl[0m[90m waiting for [0m[33m1 ↓[0m                       
┃ [34m│  [0m   [34m├─ [0m[1m[33m↓ ⏵ texinfo-7.2[0m[0m ⏱ 8s 1.6MiB/13.7MiB                [1m 11.9%[0m
┃ [34m│  [0m[34m┌─ [0m[34m⏸ user-environment[0m                                    
┃ [34m├─ [0m[34m⏸ etc[0m                                                    
┃ [34m├─ [0m[1m[33m↓ ⏵ stdenv-linux[0m[0m ⏱ 1s                                    
┃ [34m⏸ nixos-system-licht-26.05.20260907.93108a5[0m                 [0m
┣━━━ [1mBuilds          [0m │ [1mDownloads      [0m │ [1mHost                   [0m
┃    [33m   [0m │ [32m   [0m │      │ [33m   [0m │ [32m   [0m │     │ [35m      localhost        [0m
┃    [33m   [0m │ [32m   [0m │      │ [33m↓ [1m2[0m[0m │ [32m↓ [1m8[0m[0m │     │ [35mcache.nixos.org (https)[0m
┗━ ∑ [33m⏵ 0[0m │ [32m✔ 0[0m │ [34m⏸ [1m27[0m[0m │ [33m↓ [1m2[0m[0m │ [32m↓ [1m8[0m[0m │ [34m⏸ 0[0m │ [1m⏱ 43s                  [0m[?2026l[?2026h[2K[1F[2K[1F[2K[1F[2K[1F[2K[1F[2K[1F[2K[1F[2K[1F[2K[1F[2K[1F[2K[1F[2K[1F[2K[1F[2K[1F[2K[1F[2K[1F[2K[0m┏━ [1mDependency Graph[0m:
┃ [34m┌─ [0m[34m⏸ activate[0m[90m waiting for [0m[33m2 ↓[0m                               
┃ [34m│  [0m      [34m┌─ [0m[34m⏸ dummy-xdg-mime-dirs1[0m[90m waiting for [0m[33m1 ↓[0m          
┃ [34m│  [0m      [34m├─ [0m[34m⏸ dummy-xdg-mime-dirs2[0m[90m waiting for [0m[33m1 ↓[0m          
┃ [34m│  [0m      [34m├─ [0m[34m⏸ dummy-fc-dir2[0m[90m waiting for [0m[33m1 ↓[0m                 
┃ [34m│  [0m      [34m├─ [0m[34m⏸ dummy-fc-dir1[0m[90m waiting for [0m[33m1 ↓[0m                 
┃ [34m│  [0m   [34m┌─ [0m[34m⏸ home-manager-path[0m                                
┃ [34m│  [0m   [34m├─ [0m[34m⏸ builder.pl[0m[90m waiting for [0m[33m1 ↓[0m                       
┃ [34m│  [0m   [34m├─ [0m[1m[33m↓ ⏵ texinfo-7.2[0m[0m ⏱ 8s 1.8MiB/13.7MiB                [1m 12.8%[0m
┃ [34m│  [0m[34m┌─ [0m[34m⏸ user-environment[0m                                    
┃ [34m├─ [0m[34m⏸ etc[0m                                                    
┃ [34m├─ [0m[1m[33m↓ ⏵ stdenv-linux[0m[0m ⏱ 1s                                    
┃ [34m⏸ nixos-system-licht-26.05.20260907.93108a5[0m                 [0m
┣━━━ [1mBuilds          [0m │ [1mDownloads      [0m │ [1mHost                   [0m
┃    [33m   [0m │ [32m   [0m │      │ [33m   [0m │ [32m   [0m │     │ [35m      localhost        [0m
┃    [33m   [0m │ [32m   [0m │      │ [33m↓ [1m2[0m[0m │ [32m↓ [1m8[0m[0m │     │ [35mcache.nixos.org (https)[0m
┗━ ∑ [33m⏵ 0[0m │ [32m✔ 0[0m │ [34m⏸ [1m27[0m[0m │ [33m↓ [1m2[0m[0m │ [32m↓ [1m8[0m[0m │ [34m⏸ 0[0m │ [1m⏱ 43s                  [0m[?2026l[?2026h[2K[1F[2K[1F[2K[1F[2K[1F[2K[1F[2K[1F[2K[1F[2K[1F[2K[1F[2K[1F[2K[1F[2K[1F[2K[1F[2K[1F[2K[1F[2K[1F[2K[0m┏━ [1mDependency Graph[0m:
┃ [34m┌─ [0m[34m⏸ activate[0m[90m waiting for [0m[33m2 ↓[0m                               
┃ [34m│  [0m      [34m┌─ [0m[34m⏸ dummy-xdg-mime-dirs1[0m[90m waiting for [0m[33m1 ↓[0m          
┃ [34m│  [0m      [34m├─ [0m[34m⏸ dummy-xdg-mime-dirs2[0m[90m waiting for [0m[33m1 ↓[0m          
┃ [34m│  [0m      [34m├─ [0m[34m⏸ dummy-fc-dir2[0m[90m waiting for [0m[33m1 ↓[0m                 
┃ [34m│  [0m      [34m├─ [0m[34m⏸ dummy-fc-dir1[0m[90m waiting for [0m[33m1 ↓[0m                 
┃ [34m│  [0m   [34m┌─ [0m[34m⏸ home-manager-path[0m                                
┃ [34m│  [0m   [34m├─ [0m[34m⏸ builder.pl[0m[90m waiting for [0m[33m1 ↓[0m                       
┃ [34m│  [0m   [34m├─ [0m[1m[33m↓ ⏵ texinfo-7.2[0m[0m ⏱ 8s 1.8MiB/13.7MiB                [1m 12.8%[0m
┃ [34m│  [0m[34m┌─ [0m[34m⏸ user-environment[0m                                    
┃ [34m├─ [0m[34m⏸ etc[0m                                                    
┃ [34m├─ [0m[1m[33m↓ ⏵ stdenv-linux[0m[0m ⏱ 1s                                    
┃ [34m⏸ nixos-system-licht-26.05.20260907.93108a5[0m                 [0m
┣━━━ [1mBuilds          [0m │ [1mDownloads      [0m │ [1mHost                   [0m
┃    [33m   [0m │ [32m   [0m │      │ [33m   [0m │ [32m   [0m │     │ [35m      localhost        [0m
┃    [33m   [0m │ [32m   [0m │      │ [33m↓ [1m2[0m[0m │ [32m↓ [1m8[0m[0m │     │ [35mcache.nixos.org (https)[0m
┗━ ∑ [33m⏵ 0[0m │ [32m✔ 0[0m │ [34m⏸ [1m27[0m[0m │ [33m↓ [1m2[0m[0m │ [32m↓ [1m8[0m[0m │ [34m⏸ 0[0m │ [1m⏱ 43s                  [0m[?2026l[?2026h[2K[1F[2K[1F[2K[1F[2K[1F[2K[1F[2K[1F[2K[1F[2K[1F[2K[1F[2K[1F[2K[1F[2K[1F[2K[1F[2K[1F[2K[1F[2K[1F[2K[0m┏━ [1mDependency Graph[0m:
┃ [34m┌─ [0m[34m⏸ activate[0m[90m waiting for [0m[33m2 ↓[0m                               
┃ [34m│  [0m      [34m┌─ [0m[34m⏸ dummy-xdg-mime-dirs1[0m[90m waiting for [0m[33m1 ↓[0m          
┃ [34m│  [0m      [34m├─ [0m[34m⏸ dummy-xdg-mime-dirs2[0m[90m waiting for [0m[33m1 ↓[0m          
┃ [34m│  [0m      [34m├─ [0m[34m⏸ dummy-fc-dir2[0m[90m waiting for [0m[33m1 ↓[0m                 
┃ [34m│  [0m      [34m├─ [0m[34m⏸ dummy-fc-dir1[0m[90m waiting for [0m[33m1 ↓[0m                 
┃ [34m│  [0m   [34m┌─ [0m[34m⏸ home-manager-path[0m                                
┃ [34m│  [0m   [34m├─ [0m[34m⏸ builder.pl[0m[90m waiting for [0m[33m1 ↓[0m                       
┃ [34m│  [0m   [34m├─ [0m[1m[33m↓ ⏵ texinfo-7.2[0m[0m ⏱ 8s 1.8MiB/13.7MiB                [1m 12.8%[0m
┃ [34m│  [0m[34m┌─ [0m[34m⏸ user-environment[0m                                    
┃ [34m├─ [0m[34m⏸ etc[0m                                                    
┃ [34m├─ [0m[1m[33m↓ ⏵ stdenv-linux[0m[0m ⏱ 1s                                    
┃ [34m⏸ nixos-system-licht-26.05.20260907.93108a5[0m                 [0m
┣━━━ [1mBuilds          [0m │ [1mDownloads      [0m │ [1mHost                   [0m
┃    [33m   [0m │ [32m   [0m │      │ [33m   [0m │ [32m   [0m │     │ [35m      localhost        [0m
┃    [33m   [0m │ [32m   [0m │      │ [33m↓ [1m2[0m[0m │ [32m↓ [1m8[0m[0m │     │ [35mcache.nixos.org (https)[0m
┗━ ∑ [33m⏵ 0[0m │ [32m✔ 0[0m │ [34m⏸ [1m27[0m[0m │ [33m↓ [1m2[0m[0m │ [32m↓ [1m8[0m[0m │ [34m⏸ 0[0m │ [1m⏱ 43s                  [0m[?2026l[?2026h[2K[1F[2K[1F[2K[1F[2K[1F[2K[1F[2K[1F[2K[1F[2K[1F[2K[1F[2K[1F[2K[1F[2K[1F[2K[1F[2K[1F[2K[1F[2K[1F[2K[0m┏━ [1mDependency Graph[0m:
┃ [34m┌─ [0m[34m⏸ activate[0m[90m waiting for [0m[33m2 ↓[0m                               
┃ [34m│  [0m      [34m┌─ [0m[34m⏸ dummy-xdg-mime-dirs1[0m[90m waiting for [0m[33m1 ↓[0m          
┃ [34m│  [0m      [34m├─ [0m[34m⏸ dummy-xdg-mime-dirs2[0m[90m waiting for [0m[33m1 ↓[0m          
┃ [34m│  [0m      [34m├─ [0m[34m⏸ dummy-fc-dir2[0m[90m waiting for [0m[33m1 ↓[0m                 
┃ [34m│  [0m      [34m├─ [0m[34m⏸ dummy-fc-dir1[0m[90m waiting for [0m[33m1 ↓[0m                 
┃ [34m│  [0m   [34m┌─ [0m[34m⏸ home-manager-path[0m                                
┃ [34m│  [0m   [34m├─ [0m[34m⏸ builder.pl[0m[90m waiting for [0m[33m1 ↓[0m                       
┃ [34m│  [0m   [34m├─ [0m[1m[33m↓ ⏵ texinfo-7.2[0m[0m ⏱ 8s 2.0MiB/13.7MiB                [1m 14.6%[0m
┃ [34m│  [0m[34m┌─ [0m[34m⏸ user-environment[0m                                    
┃ [34m├─ [0m[34m⏸ etc[0m                                                    
┃ [34m├─ [0m[1m[33m↓ ⏵ stdenv-linux[0m[0m ⏱ 1s                                    
┃ [34m⏸ nixos-system-licht-26.05.20260907.93108a5[0m                 [0m
┣━━━ [1mBuilds          [0m │ [1mDownloads      [0m │ [1mHost                   [0m
┃    [33m   [0m │ [32m   [0m │      │ [33m   [0m │ [32m   [0m │     │ [35m      localhost        [0m
┃    [33m   [0m │ [32m   [0m │      │ [33m↓ [1m2[0m[0m │ [32m↓ [1m8[0m[0m │     │ [35mcache.nixos.org (https)[0m
┗━ ∑ [33m⏵ 0[0m │ [32m✔ 0[0m │ [34m⏸ [1m27[0m[0m │ [33m↓ [1m2[0m[0m │ [32m↓ [1m8[0m[0m │ [34m⏸ 0[0m │ [1m⏱ 43s                  [0m[?2026l[?2026h[2K[1F[2K[1F[2K[1F[2K[1F[2K[1F[2K[1F[2K[1F[2K[1F[2K[1F[2K[1F[2K[1F[2K[1F[2K[1F[2K[1F[2K[1F[2K[1F[2K[0m┏━ [1mDependency Graph[0m:
┃ [34m┌─ [0m[34m⏸ activate[0m[90m waiting for [0m[33m2 ↓[0m                               
┃ [34m│  [0m      [34m┌─ [0m[34m⏸ dummy-xdg-mime-dirs1[0m[90m waiting for [0m[33m1 ↓[0m          
┃ [34m│  [0m      [34m├─ [0m[34m⏸ dummy-xdg-mime-dirs2[0m[90m waiting for [0m[33m1 ↓[0m          
┃ [34m│  [0m      [34m├─ [0m[34m⏸ dummy-fc-dir2[0m[90m waiting for [0m[33m1 ↓[0m                 
┃ [34m│  [0m      [34m├─ [0m[34m⏸ dummy-fc-dir1[0m[90m waiting for [0m[33m1 ↓[0m                 
┃ [34m│  [0m   [34m┌─ [0m[34m⏸ home-manager-path[0m                                
┃ [34m│  [0m   [34m├─ [0m[34m⏸ builder.pl[0m[90m waiting for [0m[33m1 ↓[0m                       
┃ [34m│  [0m   [34m├─ [0m[1m[33m↓ ⏵ texinfo-7.2[0m[0m ⏱ 8s 2.0MiB/13.7MiB                [1m 14.6%[0m
┃ [34m│  [0m[34m┌─ [0m[34m⏸ user-environment[0m                                    
┃ [34m├─ [0m[34m⏸ etc[0m                                                    
┃ [34m├─ [0m[1m[33m↓ ⏵ stdenv-linux[0m[0m ⏱ 1s                                    
┃ [34m⏸ nixos-system-licht-26.05.20260907.93108a5[0m                 [0m
┣━━━ [1mBuilds          [0m │ [1mDownloads      [0m │ [1mHost                   [0m
┃    [33m   [0m │ [32m   [0m │      │ [33m   [0m │ [32m   [0m │     │ [35m      localhost        [0m
┃    [33m   [0m │ [32m   [0m │      │ [33m↓ [1m2[0m[0m │ [32m↓ [1m8[0m[0m │     │ [35mcache.nixos.org (https)[0m
┗━ ∑ [33m⏵ 0[0m │ [32m✔ 0[0m │ [34m⏸ [1m27[0m[0m │ [33m↓ [1m2[0m[0m │ [32m↓ [1m8[0m[0m │ [34m⏸ 0[0m │ [1m⏱ 43s                  [0m[?2026l[?2026h[2K[1F[2K[1F[2K[1F[2K[1F[2K[1F[2K[1F[2K[1F[2K[1F[2K[1F[2K[1F[2K[1F[2K[1F[2K[1F[2K[1F[2K[1F[2K[1F[2K[0m┏━ [1mDependency Graph[0m:
┃ [34m┌─ [0m[34m⏸ activate[0m[90m waiting for [0m[33m1 ↓[0m                               
┃ [34m│  [0m      [34m┌─ [0m[34m⏸ dummy-xdg-mime-dirs1[0m                          
┃ [34m│  [0m      [34m├─ [0m[34m⏸ dummy-xdg-mime-dirs2[0m                          
┃ [34m│  [0m      [34m├─ [0m[34m⏸ dummy-fc-dir2[0m                                 
┃ [34m│  [0m      [34m├─ [0m[34m⏸ dummy-fc-dir1[0m                                 
┃ [34m│  [0m   [34m┌─ [0m[34m⏸ home-manager-path[0m                                
┃ [34m│  [0m   [34m├─ [0m[34m⏸ builder.pl[0m                                       
┃ [34m│  [0m   [34m├─ [0m[1m[33m↓ ⏵ texinfo-7.2[0m[0m ⏱ 8s 2.0MiB/13.7MiB                [1m 14.6%[0m
┃ [34m│  [0m[34m┌─ [0m[34m⏸ user-environment[0m                                    
┃ [34m├─ [0m[34m⏸ etc[0m                                                    
┃ [34m⏸ nixos-system-licht-26.05.20260907.93108a5[0m                 [0m
┣━━━ [1mBuilds          [0m │ [1mDownloads      [0m │ [1mHost                   [0m
┃    [33m   [0m │ [32m   [0m │      │ [33m   [0m │ [32m   [0m │     │ [35m      localhost        [0m
┃    [33m   [0m │ [32m   [0m │      │ [33m↓ [1m1[0m[0m │ [32m↓ [1m9[0m[0m │     │ [35mcache.nixos.org (https)[0m
┗━ ∑ [33m⏵ 0[0m │ [32m✔ 0[0m │ [34m⏸ [1m27[0m[0m │ [33m↓ [1m1[0m[0m │ [32m↓ [1m9[0m[0m │ [34m⏸ 0[0m │ [1m⏱ 44s                  [0m[?2026l[?2026h[2K[1F[2K[1F[2K[1F[2K[1F[2K[1F[2K[1F[2K[1F[2K[1F[2K[1F[2K[1F[2K[1F[2K[1F[2K[1F[2K[1F[2K[1F[2K[0m[34mactivation-script> [0mbuilding '/nix/store/6clrlkq5jr0wp29b23i5azv2nn2g3vlc-activation-script.drv'
[0m[34mboot.json> [0mbuilding '/nix/store/vllmkgx0s9lbjjyynbl3vay620chw5pi-boot.json.drv'
[0m[34mbuilder.pl> [0mbuilding '/nix/store/pf2c4zhfbayczrsihwc3s7hk2zkzgn1b-builder.pl.drv'
[0m┏━ [1mDependency Graph[0m:
┃ [34m┌─ [0m[33m[1m⏵ boot.json[0m[0m                                              
┃ [34m├─ [0m[34m⏸ perl-5.42.0-env[0m[90m waiting for [0m[33m1 ⏵[0m                        
┃ [34m├─ [0m[34m⏸ activate[0m[90m waiting for [0m[33m2 ⏵[0m [33m1 ↓[0m                           
┃ [34m│  [0m            [34m┌─ [0m[34m⏸ hm_fontconfigconf.d10hmfonts.conf[0m[90m waiting for [0m[33m1 ⏵[0m
┃ [34m│  [0m         [34m┌─ [0m[34m⏸ home-manager-files[0m                         
┃ [34m│  [0m         [34m├─ [0m[33m[1m⏵ activation-script[0m[0m                          
┃ [34m│  [0m      [34m┌─ [0m[34m⏸ home-manager-generation[0m                       
┃ [34m│  [0m   [34m┌─ [0m[34m⏸ unit-home-manager-licht.service[0m                  
┃ [34m│  [0m   [34m├─ [0m[34m⏸ unit-pipewire.socket-disabled[0m                    
┃ [34m│  [0m[34m┌─ [0m[34m⏸ system-units[0m                                        
┃ [34m│  [0m[34m│  [0m   [34m┌─ [0m[34m⏸ dummy-xdg-mime-dirs1[0m                          
┃ [34m│  [0m[34m│  [0m   [34m├─ [0m[34m⏸ dummy-xdg-mime-dirs2[0m                          
┃ [34m│  [0m[34m│  [0m   [34m├─ [0m[34m⏸ dummy-fc-dir2[0m                                 
┃ [34m│  [0m[34m│  [0m   [34m├─ [0m[34m⏸ dummy-fc-dir1[0m                                 
┃ [34m│  [0m[34m│  [0m[34m┌─ [0m[34m⏸ home-manager-path[0m                                
┃ [34m│  [0m[34m│  [0m[34m├─ [0m[33m[1m⏵ builder.pl[0m[0m                                       
┃ [34m│  [0m[34m│  [0m[34m├─ [0m[1m[33m↓ ⏵ texinfo-7.2[0m[0m ⏱ 9s 2.2MiB/13.7MiB                [1m 16.5%[0m
┃ [34m│  [0m[34m├─ [0m[34m⏸ user-environment[0m                                    
┃ [34m├─ [0m[34m⏸ etc[0m                                                    
┃ [34m⏸ nixos-system-licht-26.05.20260907.93108a5[0m                 [0m
┣━━━ [1mBuilds          [0m │ [1mDownloads      [0m │ [1mHost                   [0m
┃    [33m⏵ [1m3[0m[0m │ [32m   [0m │      │ [33m   [0m │ [32m   [0m │     │ [35m      localhost        [0m
┃    [33m   [0m │ [32m   [0m │      │ [33m↓ [1m1[0m[0m │ [32m↓ [1m9[0m[0m │     │ [35mcache.nixos.org (https)[0m
┗━ ∑ [33m⏵ [1m3[0m[0m │ [32m✔ 0[0m │ [34m⏸ [1m24[0m[0m │ [33m↓ [1m1[0m[0m │ [32m↓ [1m9[0m[0m │ [34m⏸ 0[0m │ [1m⏱ 44s                  [0m[?2026l[?2026h[2K[1F[2K[1F[2K[1F[2K[1F[2K[1F[2K[1F[2K[1F[2K[1F[2K[1F[2K[1F[2K[1F[2K[1F[2K[1F[2K[1F[2K[1F[2K[1F[2K[1F[2K[1F[2K[1F[2K[1F[2K[1F[2K[1F[2K[1F[2K[1F[2K[0m[34mdry-activate> [0mbuilding '/nix/store/ib85ryh54ylcxh57wzcjz1mibww1virf-dry-activate.drv'
[0m[34mdummy-fc-dir> [0mbuilding '/nix/store/anxvzyn8v6qchr1bjx4h6avmwh8xaswa-dummy-fc-dir1.drv'
[0m┏━ [1mDependency Graph[0m:
┃ [34m┌─ [0m[33m[1m⏵ dry-activate[0m[0m                                           
┃ [34m├─ [0m[34m⏸ perl-5.42.0-env[0m[90m waiting for [0m[33m1 ⏵[0m                        
┃ [34m├─ [0m[34m⏸ activate[0m[90m waiting for [0m[33m3 ⏵[0m [33m1 ↓[0m                           
┃ [34m│  [0m   [34m┌─ [0m[1m[33m↓ ⏵ texinfo-7.2[0m[0m ⏱ 9s 2.5MiB/13.7MiB                [1m 18.3%[0m
┃ [34m│  [0m[34m┌─ [0m[34m⏸ user-environment[0m                                    
┃ [34m│  [0m[34m│  [0m[34m┌─ [0m[34m⏸ unit-pipewire.socket-disabled[0m                    
┃ [34m│  [0m[34m│  [0m[34m│  [0m            [34m┌─ [0m[34m⏸ dummy-xdg-mime-dirs1[0m              
┃ [34m│  [0m[34m│  [0m[34m│  [0m            [34m├─ [0m[34m⏸ dummy-xdg-mime-dirs2[0m              
┃ [34m│  [0m[34m│  [0m[34m│  [0m            [34m├─ [0m[34m⏸ dummy-fc-dir2[0m                     
┃ [34m│  [0m[34m│  [0m[34m│  [0m            [34m├─ [0m[33m[1m⏵ dummy-fc-dir1[0m[0m                     
┃ [34m│  [0m[34m│  [0m[34m│  [0m            [34m├─ [0m[33m[1m⏵ builder.pl[0m[0m                        
┃ [34m│  [0m[34m│  [0m[34m│  [0m         [34m┌─ [0m[34m⏸ home-manager-path[0m                    
┃ [34m│  [0m[34m│  [0m[34m│  [0m      [34m┌─ [0m[34m⏸ hm_fontconfigconf.d10hmfonts.conf[0m       
┃ [34m│  [0m[34m│  [0m[34m│  [0m   [34m┌─ [0m[34m⏸ home-manager-files[0m                         
┃ [34m│  [0m[34m│  [0m[34m│  [0m   [34m├─ [0m[33m[1m⏵ activation-script[0m[0m                          
┃ [34m│  [0m[34m│  [0m[34m│  [0m[34m┌─ [0m[34m⏸ home-manager-generation[0m                       
┃ [34m│  [0m[34m│  [0m[34m├─ [0m[34m⏸ unit-home-manager-licht.service[0m                  
┃ [34m│  [0m[34m├─ [0m[34m⏸ system-units[0m                                        
┃ [34m├─ [0m[34m⏸ etc[0m                                                    
┃ [34m⏸ nixos-system-licht-26.05.20260907.93108a5[0m                 [0m
┣━━━ [1mBuilds          [0m │ [1mDownloads      [0m │ [1mHost                   [0m
┃    [33m⏵ [1m4[0m[0m │ [32m✔ [1m1[0m[0m │      │ [33m   [0m │ [32m   [0m │     │ [35m      localhost        [0m
┃    [33m   [0m │ [32m   [0m │      │ [33m↓ [1m1[0m[0m │ [32m↓ [1m9[0m[0m │     │ [35mcache.nixos.org (https)[0m
┗━ ∑ [33m⏵ [1m4[0m[0m │ [32m✔ [1m1[0m[0m │ [34m⏸ [1m22[0m[0m │ [33m↓ [1m1[0m[0m │ [32m↓ [1m9[0m[0m │ [34m⏸ 0[0m │ [1m⏱ 44s                  [0m[?2026l[?2026h[2K[1F[2K[1F[2K[1F[2K[1F[2K[1F[2K[1F[2K[1F[2K[1F[2K[1F[2K[1F[2K[1F[2K[1F[2K[1F[2K[1F[2K[1F[2K[1F[2K[1F[2K[1F[2K[1F[2K[1F[2K[1F[2K[1F[2K[1F[2K[1F[2K[0m[34mbuilder.pl> [0mRunning phase: patchPhase
[0m┏━ [1mDependency Graph[0m:
┃ [34m┌─ [0m[34m⏸ perl-5.42.0-env[0m[90m waiting for [0m[33m1 ⏵[0m                        
┃ [34m├─ [0m[34m⏸ activate[0m[90m waiting for [0m[33m2 ⏵[0m [33m1 ↓[0m                           
┃ [34m│  [0m   [34m┌─ [0m[1m[33m↓ ⏵ texinfo-7.2[0m[0m ⏱ 9s 2.5MiB/13.7MiB                [1m 18.3%[0m
┃ [34m│  [0m[34m┌─ [0m[34m⏸ user-environment[0m                                    
┃ [34m│  [0m[34m│  [0m[34m┌─ [0m[34m⏸ unit-pipewire-pulse.socket-disabled[0m              
┃ [34m│  [0m[34m│  [0m[34m├─ [0m[34m⏸ unit-pipewire.socket-disabled[0m                    
┃ [34m│  [0m[34m│  [0m[34m│  [0m            [34m┌─ [0m[34m⏸ dummy-xdg-mime-dirs1[0m              
┃ [34m│  [0m[34m│  [0m[34m│  [0m            [34m├─ [0m[34m⏸ dummy-xdg-mime-dirs2[0m              
┃ [34m│  [0m[34m│  [0m[34m│  [0m            [34m├─ [0m[34m⏸ dummy-fc-dir2[0m                     
┃ [34m│  [0m[34m│  [0m[34m│  [0m            [34m├─ [0m[33m[1m⏵ dummy-fc-dir1[0m[0m                     
┃ [34m│  [0m[34m│  [0m[34m│  [0m            [34m├─ [0m[33m[1m⏵ builder.pl[0m[0m [1m(patchPhase)[0m           
┃ [34m│  [0m[34m│  [0m[34m│  [0m         [34m┌─ [0m[34m⏸ home-manager-path[0m                    
┃ [34m│  [0m[34m│  [0m[34m│  [0m      [34m┌─ [0m[34m⏸ hm_fontconfigconf.d10hmfonts.conf[0m       
┃ [34m│  [0m[34m│  [0m[34m│  [0m   [34m┌─ [0m[34m⏸ home-manager-files[0m                         
┃ [34m│  [0m[34m│  [0m[34m│  [0m[34m┌─ [0m[34m⏸ home-manager-generation[0m                       
┃ [34m│  [0m[34m│  [0m[34m├─ [0m[34m⏸ unit-home-manager-licht.service[0m                  
┃ [34m│  [0m[34m├─ [0m[34m⏸ system-units[0m                                        
┃ [34m├─ [0m[34m⏸ etc[0m                                                    
┃ [34m├─ [0m[33m[1m⏵ dry-activate[0m[0m                                           
┃ [34m⏸ nixos-system-licht-26.05.20260907.93108a5[0m                 [0m
┣━━━ [1mBuilds          [0m │ [1mDownloads      [0m │ [1mHost                   [0m
┃    [33m⏵ [1m3[0m[0m │ [32m✔ [1m2[0m[0m │      │ [33m   [0m │ [32m   [0m │     │ [35m      localhost        [0m
┃    [33m   [0m │ [32m   [0m │      │ [33m↓ [1m1[0m[0m │ [32m↓ [1m9[0m[0m │     │ [35mcache.nixos.org (https)[0m
┗━ ∑ [33m⏵ [1m3[0m[0m │ [32m✔ [1m2[0m[0m │ [34m⏸ [1m22[0m[0m │ [33m↓ [1m1[0m[0m │ [32m↓ [1m9[0m[0m │ [34m⏸ 0[0m │ [1m⏱ 44s                  [0m[?2026l[?2026h[2K[1F[2K[1F[2K[1F[2K[1F[2K[1F[2K[1F[2K[1F[2K[1F[2K[1F[2K[1F[2K[1F[2K[1F[2K[1F[2K[1F[2K[1F[2K[1F[2K[1F[2K[1F[2K[1F[2K[1F[2K[1F[2K[1F[2K[1F[2K[1F[2K[0m[34mdummy-fc-dir> [0mbuilding '/nix/store/hsnk2y5bs4nhr9blvid8iadnmdyl09gv-dummy-fc-dir2.drv'
[0m[34mbuilder.pl> [0mRunning phase: updateAutotoolsGnuConfigScriptsPhase
[0m[34mbuilder.pl> [0mRunning phase: configurePhase
[0m[34mbuilder.pl> [0mno configure script, doing nothing
[0m[34mbuilder.pl> [0mRunning phase: buildPhase
[0m[34mbuilder.pl> [0mRunning phase: checkPhase
[0m┏━ [1mDependency Graph[0m:
┃ [34m┌─ [0m[34m⏸ perl-5.42.0-env[0m[90m waiting for [0m[33m1 ⏵[0m                        
┃ [34m├─ [0m[34m⏸ activate[0m[90m waiting for [0m[33m3 ⏵[0m [33m1 ↓[0m                           
┃ [34m│  [0m   [34m┌─ [0m[34m⏸ unit-wireplumber.service-disabled[0m                
┃ [34m│  [0m   [34m├─ [0m[34m⏸ unit-pipewire-pulse.socket-disabled[0m              
┃ [34m│  [0m   [34m├─ [0m[34m⏸ unit-pipewire.socket-disabled[0m                    
┃ [34m│  [0m   [34m│  [0m      [34m┌─ [0m[34m⏸ hm_fontconfigconf.d10hmfonts.conf[0m[90m waiting for [0m[33m3 ⏵[0m
┃ [34m│  [0m   [34m│  [0m   [34m┌─ [0m[34m⏸ home-manager-files[0m                         
┃ [34m│  [0m   [34m│  [0m[34m┌─ [0m[34m⏸ home-manager-generation[0m                       
┃ [34m│  [0m   [34m├─ [0m[34m⏸ unit-home-manager-licht.service[0m                  
┃ [34m│  [0m[34m┌─ [0m[34m⏸ system-units[0m                                        
┃ [34m│  [0m[34m│  [0m   [34m┌─ [0m[34m⏸ dummy-xdg-mime-dirs1[0m                          
┃ [34m│  [0m[34m│  [0m   [34m├─ [0m[34m⏸ dummy-xdg-mime-dirs2[0m                          
┃ [34m│  [0m[34m│  [0m   [34m├─ [0m[33m[1m⏵ dummy-fc-dir2[0m[0m                                 
┃ [34m│  [0m[34m│  [0m   [34m├─ [0m[33m[1m⏵ dummy-fc-dir1[0m[0m                                 
┃ [34m│  [0m[34m│  [0m[34m┌─ [0m[34m⏸ home-manager-path[0m                                
┃ [34m│  [0m[34m│  [0m[34m├─ [0m[1m[33m↓ ⏵ texinfo-7.2[0m[0m ⏱ 9s 2.5MiB/13.7MiB                [1m 18.3%[0m
┃ [34m│  [0m[34m│  [0m[34m├─ [0m[33m[1m⏵ builder.pl[0m[0m [1m(checkPhase)[0m                          
┃ [34m│  [0m[34m├─ [0m[34m⏸ user-environment[0m                                    
┃ [34m├─ [0m[34m⏸ etc[0m                                                    
┃ [34m⏸ nixos-system-licht-26.05.20260907.93108a5[0m                 [0m
┣━━━ [1mBuilds          [0m │ [1mDownloads      [0m │ [1mHost                   [0m
┃    [33m⏵ [1m3[0m[0m │ [32m✔ [1m3[0m[0m │      │ [33m   [0m │ [32m   [0m │     │ [35m      localhost        [0m
┃    [33m   [0m │ [32m   [0m │      │ [33m↓ [1m1[0m[0m │ [32m↓ [1m9[0m[0m │     │ [35mcache.nixos.org (https)[0m
┗━ ∑ [33m⏵ [1m3[0m[0m │ [32m✔ [1m3[0m[0m │ [34m⏸ [1m21[0m[0m │ [33m↓ [1m1[0m[0m │ [32m↓ [1m9[0m[0m │ [34m⏸ 0[0m │ [1m⏱ 44s                  [0m[?2026l[?2026h[2K[1F[2K[1F[2K[1F[2K[1F[2K[1F[2K[1F[2K[1F[2K[1F[2K[1F[2K[1F[2K[1F[2K[1F[2K[1F[2K[1F[2K[1F[2K[1F[2K[1F[2K[1F[2K[1F[2K[1F[2K[1F[2K[1F[2K[1F[2K[1F[2K[0m[34mdummy-xdg-mime-dirs> [0mbuilding '/nix/store/vqfb368bpriz0qppr27238zjwkc84d18-dummy-xdg-mime-dirs1.drv'
[0m[34mbuilder.pl> [0mRunning phase: installPhase
[0m[34mbuilder.pl> [0mno Makefile or custom installPhase, doing nothing
[0m[34mbuilder.pl> [0mRunning phase: fixupPhase
[0m[34mbuilder.pl> [0mshrinking RPATHs of ELF executables and libraries in /nix/store/xswaqikx6zmlyjvd0dbah1ir0f4ja3rv-builder.pl
[0m[34mbuilder.pl> [0mchecking for references to /build/ in /nix/store/xswaqikx6zmlyjvd0dbah1ir0f4ja3rv-builder.pl...
[0m[34mbuilder.pl> [0mpatching script interpreter paths in /nix/store/xswaqikx6zmlyjvd0dbah1ir0f4ja3rv-builder.pl
[0m┏━ [1mDependency Graph[0m:
┃ [34m┌─ [0m[34m⏸ perl-5.42.0-env[0m[90m waiting for [0m[33m1 ⏵[0m                        
┃ [34m├─ [0m[34m⏸ activate[0m[90m waiting for [0m[33m3 ⏵[0m [33m1 ↓[0m                           
┃ [34m│  [0m   [34m┌─ [0m[34m⏸ unit-console-getty.service-disabled[0m              
┃ [34m│  [0m   [34m├─ [0m[34m⏸ unit-wireplumber.service-disabled[0m                
┃ [34m│  [0m   [34m├─ [0m[34m⏸ unit-pipewire-pulse.socket-disabled[0m              
┃ [34m│  [0m   [34m├─ [0m[34m⏸ unit-pipewire.socket-disabled[0m                    
┃ [34m│  [0m   [34m│  [0m      [34m┌─ [0m[34m⏸ hm_fontconfigconf.d10hmfonts.conf[0m[90m waiting for [0m[33m3 ⏵[0m
┃ [34m│  [0m   [34m│  [0m   [34m┌─ [0m[34m⏸ home-manager-files[0m                         
┃ [34m│  [0m   [34m│  [0m[34m┌─ [0m[34m⏸ home-manager-generation[0m                       
┃ [34m│  [0m   [34m├─ [0m[34m⏸ unit-home-manager-licht.service[0m                  
┃ [34m│  [0m[34m┌─ [0m[34m⏸ system-units[0m                                        
┃ [34m│  [0m[34m│  [0m   [34m┌─ [0m[33m[1m⏵ dummy-xdg-mime-dirs1[0m[0m                          
┃ [34m│  [0m[34m│  [0m   [34m├─ [0m[34m⏸ dummy-xdg-mime-dirs2[0m                          
┃ [34m│  [0m[34m│  [0m   [34m├─ [0m[33m[1m⏵ dummy-fc-dir2[0m[0m                                 
┃ [34m│  [0m[34m│  [0m[34m┌─ [0m[34m⏸ home-manager-path[0m                                
┃ [34m│  [0m[34m│  [0m[34m├─ [0m[1m[33m↓ ⏵ texinfo-7.2[0m[0m ⏱ 9s 2.6MiB/13.7MiB                [1m 19.2%[0m
┃ [34m│  [0m[34m│  [0m[34m├─ [0m[33m[1m⏵ builder.pl[0m[0m [1m(fixupPhase)[0m                          
┃ [34m│  [0m[34m├─ [0m[34m⏸ user-environment[0m                                    
┃ [34m├─ [0m[34m⏸ etc[0m                                                    
┃ [34m⏸ nixos-system-licht-26.05.20260907.93108a5[0m                 [0m
┣━━━ [1mBuilds          [0m │ [1mDownloads      [0m │ [1mHost                   [0m
┃    [33m⏵ [1m3[0m[0m │ [32m✔ [1m4[0m[0m │      │ [33m   [0m │ [32m   [0m │     │ [35m      localhost        [0m
┃    [33m   [0m │ [32m   [0m │      │ [33m↓ [1m1[0m[0m │ [32m↓ [1m9[0m[0m │     │ [35mcache.nixos.org (https)[0m
┗━ ∑ [33m⏵ [1m3[0m[0m │ [32m✔ [1m4[0m[0m │ [34m⏸ [1m20[0m[0m │ [33m↓ [1m1[0m[0m │ [32m↓ [1m9[0m[0m │ [34m⏸ 0[0m │ [1m⏱ 44s                  [0m[?2026l[?2026h[2K[1F[2K[1F[2K[1F[2K[1F[2K[1F[2K[1F[2K[1F[2K[1F[2K[1F[2K[1F[2K[1F[2K[1F[2K[1F[2K[1F[2K[1F[2K[1F[2K[1F[2K[1F[2K[1F[2K[1F[2K[1F[2K[1F[2K[1F[2K[1F[2K[0m[34mdummy-xdg-mime-dirs> [0mbuilding '/nix/store/nfx75kpdd97h6g7x81fwsspmiz7xki2x-dummy-xdg-mime-dirs2.drv'
[0m┏━ [1mDependency Graph[0m:
┃ [34m┌─ [0m[34m⏸ activate[0m[90m waiting for [0m[33m3 ⏵[0m [33m1 ↓[0m                           
┃ [34m│  [0m   [34m┌─ [0m[34m⏸ unit-pipewire.service-disabled[0m                   
┃ [34m│  [0m   [34m├─ [0m[34m⏸ unit-pipewire-pulse.service-disabled[0m             
┃ [34m│  [0m   [34m├─ [0m[34m⏸ unit-console-getty.service-disabled[0m              
┃ [34m│  [0m   [34m├─ [0m[34m⏸ unit-wireplumber.service-disabled[0m                
┃ [34m│  [0m   [34m├─ [0m[34m⏸ unit-pipewire-pulse.socket-disabled[0m              
┃ [34m│  [0m   [34m├─ [0m[34m⏸ unit-pipewire.socket-disabled[0m                    
┃ [34m│  [0m   [34m│  [0m      [34m┌─ [0m[34m⏸ hm_fontconfigconf.d10hmfonts.conf[0m[90m waiting for [0m[33m3 ⏵[0m
┃ [34m│  [0m   [34m│  [0m   [34m┌─ [0m[34m⏸ home-manager-files[0m                         
┃ [34m│  [0m   [34m│  [0m[34m┌─ [0m[34m⏸ home-manager-generation[0m                       
┃ [34m│  [0m   [34m├─ [0m[34m⏸ unit-home-manager-licht.service[0m                  
┃ [34m│  [0m[34m┌─ [0m[34m⏸ system-units[0m                                        
┃ [34m│  [0m[34m│  [0m   [34m┌─ [0m[33m[1m⏵ dummy-xdg-mime-dirs2[0m[0m                          
┃ [34m│  [0m[34m│  [0m   [34m├─ [0m[33m[1m⏵ dummy-xdg-mime-dirs1[0m[0m                          
┃ [34m│  [0m[34m│  [0m   [34m├─ [0m[33m[1m⏵ dummy-fc-dir2[0m[0m                                 
┃ [34m│  [0m[34m│  [0m[34m┌─ [0m[34m⏸ home-manager-path[0m                                
┃ [34m│  [0m[34m│  [0m[34m├─ [0m[1m[33m↓ ⏵ texinfo-7.2[0m[0m ⏱ 9s 2.6MiB/13.7MiB                [1m 19.2%[0m
┃ [34m│  [0m[34m├─ [0m[34m⏸ user-environment[0m                                    
┃ [34m├─ [0m[34m⏸ etc[0m                                                    
┃ [34m⏸ nixos-system-licht-26.05.20260907.93108a5[0m                 [0m
┣━━━ [1mBuilds          [0m │ [1mDownloads      [0m │ [1mHost                   [0m
┃    [33m⏵ [1m3[0m[0m │ [32m✔ [1m5[0m[0m │      │ [33m   [0m │ [32m   [0m │     │ [35m      localhost        [0m
┃    [33m   [0m │ [32m   [0m │      │ [33m↓ [1m1[0m[0m │ [32m↓ [1m9[0m[0m │     │ [35mcache.nixos.org (https)[0m
┗━ ∑ [33m⏵ [1m3[0m[0m │ [32m✔ [1m5[0m[0m │ [34m⏸ [1m19[0m[0m │ [33m↓ [1m1[0m[0m │ [32m↓ [1m9[0m[0m │ [34m⏸ 0[0m │ [1m⏱ 44s                  [0m[?2026l[?2026h[2K[1F[2K[1F[2K[1F[2K[1F[2K[1F[2K[1F[2K[1F[2K[1F[2K[1F[2K[1F[2K[1F[2K[1F[2K[1F[2K[1F[2K[1F[2K[1F[2K[1F[2K[1F[2K[1F[2K[1F[2K[1F[2K[1F[2K[1F[2K[1F[2K[0m[34mensure-all-wrappers-paths-exist> [0mbuilding '/nix/store/7nlvm031ynyhf8x2dlgfd82yqm8favxn-ensure-all-wrappers-paths-exist.drv'
[0m[34mperl-5.42.0-env> [0mbuilding '/nix/store/ly0ps4x1qagr4af9gb9qggqdkxkzrzgi-perl-5.42.0-env.drv'
[0m[34mstage-2-init.sh> [0mbuilding '/nix/store/qrriaiayg3y9n7x7pjbfn69xi2p6nxqr-stage-2-init.sh.drv'
[0m[34mensure-all-wrappers-paths-exist> [0mChecking that Nix store paths of all wrapped programs exist... OK
[0m[34mperl-5.42.0-env> [0mstructuredAttrs is enabled
[0m[34munit-console-getty.service-disabled> [0mbuilding '/nix/store/kwxrrffciw725b7n17k3a6432zgw1ykq-unit-console-getty.service-disabled.drv'
[0m┏━ [1mDependency Graph[0m:
┃ [34m┌─ [0m[33m[1m⏵ stage-2-init.sh[0m[0m                                        
┃ [34m├─ [0m[33m[1m⏵ ensure-all-wrappers-paths-exist[0m[0m                        
┃ [34m├─ [0m[33m[1m⏵ perl-5.42.0-env[0m[0m                                        
┃ [34m├─ [0m[34m⏸ activate[0m[90m waiting for [0m[33m1 ⏵[0m [33m1 ↓[0m                           
┃ [34m│  [0m   [34m┌─ [0m[34m⏸ unit-pipewire.service-disabled[0m                   
┃ [34m│  [0m   [34m├─ [0m[34m⏸ unit-pipewire-pulse.service-disabled[0m             
┃ [34m│  [0m   [34m├─ [0m[33m[1m⏵ unit-console-getty.service-disabled[0m[0m              
┃ [34m│  [0m   [34m├─ [0m[34m⏸ unit-wireplumber.service-disabled[0m                
┃ [34m│  [0m   [34m├─ [0m[34m⏸ unit-pipewire-pulse.socket-disabled[0m              
┃ [34m│  [0m   [34m├─ [0m[34m⏸ unit-pipewire.socket-disabled[0m                    
┃ [34m│  [0m   [34m│  [0m      [34m┌─ [0m[34m⏸ hm_fontconfigconf.d10hmfonts.conf[0m       
┃ [34m│  [0m   [34m│  [0m   [34m┌─ [0m[34m⏸ home-manager-files[0m                         
┃ [34m│  [0m   [34m│  [0m[34m┌─ [0m[34m⏸ home-manager-generation[0m                       
┃ [34m│  [0m   [34m├─ [0m[34m⏸ unit-home-manager-licht.service[0m                  
┃ [34m│  [0m[34m┌─ [0m[34m⏸ system-units[0m                                        
┃ [34m│  [0m[34m│  [0m[34m┌─ [0m[34m⏸ home-manager-path[0m                                
┃ [34m│  [0m[34m│  [0m[34m├─ [0m[1m[33m↓ ⏵ texinfo-7.2[0m[0m ⏱ 9s 2.8MiB/13.7MiB                [1m 20.6%[0m
┃ [34m│  [0m[34m├─ [0m[34m⏸ user-environment[0m                                    
┃ [34m├─ [0m[34m⏸ etc[0m                                                    
┃ [34m⏸ nixos-system-licht-26.05.20260907.93108a5[0m                 [0m
┣━━━ [1mBuilds          [0m │ [1mDownloads      [0m │ [1mHost                   [0m
┃    [33m⏵ [1m4[0m[0m │ [32m✔ [1m8[0m[0m │      │ [33m   [0m │ [32m   [0m │     │ [35m      localhost        [0m
┃    [33m   [0m │ [32m   [0m │      │ [33m↓ [1m1[0m[0m │ [32m↓ [1m9[0m[0m │     │ [35mcache.nixos.org (https)[0m
┗━ ∑ [33m⏵ [1m4[0m[0m │ [32m✔ [1m8[0m[0m │ [34m⏸ [1m15[0m[0m │ [33m↓ [1m1[0m[0m │ [32m↓ [1m9[0m[0m │ [34m⏸ 0[0m │ [1m⏱ 45s                  [0m[?2026l[?2026h[2K[1F[2K[1F[2K[1F[2K[1F[2K[1F[2K[1F[2K[1F[2K[1F[2K[1F[2K[1F[2K[1F[2K[1F[2K[1F[2K[1F[2K[1F[2K[1F[2K[1F[2K[1F[2K[1F[2K[1F[2K[1F[2K[1F[2K[1F[2K[1F[2K[0m┏━ [1mDependency Graph[0m:
┃ [34m┌─ [0m[34m⏸ activate[0m[90m waiting for [0m[33m1 ⏵[0m [33m1 ↓[0m                           
┃ [34m│  [0m   [34m┌─ [0m[1m[33m↓ ⏵ texinfo-7.2[0m[0m ⏱ 10s 2.9MiB/13.7MiB               [1m 21.0%[0m
┃ [34m│  [0m[34m┌─ [0m[34m⏸ user-environment[0m                                    
┃ [34m│  [0m[34m│  [0m[34m┌─ [0m[34m⏸ unit-pipewire.service-disabled[0m                   
┃ [34m│  [0m[34m│  [0m[34m├─ [0m[34m⏸ unit-pipewire-pulse.service-disabled[0m             
┃ [34m│  [0m[34m│  [0m[34m├─ [0m[34m⏸ unit-wireplumber.service-disabled[0m                
┃ [34m│  [0m[34m│  [0m[34m├─ [0m[34m⏸ unit-pipewire-pulse.socket-disabled[0m              
┃ [34m│  [0m[34m│  [0m[34m├─ [0m[34m⏸ unit-pipewire.socket-disabled[0m                    
┃ [34m│  [0m[34m│  [0m[34m│  [0m         [34m┌─ [0m[34m⏸ home-manager-path[0m                    
┃ [34m│  [0m[34m│  [0m[34m│  [0m      [34m┌─ [0m[34m⏸ hm_fontconfigconf.d10hmfonts.conf[0m       
┃ [34m│  [0m[34m│  [0m[34m│  [0m   [34m┌─ [0m[34m⏸ home-manager-files[0m                         
┃ [34m│  [0m[34m│  [0m[34m│  [0m[34m┌─ [0m[34m⏸ home-manager-generation[0m                       
┃ [34m│  [0m[34m│  [0m[34m├─ [0m[34m⏸ unit-home-manager-licht.service[0m                  
┃ [34m│  [0m[34m│  [0m[34m├─ [0m[33m[1m⏵ unit-console-getty.service-disabled[0m[0m              
┃ [34m│  [0m[34m├─ [0m[34m⏸ system-units[0m                                        
┃ [34m├─ [0m[34m⏸ etc[0m                                                    
┃ [34m├─ [0m[33m[1m⏵ stage-2-init.sh[0m[0m                                        
┃ [34m├─ [0m[33m[1m⏵ perl-5.42.0-env[0m[0m                                        
┃ [34m├─ [0m[33m[1m⏵ ensure-all-wrappers-paths-exist[0m[0m                        
┃ [34m⏸ nixos-system-licht-26.05.20260907.93108a5[0m                 [0m
┣━━━ [1mBuilds          [0m │ [1mDownloads      [0m │ [1mHost                   [0m
┃    [33m⏵ [1m4[0m[0m │ [32m✔ [1m8[0m[0m │      │ [33m   [0m │ [32m   [0m │     │ [35m      localhost        [0m
┃    [33m   [0m │ [32m   [0m │      │ [33m↓ [1m1[0m[0m │ [32m↓ [1m9[0m[0m │     │ [35mcache.nixos.org (https)[0m
┗━ ∑ [33m⏵ [1m4[0m[0m │ [32m✔ [1m8[0m[0m │ [34m⏸ [1m15[0m[0m │ [33m↓ [1m1[0m[0m │ [32m↓ [1m9[0m[0m │ [34m⏸ 0[0m │ [1m⏱ 45s                  [0m[?2026l[?2026h[2K[1F[2K[1F[2K[1F[2K[1F[2K[1F[2K[1F[2K[1F[2K[1F[2K[1F[2K[1F[2K[1F[2K[1F[2K[1F[2K[1F[2K[1F[2K[1F[2K[1F[2K[1F[2K[1F[2K[1F[2K[1F[2K[1F[2K[1F[2K[1F[2K[0m┏━ [1mDependency Graph[0m:
┃ [34m┌─ [0m[34m⏸ activate[0m[90m waiting for [0m[33m1 ⏵[0m [33m1 ↓[0m                           
┃ [34m│  [0m   [34m┌─ [0m[1m[33m↓ ⏵ texinfo-7.2[0m[0m ⏱ 10s 2.9MiB/13.7MiB               [1m 21.0%[0m
┃ [34m│  [0m[34m┌─ [0m[34m⏸ user-environment[0m                                    
┃ [34m│  [0m[34m│  [0m[34m┌─ [0m[34m⏸ unit-pipewire.service-disabled[0m                   
┃ [34m│  [0m[34m│  [0m[34m├─ [0m[34m⏸ unit-pipewire-pulse.service-disabled[0m             
┃ [34m│  [0m[34m│  [0m[34m├─ [0m[34m⏸ unit-wireplumber.service-disabled[0m                
┃ [34m│  [0m[34m│  [0m[34m├─ [0m[34m⏸ unit-pipewire-pulse.socket-disabled[0m              
┃ [34m│  [0m[34m│  [0m[34m├─ [0m[34m⏸ unit-pipewire.socket-disabled[0m                    
┃ [34m│  [0m[34m│  [0m[34m│  [0m         [34m┌─ [0m[34m⏸ home-manager-path[0m                    
┃ [34m│  [0m[34m│  [0m[34m│  [0m      [34m┌─ [0m[34m⏸ hm_fontconfigconf.d10hmfonts.conf[0m       
┃ [34m│  [0m[34m│  [0m[34m│  [0m   [34m┌─ [0m[34m⏸ home-manager-files[0m                         
┃ [34m│  [0m[34m│  [0m[34m│  [0m[34m┌─ [0m[34m⏸ home-manager-generation[0m                       
┃ [34m│  [0m[34m│  [0m[34m├─ [0m[34m⏸ unit-home-manager-licht.service[0m                  
┃ [34m│  [0m[34m│  [0m[34m├─ [0m[33m[1m⏵ unit-console-getty.service-disabled[0m[0m              
┃ [34m│  [0m[34m├─ [0m[34m⏸ system-units[0m                                        
┃ [34m├─ [0m[34m⏸ etc[0m                                                    
┃ [34m├─ [0m[33m[1m⏵ stage-2-init.sh[0m[0m                                        
┃ [34m├─ [0m[33m[1m⏵ perl-5.42.0-env[0m[0m                                        
┃ [34m├─ [0m[33m[1m⏵ ensure-all-wrappers-paths-exist[0m[0m                        
┃ [34m⏸ nixos-system-licht-26.05.20260907.93108a5[0m                 [0m
┣━━━ [1mBuilds          [0m │ [1mDownloads      [0m │ [1mHost                   [0m
┃    [33m⏵ [1m4[0m[0m │ [32m✔ [1m8[0m[0m │      │ [33m   [0m │ [32m   [0m │     │ [35m      localhost        [0m
┃    [33m   [0m │ [32m   [0m │      │ [33m↓ [1m1[0m[0m │ [32m↓ [1m9[0m[0m │     │ [35mcache.nixos.org (https)[0m
┗━ ∑ [33m⏵ [1m4[0m[0m │ [32m✔ [1m8[0m[0m │ [34m⏸ [1m15[0m[0m │ [33m↓ [1m1[0m[0m │ [32m↓ [1m9[0m[0m │ [34m⏸ 0[0m │ [1m⏱ 45s                  [0m[?2026l[?2026h[2K[1F[2K[1F[2K[1F[2K[1F[2K[1F[2K[1F[2K[1F[2K[1F[2K[1F[2K[1F[2K[1F[2K[1F[2K[1F[2K[1F[2K[1F[2K[1F[2K[1F[2K[1F[2K[1F[2K[1F[2K[1F[2K[1F[2K[1F[2K[1F[2K[0m┏━ [1mDependency Graph[0m:
┃ [34m┌─ [0m[34m⏸ activate[0m[90m waiting for [0m[33m1 ⏵[0m [33m1 ↓[0m                           
┃ [34m│  [0m   [34m┌─ [0m[1m[33m↓ ⏵ texinfo-7.2[0m[0m ⏱ 10s 2.9MiB/13.7MiB               [1m 21.0%[0m
┃ [34m│  [0m[34m┌─ [0m[34m⏸ user-environment[0m                                    
┃ [34m│  [0m[34m│  [0m[34m┌─ [0m[34m⏸ unit-pipewire.service-disabled[0m                   
┃ [34m│  [0m[34m│  [0m[34m├─ [0m[34m⏸ unit-pipewire-pulse.service-disabled[0m             
┃ [34m│  [0m[34m│  [0m[34m├─ [0m[34m⏸ unit-wireplumber.service-disabled[0m                
┃ [34m│  [0m[34m│  [0m[34m├─ [0m[34m⏸ unit-pipewire-pulse.socket-disabled[0m              
┃ [34m│  [0m[34m│  [0m[34m├─ [0m[34m⏸ unit-pipewire.socket-disabled[0m                    
┃ [34m│  [0m[34m│  [0m[34m│  [0m         [34m┌─ [0m[34m⏸ home-manager-path[0m                    
┃ [34m│  [0m[34m│  [0m[34m│  [0m      [34m┌─ [0m[34m⏸ hm_fontconfigconf.d10hmfonts.conf[0m       
┃ [34m│  [0m[34m│  [0m[34m│  [0m   [34m┌─ [0m[34m⏸ home-manager-files[0m                         
┃ [34m│  [0m[34m│  [0m[34m│  [0m[34m┌─ [0m[34m⏸ home-manager-generation[0m                       
┃ [34m│  [0m[34m│  [0m[34m├─ [0m[34m⏸ unit-home-manager-licht.service[0m                  
┃ [34m│  [0m[34m│  [0m[34m├─ [0m[33m[1m⏵ unit-console-getty.service-disabled[0m[0m              
┃ [34m│  [0m[34m├─ [0m[34m⏸ system-units[0m                                        
┃ [34m├─ [0m[34m⏸ etc[0m                                                    
┃ [34m├─ [0m[33m[1m⏵ stage-2-init.sh[0m[0m                                        
┃ [34m├─ [0m[33m[1m⏵ perl-5.42.0-env[0m[0m                                        
┃ [34m├─ [0m[33m[1m⏵ ensure-all-wrappers-paths-exist[0m[0m                        
┃ [34m⏸ nixos-system-licht-26.05.20260907.93108a5[0m                 [0m
┣━━━ [1mBuilds          [0m │ [1mDownloads      [0m │ [1mHost                   [0m
┃    [33m⏵ [1m4[0m[0m │ [32m✔ [1m8[0m[0m │      │ [33m   [0m │ [32m   [0m │     │ [35m      localhost        [0m
┃    [33m   [0m │ [32m   [0m │      │ [33m↓ [1m1[0m[0m │ [32m↓ [1m9[0m[0m │     │ [35mcache.nixos.org (https)[0m
┗━ ∑ [33m⏵ [1m4[0m[0m │ [32m✔ [1m8[0m[0m │ [34m⏸ [1m15[0m[0m │ [33m↓ [1m1[0m[0m │ [32m↓ [1m9[0m[0m │ [34m⏸ 0[0m │ [1m⏱ 45s                  [0m[?2026l[?2026h[2K[1F[2K[1F[2K[1F[2K[1F[2K[1F[2K[1F[2K[1F[2K[1F[2K[1F[2K[1F[2K[1F[2K[1F[2K[1F[2K[1F[2K[1F[2K[1F[2K[1F[2K[1F[2K[1F[2K[1F[2K[1F[2K[1F[2K[1F[2K[1F[2K[0m[34mstage-2-init.sh> [0mRunning phase: patchPhase
[0m[34mstage-2-init.sh> [0mRunning phase: updateAutotoolsGnuConfigScriptsPhase
[0m[34mstage-2-init.sh> [0mRunning phase: configurePhase
[0m[34mstage-2-init.sh> [0mno configure script, doing nothing
[0m[34mstage-2-init.sh> [0mRunning phase: buildPhase
[0m[34mstage-2-init.sh> [0mRunning phase: checkPhase
[0m[34mstage-2-init.sh> [0mRunning phase: installPhase
[0m[34mstage-2-init.sh> [0mno Makefile or custom installPhase, doing nothing
[0m[34mstage-2-init.sh> [0mRunning phase: fixupPhase
[0m┏━ [1mDependency Graph[0m:
┃ [34m┌─ [0m[34m⏸ activate[0m[90m waiting for [0m[33m1 ↓[0m                               
┃ [34m│  [0m   [34m┌─ [0m[1m[33m↓ ⏵ texinfo-7.2[0m[0m ⏱ 10s 3.0MiB/13.7MiB               [1m 22.0%[0m
┃ [34m│  [0m[34m┌─ [0m[34m⏸ user-environment[0m                                    
┃ [34m│  [0m[34m│  [0m[34m┌─ [0m[34m⏸ unit-pipewire.service-disabled[0m                   
┃ [34m│  [0m[34m│  [0m[34m├─ [0m[34m⏸ unit-pipewire-pulse.service-disabled[0m             
┃ [34m│  [0m[34m│  [0m[34m├─ [0m[34m⏸ unit-wireplumber.service-disabled[0m                
┃ [34m│  [0m[34m│  [0m[34m├─ [0m[34m⏸ unit-pipewire-pulse.socket-disabled[0m              
┃ [34m│  [0m[34m│  [0m[34m├─ [0m[34m⏸ unit-pipewire.socket-disabled[0m                    
┃ [34m│  [0m[34m│  [0m[34m│  [0m         [34m┌─ [0m[34m⏸ home-manager-path[0m                    
┃ [34m│  [0m[34m│  [0m[34m│  [0m      [34m┌─ [0m[34m⏸ hm_fontconfigconf.d10hmfonts.conf[0m       
┃ [34m│  [0m[34m│  [0m[34m│  [0m   [34m┌─ [0m[34m⏸ home-manager-files[0m                         
┃ [34m│  [0m[34m│  [0m[34m│  [0m[34m┌─ [0m[34m⏸ home-manager-generation[0m                       
┃ [34m│  [0m[34m│  [0m[34m├─ [0m[34m⏸ unit-home-manager-licht.service[0m                  
┃ [34m│  [0m[34m│  [0m[34m├─ [0m[32m✔ unit-console-getty.service-disabled[0m [90m[0m             
┃ [34m│  [0m[34m├─ [0m[34m⏸ system-units[0m                                        
┃ [34m├─ [0m[34m⏸ etc[0m                                                    
┃ [34m├─ [0m[33m[1m⏵ stage-2-init.sh[0m[0m [1m(fixupPhase)[0m                           
┃ [34m├─ [0m[33m[1m⏵ perl-5.42.0-env[0m[0m                                        
┃ [34m├─ [0m[32m✔ ensure-all-wrappers-paths-exist[0m [90m[0m                       
┃ [34m⏸ nixos-system-licht-26.05.20260907.93108a5[0m                 [0m
┣━━━ [1mBuilds           [0m │ [1mDownloads      [0m │ [1mHost                   [0m
┃    [33m⏵ [1m2[0m[0m │ [32m✔ [1m10[0m[0m │      │ [33m   [0m │ [32m   [0m │     │ [35m      localhost        [0m
┃    [33m   [0m │ [32m    [0m │      │ [33m↓ [1m1[0m[0m │ [32m↓ [1m9[0m[0m │     │ [35mcache.nixos.org (https)[0m
┗━ ∑ [33m⏵ [1m2[0m[0m │ [32m✔ [1m10[0m[0m │ [34m⏸ [1m15[0m[0m │ [33m↓ [1m1[0m[0m │ [32m↓ [1m9[0m[0m │ [34m⏸ 0[0m │ [1m⏱ 45s                  [0m[?2026l[?2026h[2K[1F[2K[1F[2K[1F[2K[1F[2K[1F[2K[1F[2K[1F[2K[1F[2K[1F[2K[1F[2K[1F[2K[1F[2K[1F[2K[1F[2K[1F[2K[1F[2K[1F[2K[1F[2K[1F[2K[1F[2K[1F[2K[1F[2K[1F[2K[1F[2K[0m┏━ [1mDependency Graph[0m:
┃ [34m┌─ [0m[32m✔ ensure-all-wrappers-paths-exist[0m [90m[0m                       
┃ [34m├─ [0m[34m⏸ activate[0m[90m waiting for [0m[33m1 ↓[0m                               
┃ [34m│  [0m   [34m┌─ [0m[32m✔ unit-console-getty.service-disabled[0m [90m[0m             
┃ [34m│  [0m   [34m├─ [0m[34m⏸ unit-pipewire.service-disabled[0m                   
┃ [34m│  [0m   [34m├─ [0m[34m⏸ unit-pipewire-pulse.service-disabled[0m             
┃ [34m│  [0m   [34m├─ [0m[34m⏸ unit-wireplumber.service-disabled[0m                
┃ [34m│  [0m   [34m├─ [0m[34m⏸ unit-pipewire-pulse.socket-disabled[0m              
┃ [34m│  [0m   [34m├─ [0m[34m⏸ unit-pipewire.socket-disabled[0m                    
┃ [34m│  [0m   [34m│  [0m      [34m┌─ [0m[34m⏸ hm_fontconfigconf.d10hmfonts.conf[0m       
┃ [34m│  [0m   [34m│  [0m   [34m┌─ [0m[34m⏸ home-manager-files[0m                         
┃ [34m│  [0m   [34m│  [0m[34m┌─ [0m[34m⏸ home-manager-generation[0m                       
┃ [34m│  [0m   [34m├─ [0m[34m⏸ unit-home-manager-licht.service[0m                  
┃ [34m│  [0m[34m┌─ [0m[34m⏸ system-units[0m                                        
┃ [34m│  [0m[34m│  [0m[34m┌─ [0m[34m⏸ home-manager-path[0m                                
┃ [34m│  [0m[34m│  [0m[34m├─ [0m[1m[33m↓ ⏵ texinfo-7.2[0m[0m ⏱ 10s 3.0MiB/13.7MiB               [1m 22.0%[0m
┃ [34m│  [0m[34m├─ [0m[34m⏸ user-environment[0m                                    
┃ [34m├─ [0m[34m⏸ etc[0m                                                    
┃ [34m├─ [0m[33m[1m⏵ stage-2-init.sh[0m[0m [1m(fixupPhase)[0m                           
┃ [34m├─ [0m[33m[1m⏵ perl-5.42.0-env[0m[0m                                        
┃ [34m⏸ nixos-system-licht-26.05.20260907.93108a5[0m                 [0m
┣━━━ [1mBuilds           [0m │ [1mDownloads      [0m │ [1mHost                   [0m
┃    [33m⏵ [1m2[0m[0m │ [32m✔ [1m10[0m[0m │      │ [33m   [0m │ [32m   [0m │     │ [35m      localhost        [0m
┃    [33m   [0m │ [32m    [0m │      │ [33m↓ [1m1[0m[0m │ [32m↓ [1m9[0m[0m │     │ [35mcache.nixos.org (https)[0m
┗━ ∑ [33m⏵ [1m2[0m[0m │ [32m✔ [1m10[0m[0m │ [34m⏸ [1m15[0m[0m │ [33m↓ [1m1[0m[0m │ [32m↓ [1m9[0m[0m │ [34m⏸ 0[0m │ [1m⏱ 45s                  [0m[?2026l[?2026h[2K[1F[2K[1F[2K[1F[2K[1F[2K[1F[2K[1F[2K[1F[2K[1F[2K[1F[2K[1F[2K[1F[2K[1F[2K[1F[2K[1F[2K[1F[2K[1F[2K[1F[2K[1F[2K[1F[2K[1F[2K[1F[2K[1F[2K[1F[2K[1F[2K[0m[34mhome-manager-path> [0mbuilding '/nix/store/rcwhshz9pjd63kjfp828hac7zflfnqgq-home-manager-path.drv'
[0m┏━ [1mDependency Graph[0m:
┃ [34m┌─ [0m[32m✔ ensure-all-wrappers-paths-exist[0m [90m[0m                       
┃ [34m├─ [0m[34m⏸ activate[0m[90m waiting for [0m[33m1 ⏵[0m [33m1 ↓[0m                           
┃ [34m│  [0m   [34m┌─ [0m[32m✔ unit-console-getty.service-disabled[0m [90m[0m             
┃ [34m│  [0m   [34m├─ [0m[34m⏸ unit-pipewire.service-disabled[0m                   
┃ [34m│  [0m   [34m├─ [0m[34m⏸ unit-pipewire-pulse.service-disabled[0m             
┃ [34m│  [0m   [34m├─ [0m[34m⏸ unit-wireplumber.service-disabled[0m                
┃ [34m│  [0m   [34m├─ [0m[34m⏸ unit-pipewire-pulse.socket-disabled[0m              
┃ [34m│  [0m   [34m├─ [0m[34m⏸ unit-pipewire.socket-disabled[0m                    
┃ [34m│  [0m   [34m│  [0m      [34m┌─ [0m[34m⏸ hm_fontconfigconf.d10hmfonts.conf[0m[90m waiting for [0m[33m1 ⏵[0m
┃ [34m│  [0m   [34m│  [0m   [34m┌─ [0m[34m⏸ home-manager-files[0m                         
┃ [34m│  [0m   [34m│  [0m[34m┌─ [0m[34m⏸ home-manager-generation[0m                       
┃ [34m│  [0m   [34m├─ [0m[34m⏸ unit-home-manager-licht.service[0m                  
┃ [34m│  [0m[34m┌─ [0m[34m⏸ system-units[0m                                        
┃ [34m│  [0m[34m│  [0m[34m┌─ [0m[33m[1m⏵ home-manager-path[0m[0m                                
┃ [34m│  [0m[34m│  [0m[34m├─ [0m[1m[33m↓ ⏵ texinfo-7.2[0m[0m ⏱ 10s 3.1MiB/13.7MiB               [1m 22.9%[0m
┃ [34m│  [0m[34m├─ [0m[34m⏸ user-environment[0m                                    
┃ [34m├─ [0m[34m⏸ etc[0m                                                    
┃ [34m├─ [0m[33m[1m⏵ stage-2-init.sh[0m[0m [1m(fixupPhase)[0m                           
┃ [34m├─ [0m[33m[1m⏵ perl-5.42.0-env[0m[0m                                        
┃ [34m⏸ nixos-system-licht-26.05.20260907.93108a5[0m                 [0m
┣━━━ [1mBuilds           [0m │ [1mDownloads      [0m │ [1mHost                   [0m
┃    [33m⏵ [1m3[0m[0m │ [32m✔ [1m10[0m[0m │      │ [33m   [0m │ [32m   [0m │     │ [35m      localhost        [0m
┃    [33m   [0m │ [32m    [0m │      │ [33m↓ [1m1[0m[0m │ [32m↓ [1m9[0m[0m │     │ [35mcache.nixos.org (https)[0m
┗━ ∑ [33m⏵ [1m3[0m[0m │ [32m✔ [1m10[0m[0m │ [34m⏸ [1m14[0m[0m │ [33m↓ [1m1[0m[0m │ [32m↓ [1m9[0m[0m │ [34m⏸ 0[0m │ [1m⏱ 45s                  [0m[?2026l[?2026h[2K[1F[2K[1F[2K[1F[2K[1F[2K[1F[2K[1F[2K[1F[2K[1F[2K[1F[2K[1F[2K[1F[2K[1F[2K[1F[2K[1F[2K[1F[2K[1F[2K[1F[2K[1F[2K[1F[2K[1F[2K[1F[2K[1F[2K[1F[2K[1F[2K[0m[34munit-pipewire-pulse.service-disabled> [0mbuilding '/nix/store/wlavqm33xa86h6jrs3qxlp32yhpkb1pz-unit-pipewire-pulse.service-disabled.drv'
[0m[34mhome-manager-path> [0mstructuredAttrs is enabled
[0m[34mperl-5.42.0-env> [0mcreated 184 symlinks in user environment
[0m[34mstage-2-init.sh> [0mshrinking RPATHs of ELF executables and libraries in /nix/store/7dsmb11i9n1gqhhr1q7hfviy2bzzi3cc-stage-2-init.sh
[0m[34mstage-2-init.sh> [0mchecking for references to /build/ in /nix/store/7dsmb11i9n1gqhhr1q7hfviy2bzzi3cc-stage-2-init.sh...
[0m[34mstage-2-init.sh> [0mpatching script interpreter paths in /nix/store/7dsmb11i9n1gqhhr1q7hfviy2bzzi3cc-stage-2-init.sh
[0m┏━ [1mDependency Graph[0m:
┃ [34m┌─ [0m[32m✔ ensure-all-wrappers-paths-exist[0m [90m[0m                       
┃ [34m├─ [0m[34m⏸ activate[0m[90m waiting for [0m[33m2 ⏵[0m [33m1 ↓[0m                           
┃ [34m│  [0m   [34m┌─ [0m[32m✔ unit-console-getty.service-disabled[0m [90m[0m             
┃ [34m│  [0m   [34m├─ [0m[34m⏸ unit-pipewire.service-disabled[0m                   
┃ [34m│  [0m   [34m├─ [0m[33m[1m⏵ unit-pipewire-pulse.service-disabled[0m[0m             
┃ [34m│  [0m   [34m├─ [0m[34m⏸ unit-wireplumber.service-disabled[0m                
┃ [34m│  [0m   [34m├─ [0m[34m⏸ unit-pipewire-pulse.socket-disabled[0m              
┃ [34m│  [0m   [34m├─ [0m[34m⏸ unit-pipewire.socket-disabled[0m                    
┃ [34m│  [0m   [34m│  [0m      [34m┌─ [0m[34m⏸ hm_fontconfigconf.d10hmfonts.conf[0m[90m waiting for [0m[33m1 ⏵[0m
┃ [34m│  [0m   [34m│  [0m   [34m┌─ [0m[34m⏸ home-manager-files[0m                         
┃ [34m│  [0m   [34m│  [0m[34m┌─ [0m[34m⏸ home-manager-generation[0m                       
┃ [34m│  [0m   [34m├─ [0m[34m⏸ unit-home-manager-licht.service[0m                  
┃ [34m│  [0m[34m┌─ [0m[34m⏸ system-units[0m                                        
┃ [34m│  [0m[34m│  [0m[34m┌─ [0m[1m[33m↓ ⏵ texinfo-7.2[0m[0m ⏱ 10s 3.1MiB/13.7MiB               [1m 22.9%[0m
┃ [34m│  [0m[34m│  [0m[34m├─ [0m[33m[1m⏵ home-manager-path[0m[0m                                
┃ [34m│  [0m[34m├─ [0m[34m⏸ user-environment[0m                                    
┃ [34m├─ [0m[34m⏸ etc[0m                                                    
┃ [34m├─ [0m[32m✔ stage-2-init.sh[0m [90m[0m                                       
┃ [34m├─ [0m[33m[1m⏵ perl-5.42.0-env[0m[0m                                        
┃ [34m⏸ nixos-system-licht-26.05.20260907.93108a5[0m                 [0m
┣━━━ [1mBuilds           [0m │ [1mDownloads      [0m │ [1mHost                   [0m
┃    [33m⏵ [1m3[0m[0m │ [32m✔ [1m11[0m[0m │      │ [33m   [0m │ [32m   [0m │     │ [35m      localhost        [0m
┃    [33m   [0m │ [32m    [0m │      │ [33m↓ [1m1[0m[0m │ [32m↓ [1m9[0m[0m │     │ [35mcache.nixos.org (https)[0m
┗━ ∑ [33m⏵ [1m3[0m[0m │ [32m✔ [1m11[0m[0m │ [34m⏸ [1m13[0m[0m │ [33m↓ [1m1[0m[0m │ [32m↓ [1m9[0m[0m │ [34m⏸ 0[0m │ [1m⏱ 45s                  [0m[?2026l[?2026h[2K[1F[2K[1F[2K[1F[2K[1F[2K[1F[2K[1F[2K[1F[2K[1F[2K[1F[2K[1F[2K[1F[2K[1F[2K[1F[2K[1F[2K[1F[2K[1F[2K[1F[2K[1F[2K[1F[2K[1F[2K[1F[2K[1F[2K[1F[2K[1F[2K[0m[34munit-pipewire-pulse.socket-disabled> [0mbuilding '/nix/store/3d8dqwyr0x4hfv226h4786zl8f7ssbn6-unit-pipewire-pulse.socket-disabled.drv'
[0m┏━ [1mDependency Graph[0m:
┃ [34m┌─ [0m[32m✔ ensure-all-wrappers-paths-exist[0m [90m[0m                       
┃ [34m├─ [0m[32m✔ stage-2-init.sh[0m [90m[0m                                       
┃ [34m├─ [0m[34m⏸ activate[0m[90m waiting for [0m[33m3 ⏵[0m [33m1 ↓[0m                           
┃ [34m│  [0m   [34m┌─ [0m[1m[33m↓ ⏵ texinfo-7.2[0m[0m ⏱ 10s 3.1MiB/13.7MiB               [1m 22.9%[0m
┃ [34m│  [0m[34m┌─ [0m[34m⏸ user-environment[0m                                    
┃ [34m│  [0m[34m│  [0m[34m┌─ [0m[32m✔ unit-console-getty.service-disabled[0m [90m[0m             
┃ [34m│  [0m[34m│  [0m[34m├─ [0m[34m⏸ unit-pipewire.service-disabled[0m                   
┃ [34m│  [0m[34m│  [0m[34m├─ [0m[34m⏸ unit-wireplumber.service-disabled[0m                
┃ [34m│  [0m[34m│  [0m[34m├─ [0m[33m[1m⏵ unit-pipewire-pulse.socket-disabled[0m[0m              
┃ [34m│  [0m[34m│  [0m[34m├─ [0m[34m⏸ unit-pipewire.socket-disabled[0m                    
┃ [34m│  [0m[34m│  [0m[34m│  [0m      [34m┌─ [0m[34m⏸ hm_fontconfigconf.d10hmfonts.conf[0m[90m waiting for [0m[33m1 ⏵[0m
┃ [34m│  [0m[34m│  [0m[34m│  [0m   [34m┌─ [0m[34m⏸ home-manager-files[0m                         
┃ [34m│  [0m[34m│  [0m[34m│  [0m   [34m├─ [0m[33m[1m⏵ home-manager-path[0m[0m                          
┃ [34m│  [0m[34m│  [0m[34m│  [0m[34m┌─ [0m[34m⏸ home-manager-generation[0m                       
┃ [34m│  [0m[34m│  [0m[34m├─ [0m[34m⏸ unit-home-manager-licht.service[0m                  
┃ [34m│  [0m[34m│  [0m[34m├─ [0m[33m[1m⏵ unit-pipewire-pulse.service-disabled[0m[0m             
┃ [34m│  [0m[34m├─ [0m[34m⏸ system-units[0m                                        
┃ [34m├─ [0m[34m⏸ etc[0m                                                    
┃ [34m├─ [0m[33m[1m⏵ perl-5.42.0-env[0m[0m                                        
┃ [34m⏸ nixos-system-licht-26.05.20260907.93108a5[0m                 [0m
┣━━━ [1mBuilds           [0m │ [1mDownloads      [0m │ [1mHost                   [0m
┃    [33m⏵ [1m4[0m[0m │ [32m✔ [1m11[0m[0m │      │ [33m   [0m │ [32m   [0m │     │ [35m      localhost        [0m
┃    [33m   [0m │ [32m    [0m │      │ [33m↓ [1m1[0m[0m │ [32m↓ [1m9[0m[0m │     │ [35mcache.nixos.org (https)[0m
┗━ ∑ [33m⏵ [1m4[0m[0m │ [32m✔ [1m11[0m[0m │ [34m⏸ [1m12[0m[0m │ [33m↓ [1m1[0m[0m │ [32m↓ [1m9[0m[0m │ [34m⏸ 0[0m │ [1m⏱ 45s                  [0m[?2026l[?2026h[2K[1F[2K[1F[2K[1F[2K[1F[2K[1F[2K[1F[2K[1F[2K[1F[2K[1F[2K[1F[2K[1F[2K[1F[2K[1F[2K[1F[2K[1F[2K[1F[2K[1F[2K[1F[2K[1F[2K[1F[2K[1F[2K[1F[2K[1F[2K[1F[2K[0m┏━ [1mDependency Graph[0m:
┃ [34m┌─ [0m[32m✔ ensure-all-wrappers-paths-exist[0m [90m[0m                       
┃ [34m├─ [0m[32m✔ stage-2-init.sh[0m [90m[0m                                       
┃ [34m├─ [0m[34m⏸ activate[0m[90m waiting for [0m[33m2 ⏵[0m [33m1 ↓[0m                           
┃ [34m│  [0m   [34m┌─ [0m[1m[33m↓ ⏵ texinfo-7.2[0m[0m ⏱ 10s 3.1MiB/13.7MiB               [1m 22.9%[0m
┃ [34m│  [0m[34m┌─ [0m[34m⏸ user-environment[0m                                    
┃ [34m│  [0m[34m│  [0m[34m┌─ [0m[32m✔ unit-console-getty.service-disabled[0m [90m[0m             
┃ [34m│  [0m[34m│  [0m[34m├─ [0m[34m⏸ unit-pipewire.service-disabled[0m                   
┃ [34m│  [0m[34m│  [0m[34m├─ [0m[34m⏸ unit-wireplumber.service-disabled[0m                
┃ [34m│  [0m[34m│  [0m[34m├─ [0m[34m⏸ unit-pipewire.socket-disabled[0m                    
┃ [34m│  [0m[34m│  [0m[34m│  [0m      [34m┌─ [0m[34m⏸ hm_fontconfigconf.d10hmfonts.conf[0m[90m waiting for [0m[33m1 ⏵[0m
┃ [34m│  [0m[34m│  [0m[34m│  [0m   [34m┌─ [0m[34m⏸ home-manager-files[0m                         
┃ [34m│  [0m[34m│  [0m[34m│  [0m   [34m├─ [0m[33m[1m⏵ home-manager-path[0m[0m                          
┃ [34m│  [0m[34m│  [0m[34m│  [0m[34m┌─ [0m[34m⏸ home-manager-generation[0m                       
┃ [34m│  [0m[34m│  [0m[34m├─ [0m[34m⏸ unit-home-manager-licht.service[0m                  
┃ [34m│  [0m[34m│  [0m[34m├─ [0m[33m[1m⏵ unit-pipewire-pulse.socket-disabled[0m[0m              
┃ [34m│  [0m[34m│  [0m[34m├─ [0m[32m✔ unit-pipewire-pulse.service-disabled[0m [90m[0m            
┃ [34m│  [0m[34m├─ [0m[34m⏸ system-units[0m                                        
┃ [34m├─ [0m[34m⏸ etc[0m                                                    
┃ [34m├─ [0m[33m[1m⏵ perl-5.42.0-env[0m[0m                                        
┃ [34m⏸ nixos-system-licht-26.05.20260907.93108a5[0m                 [0m
┣━━━ [1mBuilds           [0m │ [1mDownloads      [0m │ [1mHost                   [0m
┃    [33m⏵ [1m3[0m[0m │ [32m✔ [1m12[0m[0m │      │ [33m   [0m │ [32m   [0m │     │ [35m      localhost        [0m
┃    [33m   [0m │ [32m    [0m │      │ [33m↓ [1m1[0m[0m │ [32m↓ [1m9[0m[0m │     │ [35mcache.nixos.org (https)[0m
┗━ ∑ [33m⏵ [1m3[0m[0m │ [32m✔ [1m12[0m[0m │ [34m⏸ [1m12[0m[0m │ [33m↓ [1m1[0m[0m │ [32m↓ [1m9[0m[0m │ [34m⏸ 0[0m │ [1m⏱ 45s                  [0m[?2026l[?2026h[2K[1F[2K[1F[2K[1F[2K[1F[2K[1F[2K[1F[2K[1F[2K[1F[2K[1F[2K[1F[2K[1F[2K[1F[2K[1F[2K[1F[2K[1F[2K[1F[2K[1F[2K[1F[2K[1F[2K[1F[2K[1F[2K[1F[2K[1F[2K[1F[2K[0m[34munit-pipewire.service-disabled> [0mbuilding '/nix/store/x4f2cmdq60f6hdkirf6z6bdwx3n6x8ay-unit-pipewire.service-disabled.drv'
[0m┏━ [1mDependency Graph[0m:
┃ [34m┌─ [0m[32m✔ ensure-all-wrappers-paths-exist[0m [90m[0m                       
┃ [34m├─ [0m[32m✔ stage-2-init.sh[0m [90m[0m                                       
┃ [34m├─ [0m[34m⏸ activate[0m[90m waiting for [0m[33m3 ⏵[0m [33m1 ↓[0m                           
┃ [34m│  [0m   [34m┌─ [0m[1m[33m↓ ⏵ texinfo-7.2[0m[0m ⏱ 10s 3.1MiB/13.7MiB               [1m 22.9%[0m
┃ [34m│  [0m[34m┌─ [0m[34m⏸ user-environment[0m                                    
┃ [34m│  [0m[34m│  [0m[34m┌─ [0m[32m✔ unit-console-getty.service-disabled[0m [90m[0m             
┃ [34m│  [0m[34m│  [0m[34m├─ [0m[32m✔ unit-pipewire-pulse.service-disabled[0m [90m[0m            
┃ [34m│  [0m[34m│  [0m[34m├─ [0m[33m[1m⏵ unit-pipewire.service-disabled[0m[0m                   
┃ [34m│  [0m[34m│  [0m[34m├─ [0m[34m⏸ unit-wireplumber.service-disabled[0m                
┃ [34m│  [0m[34m│  [0m[34m├─ [0m[34m⏸ unit-pipewire.socket-disabled[0m                    
┃ [34m│  [0m[34m│  [0m[34m│  [0m      [34m┌─ [0m[34m⏸ hm_fontconfigconf.d10hmfonts.conf[0m[90m waiting for [0m[33m1 ⏵[0m
┃ [34m│  [0m[34m│  [0m[34m│  [0m   [34m┌─ [0m[34m⏸ home-manager-files[0m                         
┃ [34m│  [0m[34m│  [0m[34m│  [0m   [34m├─ [0m[33m[1m⏵ home-manager-path[0m[0m                          
┃ [34m│  [0m[34m│  [0m[34m│  [0m[34m┌─ [0m[34m⏸ home-manager-generation[0m                       
┃ [34m│  [0m[34m│  [0m[34m├─ [0m[34m⏸ unit-home-manager-licht.service[0m                  
┃ [34m│  [0m[34m│  [0m[34m├─ [0m[33m[1m⏵ unit-pipewire-pulse.socket-disabled[0m[0m              
┃ [34m│  [0m[34m├─ [0m[34m⏸ system-units[0m                                        
┃ [34m├─ [0m[34m⏸ etc[0m                                                    
┃ [34m├─ [0m[33m[1m⏵ perl-5.42.0-env[0m[0m                                        
┃ [34m⏸ nixos-system-licht-26.05.20260907.93108a5[0m                 [0m
┣━━━ [1mBuilds           [0m │ [1mDownloads      [0m │ [1mHost                   [0m
┃    [33m⏵ [1m4[0m[0m │ [32m✔ [1m12[0m[0m │      │ [33m   [0m │ [32m   [0m │     │ [35m      localhost        [0m
┃    [33m   [0m │ [32m    [0m │      │ [33m↓ [1m1[0m[0m │ [32m↓ [1m9[0m[0m │     │ [35mcache.nixos.org (https)[0m
┗━ ∑ [33m⏵ [1m4[0m[0m │ [32m✔ [1m12[0m[0m │ [34m⏸ [1m11[0m[0m │ [33m↓ [1m1[0m[0m │ [32m↓ [1m9[0m[0m │ [34m⏸ 0[0m │ [1m⏱ 45s                  [0m[?2026l[?2026h[2K[1F[2K[1F[2K[1F[2K[1F[2K[1F[2K[1F[2K[1F[2K[1F[2K[1F[2K[1F[2K[1F[2K[1F[2K[1F[2K[1F[2K[1F[2K[1F[2K[1F[2K[1F[2K[1F[2K[1F[2K[1F[2K[1F[2K[1F[2K[1F[2K[0m┏━ [1mDependency Graph[0m:
┃ [34m┌─ [0m[32m✔ ensure-all-wrappers-paths-exist[0m [90m[0m                       
┃ [34m├─ [0m[32m✔ stage-2-init.sh[0m [90m[0m                                       
┃ [34m├─ [0m[34m⏸ activate[0m[90m waiting for [0m[33m2 ⏵[0m [33m1 ↓[0m                           
┃ [34m│  [0m   [34m┌─ [0m[1m[33m↓ ⏵ texinfo-7.2[0m[0m ⏱ 10s 3.2MiB/13.7MiB               [1m 23.8%[0m
┃ [34m│  [0m[34m┌─ [0m[34m⏸ user-environment[0m                                    
┃ [34m│  [0m[34m│  [0m[34m┌─ [0m[32m✔ unit-console-getty.service-disabled[0m [90m[0m             
┃ [34m│  [0m[34m│  [0m[34m├─ [0m[32m✔ unit-pipewire-pulse.service-disabled[0m [90m[0m            
┃ [34m│  [0m[34m│  [0m[34m├─ [0m[34m⏸ unit-wireplumber.service-disabled[0m                
┃ [34m│  [0m[34m│  [0m[34m├─ [0m[34m⏸ unit-pipewire.socket-disabled[0m                    
┃ [34m│  [0m[34m│  [0m[34m│  [0m      [34m┌─ [0m[34m⏸ hm_fontconfigconf.d10hmfonts.conf[0m[90m waiting for [0m[33m1 ⏵[0m
┃ [34m│  [0m[34m│  [0m[34m│  [0m   [34m┌─ [0m[34m⏸ home-manager-files[0m                         
┃ [34m│  [0m[34m│  [0m[34m│  [0m   [34m├─ [0m[33m[1m⏵ home-manager-path[0m[0m                          
┃ [34m│  [0m[34m│  [0m[34m│  [0m[34m┌─ [0m[34m⏸ home-manager-generation[0m                       
┃ [34m│  [0m[34m│  [0m[34m├─ [0m[34m⏸ unit-home-manager-licht.service[0m                  
┃ [34m│  [0m[34m│  [0m[34m├─ [0m[33m[1m⏵ unit-pipewire.service-disabled[0m[0m                   
┃ [34m│  [0m[34m│  [0m[34m├─ [0m[32m✔ unit-pipewire-pulse.socket-disabled[0m [90m[0m             
┃ [34m│  [0m[34m├─ [0m[34m⏸ system-units[0m                                        
┃ [34m├─ [0m[34m⏸ etc[0m                                                    
┃ [34m├─ [0m[33m[1m⏵ perl-5.42.0-env[0m[0m                                        
┃ [34m⏸ nixos-system-licht-26.05.20260907.93108a5[0m                 [0m
┣━━━ [1mBuilds           [0m │ [1mDownloads      [0m │ [1mHost                   [0m
┃    [33m⏵ [1m3[0m[0m │ [32m✔ [1m13[0m[0m │      │ [33m   [0m │ [32m   [0m │     │ [35m      localhost        [0m
┃    [33m   [0m │ [32m    [0m │      │ [33m↓ [1m1[0m[0m │ [32m↓ [1m9[0m[0m │     │ [35mcache.nixos.org (https)[0m
┗━ ∑ [33m⏵ [1m3[0m[0m │ [32m✔ [1m13[0m[0m │ [34m⏸ [1m11[0m[0m │ [33m↓ [1m1[0m[0m │ [32m↓ [1m9[0m[0m │ [34m⏸ 0[0m │ [1m⏱ 45s                  [0m[?2026l[?2026h[2K[1F[2K[1F[2K[1F[2K[1F[2K[1F[2K[1F[2K[1F[2K[1F[2K[1F[2K[1F[2K[1F[2K[1F[2K[1F[2K[1F[2K[1F[2K[1F[2K[1F[2K[1F[2K[1F[2K[1F[2K[1F[2K[1F[2K[1F[2K[1F[2K[0m[34munit-pipewire.socket-disabled> [0mbuilding '/nix/store/2p1gchhlxqfk2fy8mnj84847mfgpwsy2-unit-pipewire.socket-disabled.drv'
[0m┏━ [1mDependency Graph[0m:
┃ [34m┌─ [0m[32m✔ ensure-all-wrappers-paths-exist[0m [90m[0m                       
┃ [34m├─ [0m[32m✔ stage-2-init.sh[0m [90m[0m                                       
┃ [34m├─ [0m[34m⏸ activate[0m[90m waiting for [0m[33m3 ⏵[0m [33m1 ↓[0m                           
┃ [34m│  [0m   [34m┌─ [0m[1m[33m↓ ⏵ texinfo-7.2[0m[0m ⏱ 10s 3.2MiB/13.7MiB               [1m 23.8%[0m
┃ [34m│  [0m[34m┌─ [0m[34m⏸ user-environment[0m                                    
┃ [34m│  [0m[34m│  [0m[34m┌─ [0m[32m✔ unit-console-getty.service-disabled[0m [90m[0m             
┃ [34m│  [0m[34m│  [0m[34m├─ [0m[32m✔ unit-pipewire-pulse.service-disabled[0m [90m[0m            
┃ [34m│  [0m[34m│  [0m[34m├─ [0m[32m✔ unit-pipewire-pulse.socket-disabled[0m [90m[0m             
┃ [34m│  [0m[34m│  [0m[34m├─ [0m[34m⏸ unit-wireplumber.service-disabled[0m                
┃ [34m│  [0m[34m│  [0m[34m├─ [0m[33m[1m⏵ unit-pipewire.socket-disabled[0m[0m                    
┃ [34m│  [0m[34m│  [0m[34m│  [0m      [34m┌─ [0m[34m⏸ hm_fontconfigconf.d10hmfonts.conf[0m[90m waiting for [0m[33m1 ⏵[0m
┃ [34m│  [0m[34m│  [0m[34m│  [0m   [34m┌─ [0m[34m⏸ home-manager-files[0m                         
┃ [34m│  [0m[34m│  [0m[34m│  [0m   [34m├─ [0m[33m[1m⏵ home-manager-path[0m[0m                          
┃ [34m│  [0m[34m│  [0m[34m│  [0m[34m┌─ [0m[34m⏸ home-manager-generation[0m                       
┃ [34m│  [0m[34m│  [0m[34m├─ [0m[34m⏸ unit-home-manager-licht.service[0m                  
┃ [34m│  [0m[34m│  [0m[34m├─ [0m[33m[1m⏵ unit-pipewire.service-disabled[0m[0m                   
┃ [34m│  [0m[34m├─ [0m[34m⏸ system-units[0m                                        
┃ [34m├─ [0m[34m⏸ etc[0m                                                    
┃ [34m├─ [0m[33m[1m⏵ perl-5.42.0-env[0m[0m                                        
┃ [34m⏸ nixos-system-licht-26.05.20260907.93108a5[0m                 [0m
┣━━━ [1mBuilds           [0m │ [1mDownloads      [0m │ [1mHost                   [0m
┃    [33m⏵ [1m4[0m[0m │ [32m✔ [1m13[0m[0m │      │ [33m   [0m │ [32m   [0m │     │ [35m      localhost        [0m
┃    [33m   [0m │ [32m    [0m │      │ [33m↓ [1m1[0m[0m │ [32m↓ [1m9[0m[0m │     │ [35mcache.nixos.org (https)[0m
┗━ ∑ [33m⏵ [1m4[0m[0m │ [32m✔ [1m13[0m[0m │ [34m⏸ [1m10[0m[0m │ [33m↓ [1m1[0m[0m │ [32m↓ [1m9[0m[0m │ [34m⏸ 0[0m │ [1m⏱ 46s                  [0m[?2026l[?2026h[2K[1F[2K[1F[2K[1F[2K[1F[2K[1F[2K[1F[2K[1F[2K[1F[2K[1F[2K[1F[2K[1F[2K[1F[2K[1F[2K[1F[2K[1F[2K[1F[2K[1F[2K[1F[2K[1F[2K[1F[2K[1F[2K[1F[2K[1F[2K[1F[2K[0m┏━ [1mDependency Graph[0m:
┃ [34m┌─ [0m[32m✔ ensure-all-wrappers-paths-exist[0m [90m[0m                       
┃ [34m├─ [0m[32m✔ stage-2-init.sh[0m [90m[0m                                       
┃ [34m├─ [0m[34m⏸ activate[0m[90m waiting for [0m[33m2 ⏵[0m [33m1 ↓[0m                           
┃ [34m│  [0m   [34m┌─ [0m[1m[33m↓ ⏵ texinfo-7.2[0m[0m ⏱ 10s 3.2MiB/13.7MiB               [1m 23.8%[0m
┃ [34m│  [0m[34m┌─ [0m[34m⏸ user-environment[0m                                    
┃ [34m│  [0m[34m│  [0m[34m┌─ [0m[32m✔ unit-console-getty.service-disabled[0m [90m[0m             
┃ [34m│  [0m[34m│  [0m[34m├─ [0m[32m✔ unit-pipewire-pulse.service-disabled[0m [90m[0m            
┃ [34m│  [0m[34m│  [0m[34m├─ [0m[32m✔ unit-pipewire-pulse.socket-disabled[0m [90m[0m             
┃ [34m│  [0m[34m│  [0m[34m├─ [0m[34m⏸ unit-wireplumber.service-disabled[0m                
┃ [34m│  [0m[34m│  [0m[34m│  [0m      [34m┌─ [0m[34m⏸ hm_fontconfigconf.d10hmfonts.conf[0m[90m waiting for [0m[33m1 ⏵[0m
┃ [34m│  [0m[34m│  [0m[34m│  [0m   [34m┌─ [0m[34m⏸ home-manager-files[0m                         
┃ [34m│  [0m[34m│  [0m[34m│  [0m   [34m├─ [0m[33m[1m⏵ home-manager-path[0m[0m                          
┃ [34m│  [0m[34m│  [0m[34m│  [0m[34m┌─ [0m[34m⏸ home-manager-generation[0m                       
┃ [34m│  [0m[34m│  [0m[34m├─ [0m[34m⏸ unit-home-manager-licht.service[0m                  
┃ [34m│  [0m[34m│  [0m[34m├─ [0m[33m[1m⏵ unit-pipewire.socket-disabled[0m[0m                    
┃ [34m│  [0m[34m│  [0m[34m├─ [0m[32m✔ unit-pipewire.service-disabled[0m [90m[0m                  
┃ [34m│  [0m[34m├─ [0m[34m⏸ system-units[0m                                        
┃ [34m├─ [0m[34m⏸ etc[0m                                                    
┃ [34m├─ [0m[33m[1m⏵ perl-5.42.0-env[0m[0m ⏱ 1s (∅ 18s)                           
┃ [34m⏸ nixos-system-licht-26.05.20260907.93108a5[0m                 [0m
┣━━━ [1mBuilds           [0m │ [1mDownloads      [0m │ [1mHost                   [0m
┃    [33m⏵ [1m3[0m[0m │ [32m✔ [1m14[0m[0m │      │ [33m   [0m │ [32m   [0m │     │ [35m      localhost        [0m
┃    [33m   [0m │ [32m    [0m │      │ [33m↓ [1m1[0m[0m │ [32m↓ [1m9[0m[0m │     │ [35mcache.nixos.org (https)[0m
┗━ ∑ [33m⏵ [1m3[0m[0m │ [32m✔ [1m14[0m[0m │ [34m⏸ [1m10[0m[0m │ [33m↓ [1m1[0m[0m │ [32m↓ [1m9[0m[0m │ [34m⏸ 0[0m │ [1m⏱ 46s                  [0m[?2026l[?2026h[2K[1F[2K[1F[2K[1F[2K[1F[2K[1F[2K[1F[2K[1F[2K[1F[2K[1F[2K[1F[2K[1F[2K[1F[2K[1F[2K[1F[2K[1F[2K[1F[2K[1F[2K[1F[2K[1F[2K[1F[2K[1F[2K[1F[2K[1F[2K[1F[2K[0m[34munit-wireplumber.service-disabled> [0mbuilding '/nix/store/4kjg9ah1wvw1ab8srmg0z79j822ndgzp-unit-wireplumber.service-disabled.drv'
[0m┏━ [1mDependency Graph[0m:
┃ [34m┌─ [0m[32m✔ ensure-all-wrappers-paths-exist[0m [90m[0m                       
┃ [34m├─ [0m[32m✔ stage-2-init.sh[0m [90m[0m                                       
┃ [34m├─ [0m[34m⏸ activate[0m[90m waiting for [0m[33m2 ⏵[0m [33m1 ↓[0m                           
┃ [34m│  [0m   [34m┌─ [0m[1m[33m↓ ⏵ texinfo-7.2[0m[0m ⏱ 11s 3.4MiB/13.7MiB               [1m 24.7%[0m
┃ [34m│  [0m[34m┌─ [0m[34m⏸ user-environment[0m                                    
┃ [34m│  [0m[34m│  [0m[34m┌─ [0m[32m✔ unit-console-getty.service-disabled[0m [90m[0m             
┃ [34m│  [0m[34m│  [0m[34m├─ [0m[32m✔ unit-pipewire-pulse.service-disabled[0m [90m[0m            
┃ [34m│  [0m[34m│  [0m[34m├─ [0m[32m✔ unit-pipewire-pulse.socket-disabled[0m [90m[0m             
┃ [34m│  [0m[34m│  [0m[34m├─ [0m[32m✔ unit-pipewire.service-disabled[0m [90m[0m                  
┃ [34m│  [0m[34m│  [0m[34m├─ [0m[33m[1m⏵ unit-wireplumber.service-disabled[0m[0m                
┃ [34m│  [0m[34m│  [0m[34m│  [0m      [34m┌─ [0m[34m⏸ hm_fontconfigconf.d10hmfonts.conf[0m[90m waiting for [0m[33m1 ⏵[0m
┃ [34m│  [0m[34m│  [0m[34m│  [0m   [34m┌─ [0m[34m⏸ home-manager-files[0m                         
┃ [34m│  [0m[34m│  [0m[34m│  [0m   [34m├─ [0m[33m[1m⏵ home-manager-path[0m[0m                          
┃ [34m│  [0m[34m│  [0m[34m│  [0m[34m┌─ [0m[34m⏸ home-manager-generation[0m                       
┃ [34m│  [0m[34m│  [0m[34m├─ [0m[34m⏸ unit-home-manager-licht.service[0m                  
┃ [34m│  [0m[34m│  [0m[34m├─ [0m[32m✔ unit-pipewire.socket-disabled[0m [90m[0m                   
┃ [34m│  [0m[34m├─ [0m[34m⏸ system-units[0m                                        
┃ [34m├─ [0m[34m⏸ etc[0m                                                    
┃ [34m├─ [0m[33m[1m⏵ perl-5.42.0-env[0m[0m ⏱ 1s (∅ 18s)                           
┃ [34m⏸ nixos-system-licht-26.05.20260907.93108a5[0m                 [0m
┣━━━ [1mBuilds          [0m │ [1mDownloads      [0m │ [1mHost                   [0m
┃    [33m⏵ [1m3[0m[0m │ [32m✔ [1m15[0m[0m │     │ [33m   [0m │ [32m   [0m │     │ [35m      localhost        [0m
┃    [33m   [0m │ [32m    [0m │     │ [33m↓ [1m1[0m[0m │ [32m↓ [1m9[0m[0m │     │ [35mcache.nixos.org (https)[0m
┗━ ∑ [33m⏵ [1m3[0m[0m │ [32m✔ [1m15[0m[0m │ [34m⏸ [1m9[0m[0m │ [33m↓ [1m1[0m[0m │ [32m↓ [1m9[0m[0m │ [34m⏸ 0[0m │ [1m⏱ 46s                  [0m[?2026l[?2026h[2K[1F[2K[1F[2K[1F[2K[1F[2K[1F[2K[1F[2K[1F[2K[1F[2K[1F[2K[1F[2K[1F[2K[1F[2K[1F[2K[1F[2K[1F[2K[1F[2K[1F[2K[1F[2K[1F[2K[1F[2K[1F[2K[1F[2K[1F[2K[1F[2K[0m┏━ [1mDependency Graph[0m:
┃ [34m┌─ [0m[32m✔ ensure-all-wrappers-paths-exist[0m [90m[0m                       
┃ [34m├─ [0m[32m✔ stage-2-init.sh[0m [90m[0m                                       
┃ [34m├─ [0m[34m⏸ activate[0m[90m waiting for [0m[33m2 ⏵[0m [33m1 ↓[0m                           
┃ [34m│  [0m   [34m┌─ [0m[1m[33m↓ ⏵ texinfo-7.2[0m[0m ⏱ 11s 3.4MiB/13.7MiB               [1m 24.7%[0m
┃ [34m│  [0m[34m┌─ [0m[34m⏸ user-environment[0m                                    
┃ [34m│  [0m[34m│  [0m[34m┌─ [0m[32m✔ unit-console-getty.service-disabled[0m [90m[0m             
┃ [34m│  [0m[34m│  [0m[34m├─ [0m[32m✔ unit-pipewire-pulse.service-disabled[0m [90m[0m            
┃ [34m│  [0m[34m│  [0m[34m├─ [0m[32m✔ unit-pipewire-pulse.socket-disabled[0m [90m[0m             
┃ [34m│  [0m[34m│  [0m[34m├─ [0m[32m✔ unit-pipewire.service-disabled[0m [90m[0m                  
┃ [34m│  [0m[34m│  [0m[34m├─ [0m[32m✔ unit-pipewire.socket-disabled[0m [90m[0m                   
┃ [34m│  [0m[34m│  [0m[34m│  [0m      [34m┌─ [0m[34m⏸ hm_fontconfigconf.d10hmfonts.conf[0m[90m waiting for [0m[33m1 ⏵[0m
┃ [34m│  [0m[34m│  [0m[34m│  [0m   [34m┌─ [0m[34m⏸ home-manager-files[0m                         
┃ [34m│  [0m[34m│  [0m[34m│  [0m   [34m├─ [0m[33m[1m⏵ home-manager-path[0m[0m                          
┃ [34m│  [0m[34m│  [0m[34m│  [0m[34m┌─ [0m[34m⏸ home-manager-generation[0m                       
┃ [34m│  [0m[34m│  [0m[34m├─ [0m[34m⏸ unit-home-manager-licht.service[0m                  
┃ [34m│  [0m[34m│  [0m[34m├─ [0m[33m[1m⏵ unit-wireplumber.service-disabled[0m[0m                
┃ [34m│  [0m[34m├─ [0m[34m⏸ system-units[0m                                        
┃ [34m├─ [0m[34m⏸ etc[0m                                                    
┃ [34m├─ [0m[33m[1m⏵ perl-5.42.0-env[0m[0m ⏱ 1s (∅ 18s)                           
┃ [34m⏸ nixos-system-licht-26.05.20260907.93108a5[0m                 [0m
┣━━━ [1mBuilds          [0m │ [1mDownloads      [0m │ [1mHost                   [0m
┃    [33m⏵ [1m3[0m[0m │ [32m✔ [1m15[0m[0m │     │ [33m   [0m │ [32m   [0m │     │ [35m      localhost        [0m
┃    [33m   [0m │ [32m    [0m │     │ [33m↓ [1m1[0m[0m │ [32m↓ [1m9[0m[0m │     │ [35mcache.nixos.org (https)[0m
┗━ ∑ [33m⏵ [1m3[0m[0m │ [32m✔ [1m15[0m[0m │ [34m⏸ [1m9[0m[0m │ [33m↓ [1m1[0m[0m │ [32m↓ [1m9[0m[0m │ [34m⏸ 0[0m │ [1m⏱ 46s                  [0m[?2026l[?2026h[2K[1F[2K[1F[2K[1F[2K[1F[2K[1F[2K[1F[2K[1F[2K[1F[2K[1F[2K[1F[2K[1F[2K[1F[2K[1F[2K[1F[2K[1F[2K[1F[2K[1F[2K[1F[2K[1F[2K[1F[2K[1F[2K[1F[2K[1F[2K[1F[2K[0m┏━ [1mDependency Graph[0m:
┃ [34m┌─ [0m[32m✔ ensure-all-wrappers-paths-exist[0m [90m[0m                       
┃ [34m├─ [0m[32m✔ stage-2-init.sh[0m [90m[0m                                       
┃ [34m├─ [0m[34m⏸ activate[0m[90m waiting for [0m[33m2 ⏵[0m [33m1 ↓[0m                           
┃ [34m│  [0m   [34m┌─ [0m[1m[33m↓ ⏵ texinfo-7.2[0m[0m ⏱ 11s 3.4MiB/13.7MiB               [1m 24.7%[0m
┃ [34m│  [0m[34m┌─ [0m[34m⏸ user-environment[0m                                    
┃ [34m│  [0m[34m│  [0m[34m┌─ [0m[32m✔ unit-console-getty.service-disabled[0m [90m[0m             
┃ [34m│  [0m[34m│  [0m[34m├─ [0m[32m✔ unit-pipewire-pulse.service-disabled[0m [90m[0m            
┃ [34m│  [0m[34m│  [0m[34m├─ [0m[32m✔ unit-pipewire-pulse.socket-disabled[0m [90m[0m             
┃ [34m│  [0m[34m│  [0m[34m├─ [0m[32m✔ unit-pipewire.service-disabled[0m [90m[0m                  
┃ [34m│  [0m[34m│  [0m[34m├─ [0m[32m✔ unit-pipewire.socket-disabled[0m [90m[0m                   
┃ [34m│  [0m[34m│  [0m[34m│  [0m      [34m┌─ [0m[34m⏸ hm_fontconfigconf.d10hmfonts.conf[0m[90m waiting for [0m[33m1 ⏵[0m
┃ [34m│  [0m[34m│  [0m[34m│  [0m   [34m┌─ [0m[34m⏸ home-manager-files[0m                         
┃ [34m│  [0m[34m│  [0m[34m│  [0m   [34m├─ [0m[33m[1m⏵ home-manager-path[0m[0m                          
┃ [34m│  [0m[34m│  [0m[34m│  [0m[34m┌─ [0m[34m⏸ home-manager-generation[0m                       
┃ [34m│  [0m[34m│  [0m[34m├─ [0m[34m⏸ unit-home-manager-licht.service[0m                  
┃ [34m│  [0m[34m│  [0m[34m├─ [0m[33m[1m⏵ unit-wireplumber.service-disabled[0m[0m                
┃ [34m│  [0m[34m├─ [0m[34m⏸ system-units[0m                                        
┃ [34m├─ [0m[34m⏸ etc[0m                                                    
┃ [34m├─ [0m[33m[1m⏵ perl-5.42.0-env[0m[0m ⏱ 1s (∅ 18s)                           
┃ [34m⏸ nixos-system-licht-26.05.20260907.93108a5[0m                 [0m
┣━━━ [1mBuilds          [0m │ [1mDownloads      [0m │ [1mHost                   [0m
┃    [33m⏵ [1m3[0m[0m │ [32m✔ [1m15[0m[0m │     │ [33m   [0m │ [32m   [0m │     │ [35m      localhost        [0m
┃    [33m   [0m │ [32m    [0m │     │ [33m↓ [1m1[0m[0m │ [32m↓ [1m9[0m[0m │     │ [35mcache.nixos.org (https)[0m
┗━ ∑ [33m⏵ [1m3[0m[0m │ [32m✔ [1m15[0m[0m │ [34m⏸ [1m9[0m[0m │ [33m↓ [1m1[0m[0m │ [32m↓ [1m9[0m[0m │ [34m⏸ 0[0m │ [1m⏱ 46s                  [0m[?2026l[?2026h[2K[1F[2K[1F[2K[1F[2K[1F[2K[1F[2K[1F[2K[1F[2K[1F[2K[1F[2K[1F[2K[1F[2K[1F[2K[1F[2K[1F[2K[1F[2K[1F[2K[1F[2K[1F[2K[1F[2K[1F[2K[1F[2K[1F[2K[1F[2K[1F[2K[0m┏━ [1mDependency Graph[0m:
┃ [34m┌─ [0m[32m✔ ensure-all-wrappers-paths-exist[0m [90m[0m                       
┃ [34m├─ [0m[32m✔ stage-2-init.sh[0m [90m[0m                                       
┃ [34m├─ [0m[34m⏸ activate[0m[90m waiting for [0m[33m1 ⏵[0m [33m1 ↓[0m                           
┃ [34m│  [0m   [34m┌─ [0m[1m[33m↓ ⏵ texinfo-7.2[0m[0m ⏱ 11s 3.4MiB/13.7MiB               [1m 24.7%[0m
┃ [34m│  [0m[34m┌─ [0m[34m⏸ user-environment[0m                                    
┃ [34m│  [0m[34m│  [0m[34m┌─ [0m[32m✔ unit-console-getty.service-disabled[0m [90m[0m             
┃ [34m│  [0m[34m│  [0m[34m├─ [0m[32m✔ unit-pipewire-pulse.service-disabled[0m [90m[0m            
┃ [34m│  [0m[34m│  [0m[34m├─ [0m[32m✔ unit-pipewire-pulse.socket-disabled[0m [90m[0m             
┃ [34m│  [0m[34m│  [0m[34m├─ [0m[32m✔ unit-pipewire.service-disabled[0m [90m[0m                  
┃ [34m│  [0m[34m│  [0m[34m├─ [0m[32m✔ unit-pipewire.socket-disabled[0m [90m[0m                   
┃ [34m│  [0m[34m│  [0m[34m│  [0m      [34m┌─ [0m[34m⏸ hm_fontconfigconf.d10hmfonts.conf[0m[90m waiting for [0m[33m1 ⏵[0m
┃ [34m│  [0m[34m│  [0m[34m│  [0m   [34m┌─ [0m[34m⏸ home-manager-files[0m                         
┃ [34m│  [0m[34m│  [0m[34m│  [0m   [34m├─ [0m[33m[1m⏵ home-manager-path[0m[0m                          
┃ [34m│  [0m[34m│  [0m[34m│  [0m[34m┌─ [0m[34m⏸ home-manager-generation[0m                       
┃ [34m│  [0m[34m│  [0m[34m├─ [0m[34m⏸ unit-home-manager-licht.service[0m                  
┃ [34m│  [0m[34m│  [0m[34m├─ [0m[32m✔ unit-wireplumber.service-disabled[0m [90m[0m               
┃ [34m│  [0m[34m├─ [0m[34m⏸ system-units[0m                                        
┃ [34m├─ [0m[34m⏸ etc[0m                                                    
┃ [34m├─ [0m[33m[1m⏵ perl-5.42.0-env[0m[0m ⏱ 1s (∅ 18s)                           
┃ [34m⏸ nixos-system-licht-26.05.20260907.93108a5[0m                 [0m
┣━━━ [1mBuilds          [0m │ [1mDownloads      [0m │ [1mHost                   [0m
┃    [33m⏵ [1m2[0m[0m │ [32m✔ [1m16[0m[0m │     │ [33m   [0m │ [32m   [0m │     │ [35m      localhost        [0m
┃    [33m   [0m │ [32m    [0m │     │ [33m↓ [1m1[0m[0m │ [32m↓ [1m9[0m[0m │     │ [35mcache.nixos.org (https)[0m
┗━ ∑ [33m⏵ [1m2[0m[0m │ [32m✔ [1m16[0m[0m │ [34m⏸ [1m9[0m[0m │ [33m↓ [1m1[0m[0m │ [32m↓ [1m9[0m[0m │ [34m⏸ 0[0m │ [1m⏱ 46s                  [0m[?2026l[?2026h[2K[1F[2K[1F[2K[1F[2K[1F[2K[1F[2K[1F[2K[1F[2K[1F[2K[1F[2K[1F[2K[1F[2K[1F[2K[1F[2K[1F[2K[1F[2K[1F[2K[1F[2K[1F[2K[1F[2K[1F[2K[1F[2K[1F[2K[1F[2K[1F[2K[0m┏━ [1mDependency Graph[0m:
┃ [34m┌─ [0m[32m✔ ensure-all-wrappers-paths-exist[0m [90m[0m                       
┃ [34m├─ [0m[32m✔ stage-2-init.sh[0m [90m[0m                                       
┃ [34m├─ [0m[34m⏸ activate[0m[90m waiting for [0m[33m1 ⏵[0m [33m1 ↓[0m                           
┃ [34m│  [0m   [34m┌─ [0m[32m✔ unit-console-getty.service-disabled[0m [90m[0m             
┃ [34m│  [0m   [34m├─ [0m[32m✔ unit-pipewire-pulse.service-disabled[0m [90m[0m            
┃ [34m│  [0m   [34m├─ [0m[32m✔ unit-pipewire-pulse.socket-disabled[0m [90m[0m             
┃ [34m│  [0m   [34m├─ [0m[32m✔ unit-pipewire.service-disabled[0m [90m[0m                  
┃ [34m│  [0m   [34m├─ [0m[32m✔ unit-pipewire.socket-disabled[0m [90m[0m                   
┃ [34m│  [0m   [34m├─ [0m[32m✔ unit-wireplumber.service-disabled[0m [90m[0m               
┃ [34m│  [0m   [34m│  [0m      [34m┌─ [0m[34m⏸ hm_fontconfigconf.d10hmfonts.conf[0m[90m waiting for [0m[33m1 ⏵[0m
┃ [34m│  [0m   [34m│  [0m   [34m┌─ [0m[34m⏸ home-manager-files[0m                         
┃ [34m│  [0m   [34m│  [0m[34m┌─ [0m[34m⏸ home-manager-generation[0m                       
┃ [34m│  [0m   [34m├─ [0m[34m⏸ unit-home-manager-licht.service[0m                  
┃ [34m│  [0m[34m┌─ [0m[34m⏸ system-units[0m                                        
┃ [34m│  [0m[34m│  [0m[34m┌─ [0m[1m[33m↓ ⏵ texinfo-7.2[0m[0m ⏱ 11s 3.5MiB/13.7MiB               [1m 25.6%[0m
┃ [34m│  [0m[34m│  [0m[34m├─ [0m[33m[1m⏵ home-manager-path[0m[0m                                
┃ [34m│  [0m[34m├─ [0m[34m⏸ user-environment[0m                                    
┃ [34m├─ [0m[34m⏸ etc[0m                                                    
┃ [34m├─ [0m[33m[1m⏵ perl-5.42.0-env[0m[0m ⏱ 1s (∅ 18s)                           
┃ [34m⏸ nixos-system-licht-26.05.20260907.93108a5[0m                 [0m
┣━━━ [1mBuilds          [0m │ [1mDownloads      [0m │ [1mHost                   [0m
┃    [33m⏵ [1m2[0m[0m │ [32m✔ [1m16[0m[0m │     │ [33m   [0m │ [32m   [0m │     │ [35m      localhost        [0m
┃    [33m   [0m │ [32m    [0m │     │ [33m↓ [1m1[0m[0m │ [32m↓ [1m9[0m[0m │     │ [35mcache.nixos.org (https)[0m
┗━ ∑ [33m⏵ [1m2[0m[0m │ [32m✔ [1m16[0m[0m │ [34m⏸ [1m9[0m[0m │ [33m↓ [1m1[0m[0m │ [32m↓ [1m9[0m[0m │ [34m⏸ 0[0m │ [1m⏱ 46s                  [0m[?2026l[?2026h[2K[1F[2K[1F[2K[1F[2K[1F[2K[1F[2K[1F[2K[1F[2K[1F[2K[1F[2K[1F[2K[1F[2K[1F[2K[1F[2K[1F[2K[1F[2K[1F[2K[1F[2K[1F[2K[1F[2K[1F[2K[1F[2K[1F[2K[1F[2K[1F[2K[0m┏━ [1mDependency Graph[0m:
┃ [34m┌─ [0m[32m✔ ensure-all-wrappers-paths-exist[0m [90m[0m                       
┃ [34m├─ [0m[32m✔ stage-2-init.sh[0m [90m[0m                                       
┃ [34m├─ [0m[34m⏸ activate[0m[90m waiting for [0m[33m1 ⏵[0m [33m1 ↓[0m                           
┃ [34m│  [0m   [34m┌─ [0m[32m✔ unit-console-getty.service-disabled[0m [90m[0m             
┃ [34m│  [0m   [34m├─ [0m[32m✔ unit-pipewire-pulse.service-disabled[0m [90m[0m            
┃ [34m│  [0m   [34m├─ [0m[32m✔ unit-pipewire-pulse.socket-disabled[0m [90m[0m             
┃ [34m│  [0m   [34m├─ [0m[32m✔ unit-pipewire.service-disabled[0m [90m[0m                  
┃ [34m│  [0m   [34m├─ [0m[32m✔ unit-pipewire.socket-disabled[0m [90m[0m                   
┃ [34m│  [0m   [34m├─ [0m[32m✔ unit-wireplumber.service-disabled[0m [90m[0m               
┃ [34m│  [0m   [34m│  [0m      [34m┌─ [0m[34m⏸ hm_fontconfigconf.d10hmfonts.conf[0m[90m waiting for [0m[33m1 ⏵[0m
┃ [34m│  [0m   [34m│  [0m   [34m┌─ [0m[34m⏸ home-manager-files[0m                         
┃ [34m│  [0m   [34m│  [0m[34m┌─ [0m[34m⏸ home-manager-generation[0m                       
┃ [34m│  [0m   [34m├─ [0m[34m⏸ unit-home-manager-licht.service[0m                  
┃ [34m│  [0m[34m┌─ [0m[34m⏸ system-units[0m                                        
┃ [34m│  [0m[34m│  [0m[34m┌─ [0m[1m[33m↓ ⏵ texinfo-7.2[0m[0m ⏱ 11s 3.5MiB/13.7MiB               [1m 25.6%[0m
┃ [34m│  [0m[34m│  [0m[34m├─ [0m[33m[1m⏵ home-manager-path[0m[0m                                
┃ [34m│  [0m[34m├─ [0m[34m⏸ user-environment[0m                                    
┃ [34m├─ [0m[34m⏸ etc[0m                                                    
┃ [34m├─ [0m[33m[1m⏵ perl-5.42.0-env[0m[0m ⏱ 1s (∅ 18s)                           
┃ [34m⏸ nixos-system-licht-26.05.20260907.93108a5[0m                 [0m
┣━━━ [1mBuilds          [0m │ [1mDownloads      [0m │ [1mHost                   [0m
┃    [33m⏵ [1m2[0m[0m │ [32m✔ [1m16[0m[0m │     │ [33m   [0m │ [32m   [0m │     │ [35m      localhost        [0m
┃    [33m   [0m │ [32m    [0m │     │ [33m↓ [1m1[0m[0m │ [32m↓ [1m9[0m[0m │     │ [35mcache.nixos.org (https)[0m
┗━ ∑ [33m⏵ [1m2[0m[0m │ [32m✔ [1m16[0m[0m │ [34m⏸ [1m9[0m[0m │ [33m↓ [1m1[0m[0m │ [32m↓ [1m9[0m[0m │ [34m⏸ 0[0m │ [1m⏱ 46s                  [0m[?2026l[?2026h[2K[1F[2K[1F[2K[1F[2K[1F[2K[1F[2K[1F[2K[1F[2K[1F[2K[1F[2K[1F[2K[1F[2K[1F[2K[1F[2K[1F[2K[1F[2K[1F[2K[1F[2K[1F[2K[1F[2K[1F[2K[1F[2K[1F[2K[1F[2K[1F[2K[0m┏━ [1mDependency Graph[0m:
┃ [34m┌─ [0m[32m✔ ensure-all-wrappers-paths-exist[0m [90m[0m                       
┃ [34m├─ [0m[32m✔ stage-2-init.sh[0m [90m[0m                                       
┃ [34m├─ [0m[34m⏸ activate[0m[90m waiting for [0m[33m1 ⏵[0m [33m1 ↓[0m                           
┃ [34m│  [0m   [34m┌─ [0m[32m✔ unit-console-getty.service-disabled[0m [90m[0m             
┃ [34m│  [0m   [34m├─ [0m[32m✔ unit-pipewire-pulse.service-disabled[0m [90m[0m            
┃ [34m│  [0m   [34m├─ [0m[32m✔ unit-pipewire-pulse.socket-disabled[0m [90m[0m             
┃ [34m│  [0m   [34m├─ [0m[32m✔ unit-pipewire.service-disabled[0m [90m[0m                  
┃ [34m│  [0m   [34m├─ [0m[32m✔ unit-pipewire.socket-disabled[0m [90m[0m                   
┃ [34m│  [0m   [34m├─ [0m[32m✔ unit-wireplumber.service-disabled[0m [90m[0m               
┃ [34m│  [0m   [34m│  [0m      [34m┌─ [0m[34m⏸ hm_fontconfigconf.d10hmfonts.conf[0m[90m waiting for [0m[33m1 ⏵[0m
┃ [34m│  [0m   [34m│  [0m   [34m┌─ [0m[34m⏸ home-manager-files[0m                         
┃ [34m│  [0m   [34m│  [0m[34m┌─ [0m[34m⏸ home-manager-generation[0m                       
┃ [34m│  [0m   [34m├─ [0m[34m⏸ unit-home-manager-licht.service[0m                  
┃ [34m│  [0m[34m┌─ [0m[34m⏸ system-units[0m                                        
┃ [34m│  [0m[34m│  [0m[34m┌─ [0m[1m[33m↓ ⏵ texinfo-7.2[0m[0m ⏱ 11s 3.5MiB/13.7MiB               [1m 25.6%[0m
┃ [34m│  [0m[34m│  [0m[34m├─ [0m[33m[1m⏵ home-manager-path[0m[0m ⏱ 1s (∅ 5s)                    
┃ [34m│  [0m[34m├─ [0m[34m⏸ user-environment[0m                                    
┃ [34m├─ [0m[34m⏸ etc[0m                                                    
┃ [34m├─ [0m[33m[1m⏵ perl-5.42.0-env[0m[0m ⏱ 1s (∅ 18s)                           
┃ [34m⏸ nixos-system-licht-26.05.20260907.93108a5[0m                 [0m
┣━━━ [1mBuilds          [0m │ [1mDownloads      [0m │ [1mHost                   [0m
┃    [33m⏵ [1m2[0m[0m │ [32m✔ [1m16[0m[0m │     │ [33m   [0m │ [32m   [0m │     │ [35m      localhost        [0m
┃    [33m   [0m │ [32m    [0m │     │ [33m↓ [1m1[0m[0m │ [32m↓ [1m9[0m[0m │     │ [35mcache.nixos.org (https)[0m
┗━ ∑ [33m⏵ [1m2[0m[0m │ [32m✔ [1m16[0m[0m │ [34m⏸ [1m9[0m[0m │ [33m↓ [1m1[0m[0m │ [32m↓ [1m9[0m[0m │ [34m⏸ 0[0m │ [1m⏱ 46s                  [0m[?2026l[?2026h[2K[1F[2K[1F[2K[1F[2K[1F[2K[1F[2K[1F[2K[1F[2K[1F[2K[1F[2K[1F[2K[1F[2K[1F[2K[1F[2K[1F[2K[1F[2K[1F[2K[1F[2K[1F[2K[1F[2K[1F[2K[1F[2K[1F[2K[1F[2K[1F[2K[0m┏━ [1mDependency Graph[0m:
┃ [34m┌─ [0m[32m✔ ensure-all-wrappers-paths-exist[0m [90m[0m                       
┃ [34m├─ [0m[32m✔ stage-2-init.sh[0m [90m[0m                                       
┃ [34m├─ [0m[34m⏸ activate[0m[90m waiting for [0m[33m1 ⏵[0m [33m1 ↓[0m                           
┃ [34m│  [0m   [34m┌─ [0m[32m✔ unit-console-getty.service-disabled[0m [90m[0m             
┃ [34m│  [0m   [34m├─ [0m[32m✔ unit-pipewire-pulse.service-disabled[0m [90m[0m            
┃ [34m│  [0m   [34m├─ [0m[32m✔ unit-pipewire-pulse.socket-disabled[0m [90m[0m             
┃ [34m│  [0m   [34m├─ [0m[32m✔ unit-pipewire.service-disabled[0m [90m[0m                  
┃ [34m│  [0m   [34m├─ [0m[32m✔ unit-pipewire.socket-disabled[0m [90m[0m                   
┃ [34m│  [0m   [34m├─ [0m[32m✔ unit-wireplumber.service-disabled[0m [90m[0m               
┃ [34m│  [0m   [34m│  [0m      [34m┌─ [0m[34m⏸ hm_fontconfigconf.d10hmfonts.conf[0m[90m waiting for [0m[33m1 ⏵[0m
┃ [34m│  [0m   [34m│  [0m   [34m┌─ [0m[34m⏸ home-manager-files[0m                         
┃ [34m│  [0m   [34m│  [0m[34m┌─ [0m[34m⏸ home-manager-generation[0m                       
┃ [34m│  [0m   [34m├─ [0m[34m⏸ unit-home-manager-licht.service[0m                  
┃ [34m│  [0m[34m┌─ [0m[34m⏸ system-units[0m                                        
┃ [34m│  [0m[34m│  [0m[34m┌─ [0m[1m[33m↓ ⏵ texinfo-7.2[0m[0m ⏱ 11s 3.5MiB/13.7MiB               [1m 25.6%[0m
┃ [34m│  [0m[34m│  [0m[34m├─ [0m[33m[1m⏵ home-manager-path[0m[0m ⏱ 1s (∅ 5s)                    
┃ [34m│  [0m[34m├─ [0m[34m⏸ user-environment[0m                                    
┃ [34m├─ [0m[34m⏸ etc[0m                                                    
┃ [34m├─ [0m[33m[1m⏵ perl-5.42.0-env[0m[0m ⏱ 1s (∅ 18s)                           
┃ [34m⏸ nixos-system-licht-26.05.20260907.93108a5[0m                 [0m
┣━━━ [1mBuilds          [0m │ [1mDownloads      [0m │ [1mHost                   [0m
┃    [33m⏵ [1m2[0m[0m │ [32m✔ [1m16[0m[0m │     │ [33m   [0m │ [32m   [0m │     │ [35m      localhost        [0m
┃    [33m   [0m │ [32m    [0m │     │ [33m↓ [1m1[0m[0m │ [32m↓ [1m9[0m[0m │     │ [35mcache.nixos.org (https)[0m
┗━ ∑ [33m⏵ [1m2[0m[0m │ [32m✔ [1m16[0m[0m │ [34m⏸ [1m9[0m[0m │ [33m↓ [1m1[0m[0m │ [32m↓ [1m9[0m[0m │ [34m⏸ 0[0m │ [1m⏱ 46s                  [0m[?2026l[?2026h[2K[1F[2K[1F[2K[1F[2K[1F[2K[1F[2K[1F[2K[1F[2K[1F[2K[1F[2K[1F[2K[1F[2K[1F[2K[1F[2K[1F[2K[1F[2K[1F[2K[1F[2K[1F[2K[1F[2K[1F[2K[1F[2K[1F[2K[1F[2K[1F[2K[0m┏━ [1mDependency Graph[0m:
┃ [34m┌─ [0m[32m✔ ensure-all-wrappers-paths-exist[0m [90m[0m                       
┃ [34m├─ [0m[32m✔ stage-2-init.sh[0m [90m[0m                                       
┃ [34m├─ [0m[34m⏸ activate[0m[90m waiting for [0m[33m1 ⏵[0m [33m1 ↓[0m                           
┃ [34m│  [0m   [34m┌─ [0m[32m✔ unit-console-getty.service-disabled[0m [90m[0m             
┃ [34m│  [0m   [34m├─ [0m[32m✔ unit-pipewire-pulse.service-disabled[0m [90m[0m            
┃ [34m│  [0m   [34m├─ [0m[32m✔ unit-pipewire-pulse.socket-disabled[0m [90m[0m             
┃ [34m│  [0m   [34m├─ [0m[32m✔ unit-pipewire.service-disabled[0m [90m[0m                  
┃ [34m│  [0m   [34m├─ [0m[32m✔ unit-pipewire.socket-disabled[0m [90m[0m                   
┃ [34m│  [0m   [34m├─ [0m[32m✔ unit-wireplumber.service-disabled[0m [90m[0m               
┃ [34m│  [0m   [34m│  [0m      [34m┌─ [0m[34m⏸ hm_fontconfigconf.d10hmfonts.conf[0m[90m waiting for [0m[33m1 ⏵[0m
┃ [34m│  [0m   [34m│  [0m   [34m┌─ [0m[34m⏸ home-manager-files[0m                         
┃ [34m│  [0m   [34m│  [0m[34m┌─ [0m[34m⏸ home-manager-generation[0m                       
┃ [34m│  [0m   [34m├─ [0m[34m⏸ unit-home-manager-licht.service[0m                  
┃ [34m│  [0m[34m┌─ [0m[34m⏸ system-units[0m                                        
┃ [34m│  [0m[34m│  [0m[34m┌─ [0m[1m[33m↓ ⏵ texinfo-7.2[0m[0m ⏱ 11s 3.6MiB/13.7MiB               [1m 26.5%[0m
┃ [34m│  [0m[34m│  [0m[34m├─ [0m[33m[1m⏵ home-manager-path[0m[0m ⏱ 1s (∅ 5s)                    
┃ [34m│  [0m[34m├─ [0m[34m⏸ user-environment[0m                                    
┃ [34m├─ [0m[34m⏸ etc[0m                                                    
┃ [34m├─ [0m[33m[1m⏵ perl-5.42.0-env[0m[0m ⏱ 1s (∅ 18s)                           
┃ [34m⏸ nixos-system-licht-26.05.20260907.93108a5[0m                 [0m
┣━━━ [1mBuilds          [0m │ [1mDownloads      [0m │ [1mHost                   [0m
┃    [33m⏵ [1m2[0m[0m │ [32m✔ [1m16[0m[0m │     │ [33m   [0m │ [32m   [0m │     │ [35m      localhost        [0m
┃    [33m   [0m │ [32m    [0m │     │ [33m↓ [1m1[0m[0m │ [32m↓ [1m9[0m[0m │     │ [35mcache.nixos.org (https)[0m
┗━ ∑ [33m⏵ [1m2[0m[0m │ [32m✔ [1m16[0m[0m │ [34m⏸ [1m9[0m[0m │ [33m↓ [1m1[0m[0m │ [32m↓ [1m9[0m[0m │ [34m⏸ 0[0m │ [1m⏱ 46s                  [0m[?2026l[?2026h[2K[1F[2K[1F[2K[1F[2K[1F[2K[1F[2K[1F[2K[1F[2K[1F[2K[1F[2K[1F[2K[1F[2K[1F[2K[1F[2K[1F[2K[1F[2K[1F[2K[1F[2K[1F[2K[1F[2K[1F[2K[1F[2K[1F[2K[1F[2K[1F[2K[0m┏━ [1mDependency Graph[0m:
┃ [34m┌─ [0m[32m✔ ensure-all-wrappers-paths-exist[0m [90m[0m                       
┃ [34m├─ [0m[32m✔ stage-2-init.sh[0m [90m[0m                                       
┃ [34m├─ [0m[34m⏸ activate[0m[90m waiting for [0m[33m1 ⏵[0m [33m1 ↓[0m                           
┃ [34m│  [0m   [34m┌─ [0m[32m✔ unit-console-getty.service-disabled[0m [90m[0m             
┃ [34m│  [0m   [34m├─ [0m[32m✔ unit-pipewire-pulse.service-disabled[0m [90m[0m            
┃ [34m│  [0m   [34m├─ [0m[32m✔ unit-pipewire-pulse.socket-disabled[0m [90m[0m             
┃ [34m│  [0m   [34m├─ [0m[32m✔ unit-pipewire.service-disabled[0m [90m[0m                  
┃ [34m│  [0m   [34m├─ [0m[32m✔ unit-pipewire.socket-disabled[0m [90m[0m                   
┃ [34m│  [0m   [34m├─ [0m[32m✔ unit-wireplumber.service-disabled[0m [90m[0m               
┃ [34m│  [0m   [34m│  [0m      [34m┌─ [0m[34m⏸ hm_fontconfigconf.d10hmfonts.conf[0m[90m waiting for [0m[33m1 ⏵[0m
┃ [34m│  [0m   [34m│  [0m   [34m┌─ [0m[34m⏸ home-manager-files[0m                         
┃ [34m│  [0m   [34m│  [0m[34m┌─ [0m[34m⏸ home-manager-generation[0m                       
┃ [34m│  [0m   [34m├─ [0m[34m⏸ unit-home-manager-licht.service[0m                  
┃ [34m│  [0m[34m┌─ [0m[34m⏸ system-units[0m                                        
┃ [34m│  [0m[34m│  [0m[34m┌─ [0m[1m[33m↓ ⏵ texinfo-7.2[0m[0m ⏱ 11s 3.6MiB/13.7MiB               [1m 26.5%[0m
┃ [34m│  [0m[34m│  [0m[34m├─ [0m[33m[1m⏵ home-manager-path[0m[0m ⏱ 1s (∅ 5s)                    
┃ [34m│  [0m[34m├─ [0m[34m⏸ user-environment[0m                                    
┃ [34m├─ [0m[34m⏸ etc[0m                                                    
┃ [34m├─ [0m[33m[1m⏵ perl-5.42.0-env[0m[0m ⏱ 1s (∅ 18s)                           
┃ [34m⏸ nixos-system-licht-26.05.20260907.93108a5[0m                 [0m
┣━━━ [1mBuilds          [0m │ [1mDownloads      [0m │ [1mHost                   [0m
┃    [33m⏵ [1m2[0m[0m │ [32m✔ [1m16[0m[0m │     │ [33m   [0m │ [32m   [0m │     │ [35m      localhost        [0m
┃    [33m   [0m │ [32m    [0m │     │ [33m↓ [1m1[0m[0m │ [32m↓ [1m9[0m[0m │     │ [35mcache.nixos.org (https)[0m
┗━ ∑ [33m⏵ [1m2[0m[0m │ [32m✔ [1m16[0m[0m │ [34m⏸ [1m9[0m[0m │ [33m↓ [1m1[0m[0m │ [32m↓ [1m9[0m[0m │ [34m⏸ 0[0m │ [1m⏱ 46s                  [0m[?2026l[?2026h[2K[1F[2K[1F[2K[1F[2K[1F[2K[1F[2K[1F[2K[1F[2K[1F[2K[1F[2K[1F[2K[1F[2K[1F[2K[1F[2K[1F[2K[1F[2K[1F[2K[1F[2K[1F[2K[1F[2K[1F[2K[1F[2K[1F[2K[1F[2K[1F[2K[0m┏━ [1mDependency Graph[0m:
┃ [34m┌─ [0m[32m✔ ensure-all-wrappers-paths-exist[0m [90m[0m                       
┃ [34m├─ [0m[32m✔ stage-2-init.sh[0m [90m[0m                                       
┃ [34m├─ [0m[34m⏸ activate[0m[90m waiting for [0m[33m1 ⏵[0m [33m1 ↓[0m                           
┃ [34m│  [0m   [34m┌─ [0m[32m✔ unit-console-getty.service-disabled[0m [90m[0m             
┃ [34m│  [0m   [34m├─ [0m[32m✔ unit-pipewire-pulse.service-disabled[0m [90m[0m            
┃ [34m│  [0m   [34m├─ [0m[32m✔ unit-pipewire-pulse.socket-disabled[0m [90m[0m             
┃ [34m│  [0m   [34m├─ [0m[32m✔ unit-pipewire.service-disabled[0m [90m[0m                  
┃ [34m│  [0m   [34m├─ [0m[32m✔ unit-pipewire.socket-disabled[0m [90m[0m                   
┃ [34m│  [0m   [34m├─ [0m[32m✔ unit-wireplumber.service-disabled[0m [90m[0m               
┃ [34m│  [0m   [34m│  [0m      [34m┌─ [0m[34m⏸ hm_fontconfigconf.d10hmfonts.conf[0m[90m waiting for [0m[33m1 ⏵[0m
┃ [34m│  [0m   [34m│  [0m   [34m┌─ [0m[34m⏸ home-manager-files[0m                         
┃ [34m│  [0m   [34m│  [0m[34m┌─ [0m[34m⏸ home-manager-generation[0m                       
┃ [34m│  [0m   [34m├─ [0m[34m⏸ unit-home-manager-licht.service[0m                  
┃ [34m│  [0m[34m┌─ [0m[34m⏸ system-units[0m                                        
┃ [34m│  [0m[34m│  [0m[34m┌─ [0m[1m[33m↓ ⏵ texinfo-7.2[0m[0m ⏱ 11s 3.6MiB/13.7MiB               [1m 26.5%[0m
┃ [34m│  [0m[34m│  [0m[34m├─ [0m[33m[1m⏵ home-manager-path[0m[0m ⏱ 1s (∅ 5s)                    
┃ [34m│  [0m[34m├─ [0m[34m⏸ user-environment[0m                                    
┃ [34m├─ [0m[34m⏸ etc[0m                                                    
┃ [34m├─ [0m[33m[1m⏵ perl-5.42.0-env[0m[0m ⏱ 1s (∅ 18s)                           
┃ [34m⏸ nixos-system-licht-26.05.20260907.93108a5[0m                 [0m
┣━━━ [1mBuilds          [0m │ [1mDownloads      [0m │ [1mHost                   [0m
┃    [33m⏵ [1m2[0m[0m │ [32m✔ [1m16[0m[0m │     │ [33m   [0m │ [32m   [0m │     │ [35m      localhost        [0m
┃    [33m   [0m │ [32m    [0m │     │ [33m↓ [1m1[0m[0m │ [32m↓ [1m9[0m[0m │     │ [35mcache.nixos.org (https)[0m
┗━ ∑ [33m⏵ [1m2[0m[0m │ [32m✔ [1m16[0m[0m │ [34m⏸ [1m9[0m[0m │ [33m↓ [1m1[0m[0m │ [32m↓ [1m9[0m[0m │ [34m⏸ 0[0m │ [1m⏱ 46s                  [0m[?2026l[?2026h[2K[1F[2K[1F[2K[1F[2K[1F[2K[1F[2K[1F[2K[1F[2K[1F[2K[1F[2K[1F[2K[1F[2K[1F[2K[1F[2K[1F[2K[1F[2K[1F[2K[1F[2K[1F[2K[1F[2K[1F[2K[1F[2K[1F[2K[1F[2K[1F[2K[0m[34mhome-manager-path> [0mcreated 2471 symlinks in user environment
[0m┏━ [1mDependency Graph[0m:
┃ [34m┌─ [0m[32m✔ ensure-all-wrappers-paths-exist[0m [90m[0m                       
┃ [34m├─ [0m[32m✔ stage-2-init.sh[0m [90m[0m                                       
┃ [34m├─ [0m[34m⏸ activate[0m[90m waiting for [0m[33m1 ⏵[0m [33m1 ↓[0m                           
┃ [34m│  [0m   [34m┌─ [0m[32m✔ unit-console-getty.service-disabled[0m [90m[0m             
┃ [34m│  [0m   [34m├─ [0m[32m✔ unit-pipewire-pulse.service-disabled[0m [90m[0m            
┃ [34m│  [0m   [34m├─ [0m[32m✔ unit-pipewire-pulse.socket-disabled[0m [90m[0m             
┃ [34m│  [0m   [34m├─ [0m[32m✔ unit-pipewire.service-disabled[0m [90m[0m                  
┃ [34m│  [0m   [34m├─ [0m[32m✔ unit-pipewire.socket-disabled[0m [90m[0m                   
┃ [34m│  [0m   [34m├─ [0m[32m✔ unit-wireplumber.service-disabled[0m [90m[0m               
┃ [34m│  [0m   [34m│  [0m      [34m┌─ [0m[34m⏸ hm_fontconfigconf.d10hmfonts.conf[0m[90m waiting for [0m[33m1 ⏵[0m
┃ [34m│  [0m   [34m│  [0m   [34m┌─ [0m[34m⏸ home-manager-files[0m                         
┃ [34m│  [0m   [34m│  [0m[34m┌─ [0m[34m⏸ home-manager-generation[0m                       
┃ [34m│  [0m   [34m├─ [0m[34m⏸ unit-home-manager-licht.service[0m                  
┃ [34m│  [0m[34m┌─ [0m[34m⏸ system-units[0m                                        
┃ [34m│  [0m[34m│  [0m[34m┌─ [0m[1m[33m↓ ⏵ texinfo-7.2[0m[0m ⏱ 11s 3.6MiB/13.7MiB               [1m 26.5%[0m
┃ [34m│  [0m[34m│  [0m[34m├─ [0m[33m[1m⏵ home-manager-path[0m[0m ⏱ 1s (∅ 5s)                    
┃ [34m│  [0m[34m├─ [0m[34m⏸ user-environment[0m                                    
┃ [34m├─ [0m[34m⏸ etc[0m                                                    
┃ [34m├─ [0m[33m[1m⏵ perl-5.42.0-env[0m[0m ⏱ 1s (∅ 18s)                           
┃ [34m⏸ nixos-system-licht-26.05.20260907.93108a5[0m                 [0m
┣━━━ [1mBuilds          [0m │ [1mDownloads      [0m │ [1mHost                   [0m
┃    [33m⏵ [1m2[0m[0m │ [32m✔ [1m16[0m[0m │     │ [33m   [0m │ [32m   [0m │     │ [35m      localhost        [0m
┃    [33m   [0m │ [32m    [0m │     │ [33m↓ [1m1[0m[0m │ [32m↓ [1m9[0m[0m │     │ [35mcache.nixos.org (https)[0m
┗━ ∑ [33m⏵ [1m2[0m[0m │ [32m✔ [1m16[0m[0m │ [34m⏸ [1m9[0m[0m │ [33m↓ [1m1[0m[0m │ [32m↓ [1m9[0m[0m │ [34m⏸ 0[0m │ [1m⏱ 46s                  [0m[?2026l[?2026h[2K[1F[2K[1F[2K[1F[2K[1F[2K[1F[2K[1F[2K[1F[2K[1F[2K[1F[2K[1F[2K[1F[2K[1F[2K[1F[2K[1F[2K[1F[2K[1F[2K[1F[2K[1F[2K[1F[2K[1F[2K[1F[2K[1F[2K[1F[2K[1F[2K[0m┏━ [1mDependency Graph[0m:
┃ [34m┌─ [0m[32m✔ ensure-all-wrappers-paths-exist[0m [90m[0m                       
┃ [34m├─ [0m[32m✔ stage-2-init.sh[0m [90m[0m                                       
┃ [34m├─ [0m[34m⏸ activate[0m[90m waiting for [0m[33m1 ⏵[0m [33m1 ↓[0m                           
┃ [34m│  [0m   [34m┌─ [0m[32m✔ unit-console-getty.service-disabled[0m [90m[0m             
┃ [34m│  [0m   [34m├─ [0m[32m✔ unit-pipewire-pulse.service-disabled[0m [90m[0m            
┃ [34m│  [0m   [34m├─ [0m[32m✔ unit-pipewire-pulse.socket-disabled[0m [90m[0m             
┃ [34m│  [0m   [34m├─ [0m[32m✔ unit-pipewire.service-disabled[0m [90m[0m                  
┃ [34m│  [0m   [34m├─ [0m[32m✔ unit-pipewire.socket-disabled[0m [90m[0m                   
┃ [34m│  [0m   [34m├─ [0m[32m✔ unit-wireplumber.service-disabled[0m [90m[0m               
┃ [34m│  [0m   [34m│  [0m      [34m┌─ [0m[34m⏸ hm_fontconfigconf.d10hmfonts.conf[0m[90m waiting for [0m[33m1 ⏵[0m
┃ [34m│  [0m   [34m│  [0m   [34m┌─ [0m[34m⏸ home-manager-files[0m                         
┃ [34m│  [0m   [34m│  [0m[34m┌─ [0m[34m⏸ home-manager-generation[0m                       
┃ [34m│  [0m   [34m├─ [0m[34m⏸ unit-home-manager-licht.service[0m                  
┃ [34m│  [0m[34m┌─ [0m[34m⏸ system-units[0m                                        
┃ [34m│  [0m[34m│  [0m[34m┌─ [0m[1m[33m↓ ⏵ texinfo-7.2[0m[0m ⏱ 11s 3.6MiB/13.7MiB               [1m 26.5%[0m
┃ [34m│  [0m[34m│  [0m[34m├─ [0m[33m[1m⏵ home-manager-path[0m[0m ⏱ 1s (∅ 5s)                    
┃ [34m│  [0m[34m├─ [0m[34m⏸ user-environment[0m                                    
┃ [34m├─ [0m[34m⏸ etc[0m                                                    
┃ [34m├─ [0m[33m[1m⏵ perl-5.42.0-env[0m[0m ⏱ 1s (∅ 18s)                           
┃ [34m⏸ nixos-system-licht-26.05.20260907.93108a5[0m                 [0m
┣━━━ [1mBuilds          [0m │ [1mDownloads      [0m │ [1mHost                   [0m
┃    [33m⏵ [1m2[0m[0m │ [32m✔ [1m16[0m[0m │     │ [33m   [0m │ [32m   [0m │     │ [35m      localhost        [0m
┃    [33m   [0m │ [32m    [0m │     │ [33m↓ [1m1[0m[0m │ [32m↓ [1m9[0m[0m │     │ [35mcache.nixos.org (https)[0m
┗━ ∑ [33m⏵ [1m2[0m[0m │ [32m✔ [1m16[0m[0m │ [34m⏸ [1m9[0m[0m │ [33m↓ [1m1[0m[0m │ [32m↓ [1m9[0m[0m │ [34m⏸ 0[0m │ [1m⏱ 46s                  [0m[?2026l[?2026h[2K[1F[2K[1F[2K[1F[2K[1F[2K[1F[2K[1F[2K[1F[2K[1F[2K[1F[2K[1F[2K[1F[2K[1F[2K[1F[2K[1F[2K[1F[2K[1F[2K[1F[2K[1F[2K[1F[2K[1F[2K[1F[2K[1F[2K[1F[2K[1F[2K[0m┏━ [1mDependency Graph[0m:
┃ [34m┌─ [0m[32m✔ ensure-all-wrappers-paths-exist[0m [90m[0m                       
┃ [34m├─ [0m[32m✔ stage-2-init.sh[0m [90m[0m                                       
┃ [34m├─ [0m[34m⏸ activate[0m[90m waiting for [0m[33m1 ⏵[0m [33m1 ↓[0m                           
┃ [34m│  [0m   [34m┌─ [0m[32m✔ unit-console-getty.service-disabled[0m [90m[0m             
┃ [34m│  [0m   [34m├─ [0m[32m✔ unit-pipewire-pulse.service-disabled[0m [90m[0m            
┃ [34m│  [0m   [34m├─ [0m[32m✔ unit-pipewire-pulse.socket-disabled[0m [90m[0m             
┃ [34m│  [0m   [34m├─ [0m[32m✔ unit-pipewire.service-disabled[0m [90m[0m                  
┃ [34m│  [0m   [34m├─ [0m[32m✔ unit-pipewire.socket-disabled[0m [90m[0m                   
┃ [34m│  [0m   [34m├─ [0m[32m✔ unit-wireplumber.service-disabled[0m [90m[0m               
┃ [34m│  [0m   [34m│  [0m      [34m┌─ [0m[34m⏸ hm_fontconfigconf.d10hmfonts.conf[0m[90m waiting for [0m[33m1 ⏵[0m
┃ [34m│  [0m   [34m│  [0m   [34m┌─ [0m[34m⏸ home-manager-files[0m                         
┃ [34m│  [0m   [34m│  [0m[34m┌─ [0m[34m⏸ home-manager-generation[0m                       
┃ [34m│  [0m   [34m├─ [0m[34m⏸ unit-home-manager-licht.service[0m                  
┃ [34m│  [0m[34m┌─ [0m[34m⏸ system-units[0m                                        
┃ [34m│  [0m[34m│  [0m[34m┌─ [0m[1m[33m↓ ⏵ texinfo-7.2[0m[0m ⏱ 11s 3.6MiB/13.7MiB               [1m 26.5%[0m
┃ [34m│  [0m[34m│  [0m[34m├─ [0m[33m[1m⏵ home-manager-path[0m[0m ⏱ 1s (∅ 5s)                    
┃ [34m│  [0m[34m├─ [0m[34m⏸ user-environment[0m                                    
┃ [34m├─ [0m[34m⏸ etc[0m                                                    
┃ [34m├─ [0m[33m[1m⏵ perl-5.42.0-env[0m[0m ⏱ 1s (∅ 18s)                           
┃ [34m⏸ nixos-system-licht-26.05.20260907.93108a5[0m                 [0m
┣━━━ [1mBuilds          [0m │ [1mDownloads      [0m │ [1mHost                   [0m
┃    [33m⏵ [1m2[0m[0m │ [32m✔ [1m16[0m[0m │     │ [33m   [0m │ [32m   [0m │     │ [35m      localhost        [0m
┃    [33m   [0m │ [32m    [0m │     │ [33m↓ [1m1[0m[0m │ [32m↓ [1m9[0m[0m │     │ [35mcache.nixos.org (https)[0m
┗━ ∑ [33m⏵ [1m2[0m[0m │ [32m✔ [1m16[0m[0m │ [34m⏸ [1m9[0m[0m │ [33m↓ [1m1[0m[0m │ [32m↓ [1m9[0m[0m │ [34m⏸ 0[0m │ [1m⏱ 46s                  [0m[?2026l[?2026h[2K[1F[2K[1F[2K[1F[2K[1F[2K[1F[2K[1F[2K[1F[2K[1F[2K[1F[2K[1F[2K[1F[2K[1F[2K[1F[2K[1F[2K[1F[2K[1F[2K[1F[2K[1F[2K[1F[2K[1F[2K[1F[2K[1F[2K[1F[2K[1F[2K[0m┏━ [1mDependency Graph[0m:
┃ [34m┌─ [0m[32m✔ ensure-all-wrappers-paths-exist[0m [90m[0m                       
┃ [34m├─ [0m[32m✔ stage-2-init.sh[0m [90m[0m                                       
┃ [34m├─ [0m[34m⏸ activate[0m[90m waiting for [0m[33m1 ⏵[0m [33m1 ↓[0m                           
┃ [34m│  [0m   [34m┌─ [0m[32m✔ unit-console-getty.service-disabled[0m [90m[0m             
┃ [34m│  [0m   [34m├─ [0m[32m✔ unit-pipewire-pulse.service-disabled[0m [90m[0m            
┃ [34m│  [0m   [34m├─ [0m[32m✔ unit-pipewire-pulse.socket-disabled[0m [90m[0m             
┃ [34m│  [0m   [34m├─ [0m[32m✔ unit-pipewire.service-disabled[0m [90m[0m                  
┃ [34m│  [0m   [34m├─ [0m[32m✔ unit-pipewire.socket-disabled[0m [90m[0m                   
┃ [34m│  [0m   [34m├─ [0m[32m✔ unit-wireplumber.service-disabled[0m [90m[0m               
┃ [34m│  [0m   [34m│  [0m      [34m┌─ [0m[34m⏸ hm_fontconfigconf.d10hmfonts.conf[0m[90m waiting for [0m[33m1 ⏵[0m
┃ [34m│  [0m   [34m│  [0m   [34m┌─ [0m[34m⏸ home-manager-files[0m                         
┃ [34m│  [0m   [34m│  [0m[34m┌─ [0m[34m⏸ home-manager-generation[0m                       
┃ [34m│  [0m   [34m├─ [0m[34m⏸ unit-home-manager-licht.service[0m                  
┃ [34m│  [0m[34m┌─ [0m[34m⏸ system-units[0m                                        
┃ [34m│  [0m[34m│  [0m[34m┌─ [0m[1m[33m↓ ⏵ texinfo-7.2[0m[0m ⏱ 11s 3.6MiB/13.7MiB               [1m 26.5%[0m
┃ [34m│  [0m[34m│  [0m[34m├─ [0m[33m[1m⏵ home-manager-path[0m[0m ⏱ 1s (∅ 5s)                    
┃ [34m│  [0m[34m├─ [0m[34m⏸ user-environment[0m                                    
┃ [34m├─ [0m[34m⏸ etc[0m                                                    
┃ [34m├─ [0m[33m[1m⏵ perl-5.42.0-env[0m[0m ⏱ 2s (∅ 18s)                           
┃ [34m⏸ nixos-system-licht-26.05.20260907.93108a5[0m                 [0m
┣━━━ [1mBuilds          [0m │ [1mDownloads      [0m │ [1mHost                   [0m
┃    [33m⏵ [1m2[0m[0m │ [32m✔ [1m16[0m[0m │     │ [33m   [0m │ [32m   [0m │     │ [35m      localhost        [0m
┃    [33m   [0m │ [32m    [0m │     │ [33m↓ [1m1[0m[0m │ [32m↓ [1m9[0m[0m │     │ [35mcache.nixos.org (https)[0m
┗━ ∑ [33m⏵ [1m2[0m[0m │ [32m✔ [1m16[0m[0m │ [34m⏸ [1m9[0m[0m │ [33m↓ [1m1[0m[0m │ [32m↓ [1m9[0m[0m │ [34m⏸ 0[0m │ [1m⏱ 47s                  [0m[?2026l[?2026h[2K[1F[2K[1F[2K[1F[2K[1F[2K[1F[2K[1F[2K[1F[2K[1F[2K[1F[2K[1F[2K[1F[2K[1F[2K[1F[2K[1F[2K[1F[2K[1F[2K[1F[2K[1F[2K[1F[2K[1F[2K[1F[2K[1F[2K[1F[2K[1F[2K[0m┏━ [1mDependency Graph[0m:
┃ [34m┌─ [0m[32m✔ ensure-all-wrappers-paths-exist[0m [90m[0m                       
┃ [34m├─ [0m[32m✔ stage-2-init.sh[0m [90m[0m                                       
┃ [34m├─ [0m[34m⏸ activate[0m[90m waiting for [0m[33m1 ⏵[0m [33m1 ↓[0m                           
┃ [34m│  [0m   [34m┌─ [0m[32m✔ unit-console-getty.service-disabled[0m [90m[0m             
┃ [34m│  [0m   [34m├─ [0m[32m✔ unit-pipewire-pulse.service-disabled[0m [90m[0m            
┃ [34m│  [0m   [34m├─ [0m[32m✔ unit-pipewire-pulse.socket-disabled[0m [90m[0m             
┃ [34m│  [0m   [34m├─ [0m[32m✔ unit-pipewire.service-disabled[0m [90m[0m                  
┃ [34m│  [0m   [34m├─ [0m[32m✔ unit-pipewire.socket-disabled[0m [90m[0m                   
┃ [34m│  [0m   [34m├─ [0m[32m✔ unit-wireplumber.service-disabled[0m [90m[0m               
┃ [34m│  [0m   [34m│  [0m      [34m┌─ [0m[34m⏸ hm_fontconfigconf.d10hmfonts.conf[0m[90m waiting for [0m[33m1 ⏵[0m
┃ [34m│  [0m   [34m│  [0m   [34m┌─ [0m[34m⏸ home-manager-files[0m                         
┃ [34m│  [0m   [34m│  [0m[34m┌─ [0m[34m⏸ home-manager-generation[0m                       
┃ [34m│  [0m   [34m├─ [0m[34m⏸ unit-home-manager-licht.service[0m                  
┃ [34m│  [0m[34m┌─ [0m[34m⏸ system-units[0m                                        
┃ [34m│  [0m[34m│  [0m[34m┌─ [0m[1m[33m↓ ⏵ texinfo-7.2[0m[0m ⏱ 11s 3.8MiB/13.7MiB               [1m 27.5%[0m
┃ [34m│  [0m[34m│  [0m[34m├─ [0m[33m[1m⏵ home-manager-path[0m[0m ⏱ 1s (∅ 5s)                    
┃ [34m│  [0m[34m├─ [0m[34m⏸ user-environment[0m                                    
┃ [34m├─ [0m[34m⏸ etc[0m                                                    
┃ [34m├─ [0m[33m[1m⏵ perl-5.42.0-env[0m[0m ⏱ 2s (∅ 18s)                           
┃ [34m⏸ nixos-system-licht-26.05.20260907.93108a5[0m                 [0m
┣━━━ [1mBuilds          [0m │ [1mDownloads      [0m │ [1mHost                   [0m
┃    [33m⏵ [1m2[0m[0m │ [32m✔ [1m16[0m[0m │     │ [33m   [0m │ [32m   [0m │     │ [35m      localhost        [0m
┃    [33m   [0m │ [32m    [0m │     │ [33m↓ [1m1[0m[0m │ [32m↓ [1m9[0m[0m │     │ [35mcache.nixos.org (https)[0m
┗━ ∑ [33m⏵ [1m2[0m[0m │ [32m✔ [1m16[0m[0m │ [34m⏸ [1m9[0m[0m │ [33m↓ [1m1[0m[0m │ [32m↓ [1m9[0m[0m │ [34m⏸ 0[0m │ [1m⏱ 47s                  [0m[?2026l[?2026h[2K[1F[2K[1F[2K[1F[2K[1F[2K[1F[2K[1F[2K[1F[2K[1F[2K[1F[2K[1F[2K[1F[2K[1F[2K[1F[2K[1F[2K[1F[2K[1F[2K[1F[2K[1F[2K[1F[2K[1F[2K[1F[2K[1F[2K[1F[2K[1F[2K[0m┏━ [1mDependency Graph[0m:
┃ [34m┌─ [0m[32m✔ ensure-all-wrappers-paths-exist[0m [90m[0m                       
┃ [34m├─ [0m[32m✔ stage-2-init.sh[0m [90m[0m                                       
┃ [34m├─ [0m[34m⏸ activate[0m[90m waiting for [0m[33m1 ⏵[0m [33m1 ↓[0m                           
┃ [34m│  [0m   [34m┌─ [0m[32m✔ unit-console-getty.service-disabled[0m [90m[0m             
┃ [34m│  [0m   [34m├─ [0m[32m✔ unit-pipewire-pulse.service-disabled[0m [90m[0m            
┃ [34m│  [0m   [34m├─ [0m[32m✔ unit-pipewire-pulse.socket-disabled[0m [90m[0m             
┃ [34m│  [0m   [34m├─ [0m[32m✔ unit-pipewire.service-disabled[0m [90m[0m                  
┃ [34m│  [0m   [34m├─ [0m[32m✔ unit-pipewire.socket-disabled[0m [90m[0m                   
┃ [34m│  [0m   [34m├─ [0m[32m✔ unit-wireplumber.service-disabled[0m [90m[0m               
┃ [34m│  [0m   [34m│  [0m      [34m┌─ [0m[34m⏸ hm_fontconfigconf.d10hmfonts.conf[0m[90m waiting for [0m[33m1 ⏵[0m
┃ [34m│  [0m   [34m│  [0m   [34m┌─ [0m[34m⏸ home-manager-files[0m                         
┃ [34m│  [0m   [34m│  [0m[34m┌─ [0m[34m⏸ home-manager-generation[0m                       
┃ [34m│  [0m   [34m├─ [0m[34m⏸ unit-home-manager-licht.service[0m                  
┃ [34m│  [0m[34m┌─ [0m[34m⏸ system-units[0m                                        
┃ [34m│  [0m[34m│  [0m[34m┌─ [0m[1m[33m↓ ⏵ texinfo-7.2[0m[0m ⏱ 12s 3.8MiB/13.7MiB               [1m 27.5%[0m
┃ [34m│  [0m[34m│  [0m[34m├─ [0m[33m[1m⏵ home-manager-path[0m[0m ⏱ 1s (∅ 5s)                    
┃ [34m│  [0m[34m├─ [0m[34m⏸ user-environment[0m                                    
┃ [34m├─ [0m[34m⏸ etc[0m                                                    
┃ [34m├─ [0m[33m[1m⏵ perl-5.42.0-env[0m[0m ⏱ 2s (∅ 18s)                           
┃ [34m⏸ nixos-system-licht-26.05.20260907.93108a5[0m                 [0m
┣━━━ [1mBuilds          [0m │ [1mDownloads      [0m │ [1mHost                   [0m
┃    [33m⏵ [1m2[0m[0m │ [32m✔ [1m16[0m[0m │     │ [33m   [0m │ [32m   [0m │     │ [35m      localhost        [0m
┃    [33m   [0m │ [32m    [0m │     │ [33m↓ [1m1[0m[0m │ [32m↓ [1m9[0m[0m │     │ [35mcache.nixos.org (https)[0m
┗━ ∑ [33m⏵ [1m2[0m[0m │ [32m✔ [1m16[0m[0m │ [34m⏸ [1m9[0m[0m │ [33m↓ [1m1[0m[0m │ [32m↓ [1m9[0m[0m │ [34m⏸ 0[0m │ [1m⏱ 47s                  [0m[?2026l[?2026h[2K[1F[2K[1F[2K[1F[2K[1F[2K[1F[2K[1F[2K[1F[2K[1F[2K[1F[2K[1F[2K[1F[2K[1F[2K[1F[2K[1F[2K[1F[2K[1F[2K[1F[2K[1F[2K[1F[2K[1F[2K[1F[2K[1F[2K[1F[2K[1F[2K[0m┏━ [1mDependency Graph[0m:
┃ [34m┌─ [0m[32m✔ ensure-all-wrappers-paths-exist[0m [90m[0m                       
┃ [34m├─ [0m[32m✔ stage-2-init.sh[0m [90m[0m                                       
┃ [34m├─ [0m[34m⏸ activate[0m[90m waiting for [0m[33m1 ⏵[0m [33m1 ↓[0m                           
┃ [34m│  [0m   [34m┌─ [0m[32m✔ unit-console-getty.service-disabled[0m [90m[0m             
┃ [34m│  [0m   [34m├─ [0m[32m✔ unit-pipewire-pulse.service-disabled[0m [90m[0m            
┃ [34m│  [0m   [34m├─ [0m[32m✔ unit-pipewire-pulse.socket-disabled[0m [90m[0m             
┃ [34m│  [0m   [34m├─ [0m[32m✔ unit-pipewire.service-disabled[0m [90m[0m                  
┃ [34m│  [0m   [34m├─ [0m[32m✔ unit-pipewire.socket-disabled[0m [90m[0m                   
┃ [34m│  [0m   [34m├─ [0m[32m✔ unit-wireplumber.service-disabled[0m [90m[0m               
┃ [34m│  [0m   [34m│  [0m      [34m┌─ [0m[34m⏸ hm_fontconfigconf.d10hmfonts.conf[0m[90m waiting for [0m[33m1 ⏵[0m
┃ [34m│  [0m   [34m│  [0m   [34m┌─ [0m[34m⏸ home-manager-files[0m                         
┃ [34m│  [0m   [34m│  [0m[34m┌─ [0m[34m⏸ home-manager-generation[0m                       
┃ [34m│  [0m   [34m├─ [0m[34m⏸ unit-home-manager-licht.service[0m                  
┃ [34m│  [0m[34m┌─ [0m[34m⏸ system-units[0m                                        
┃ [34m│  [0m[34m│  [0m[34m┌─ [0m[1m[33m↓ ⏵ texinfo-7.2[0m[0m ⏱ 12s 3.8MiB/13.7MiB               [1m 27.5%[0m
┃ [34m│  [0m[34m│  [0m[34m├─ [0m[33m[1m⏵ home-manager-path[0m[0m ⏱ 1s (∅ 5s)                    
┃ [34m│  [0m[34m├─ [0m[34m⏸ user-environment[0m                                    
┃ [34m├─ [0m[34m⏸ etc[0m                                                    
┃ [34m├─ [0m[33m[1m⏵ perl-5.42.0-env[0m[0m ⏱ 2s (∅ 18s)                           
┃ [34m⏸ nixos-system-licht-26.05.20260907.93108a5[0m                 [0m
┣━━━ [1mBuilds          [0m │ [1mDownloads      [0m │ [1mHost                   [0m
┃    [33m⏵ [1m2[0m[0m │ [32m✔ [1m16[0m[0m │     │ [33m   [0m │ [32m   [0m │     │ [35m      localhost        [0m
┃    [33m   [0m │ [32m    [0m │     │ [33m↓ [1m1[0m[0m │ [32m↓ [1m9[0m[0m │     │ [35mcache.nixos.org (https)[0m
┗━ ∑ [33m⏵ [1m2[0m[0m │ [32m✔ [1m16[0m[0m │ [34m⏸ [1m9[0m[0m │ [33m↓ [1m1[0m[0m │ [32m↓ [1m9[0m[0m │ [34m⏸ 0[0m │ [1m⏱ 47s                  [0m[?2026l[?2026h[2K[1F[2K[1F[2K[1F[2K[1F[2K[1F[2K[1F[2K[1F[2K[1F[2K[1F[2K[1F[2K[1F[2K[1F[2K[1F[2K[1F[2K[1F[2K[1F[2K[1F[2K[1F[2K[1F[2K[1F[2K[1F[2K[1F[2K[1F[2K[1F[2K[0m┏━ [1mDependency Graph[0m:
┃ [34m┌─ [0m[32m✔ ensure-all-wrappers-paths-exist[0m [90m[0m                       
┃ [34m├─ [0m[32m✔ stage-2-init.sh[0m [90m[0m                                       
┃ [34m├─ [0m[34m⏸ activate[0m[90m waiting for [0m[33m1 ⏵[0m [33m1 ↓[0m                           
┃ [34m│  [0m   [34m┌─ [0m[32m✔ unit-console-getty.service-disabled[0m [90m[0m             
┃ [34m│  [0m   [34m├─ [0m[32m✔ unit-pipewire-pulse.service-disabled[0m [90m[0m            
┃ [34m│  [0m   [34m├─ [0m[32m✔ unit-pipewire-pulse.socket-disabled[0m [90m[0m             
┃ [34m│  [0m   [34m├─ [0m[32m✔ unit-pipewire.service-disabled[0m [90m[0m                  
┃ [34m│  [0m   [34m├─ [0m[32m✔ unit-pipewire.socket-disabled[0m [90m[0m                   
┃ [34m│  [0m   [34m├─ [0m[32m✔ unit-wireplumber.service-disabled[0m [90m[0m               
┃ [34m│  [0m   [34m│  [0m      [34m┌─ [0m[34m⏸ hm_fontconfigconf.d10hmfonts.conf[0m[90m waiting for [0m[33m1 ⏵[0m
┃ [34m│  [0m   [34m│  [0m   [34m┌─ [0m[34m⏸ home-manager-files[0m                         
┃ [34m│  [0m   [34m│  [0m[34m┌─ [0m[34m⏸ home-manager-generation[0m                       
┃ [34m│  [0m   [34m├─ [0m[34m⏸ unit-home-manager-licht.service[0m                  
┃ [34m│  [0m[34m┌─ [0m[34m⏸ system-units[0m                                        
┃ [34m│  [0m[34m│  [0m[34m┌─ [0m[1m[33m↓ ⏵ texinfo-7.2[0m[0m ⏱ 12s 3.8MiB/13.7MiB               [1m 27.5%[0m
┃ [34m│  [0m[34m│  [0m[34m├─ [0m[33m[1m⏵ home-manager-path[0m[0m ⏱ 1s (∅ 5s)                    
┃ [34m│  [0m[34m├─ [0m[34m⏸ user-environment[0m                                    
┃ [34m├─ [0m[34m⏸ etc[0m                                                    
┃ [34m├─ [0m[33m[1m⏵ perl-5.42.0-env[0m[0m ⏱ 2s (∅ 18s)                           
┃ [34m⏸ nixos-system-licht-26.05.20260907.93108a5[0m                 [0m
┣━━━ [1mBuilds          [0m │ [1mDownloads      [0m │ [1mHost                   [0m
┃    [33m⏵ [1m2[0m[0m │ [32m✔ [1m16[0m[0m │     │ [33m   [0m │ [32m   [0m │     │ [35m      localhost        [0m
┃    [33m   [0m │ [32m    [0m │     │ [33m↓ [1m1[0m[0m │ [32m↓ [1m9[0m[0m │     │ [35mcache.nixos.org (https)[0m
┗━ ∑ [33m⏵ [1m2[0m[0m │ [32m✔ [1m16[0m[0m │ [34m⏸ [1m9[0m[0m │ [33m↓ [1m1[0m[0m │ [32m↓ [1m9[0m[0m │ [34m⏸ 0[0m │ [1m⏱ 47s                  [0m[?2026l[?2026h[2K[1F[2K[1F[2K[1F[2K[1F[2K[1F[2K[1F[2K[1F[2K[1F[2K[1F[2K[1F[2K[1F[2K[1F[2K[1F[2K[1F[2K[1F[2K[1F[2K[1F[2K[1F[2K[1F[2K[1F[2K[1F[2K[1F[2K[1F[2K[1F[2K[0m┏━ [1mDependency Graph[0m:
┃ [34m┌─ [0m[32m✔ ensure-all-wrappers-paths-exist[0m [90m[0m                       
┃ [34m├─ [0m[32m✔ stage-2-init.sh[0m [90m[0m                                       
┃ [34m├─ [0m[34m⏸ activate[0m[90m waiting for [0m[33m1 ⏵[0m [33m1 ↓[0m                           
┃ [34m│  [0m   [34m┌─ [0m[32m✔ unit-console-getty.service-disabled[0m [90m[0m             
┃ [34m│  [0m   [34m├─ [0m[32m✔ unit-pipewire-pulse.service-disabled[0m [90m[0m            
┃ [34m│  [0m   [34m├─ [0m[32m✔ unit-pipewire-pulse.socket-disabled[0m [90m[0m             
┃ [34m│  [0m   [34m├─ [0m[32m✔ unit-pipewire.service-disabled[0m [90m[0m                  
┃ [34m│  [0m   [34m├─ [0m[32m✔ unit-pipewire.socket-disabled[0m [90m[0m                   
┃ [34m│  [0m   [34m├─ [0m[32m✔ unit-wireplumber.service-disabled[0m [90m[0m               
┃ [34m│  [0m   [34m│  [0m      [34m┌─ [0m[34m⏸ hm_fontconfigconf.d10hmfonts.conf[0m[90m waiting for [0m[33m1 ⏵[0m
┃ [34m│  [0m   [34m│  [0m   [34m┌─ [0m[34m⏸ home-manager-files[0m                         
┃ [34m│  [0m   [34m│  [0m[34m┌─ [0m[34m⏸ home-manager-generation[0m                       
┃ [34m│  [0m   [34m├─ [0m[34m⏸ unit-home-manager-licht.service[0m                  
┃ [34m│  [0m[34m┌─ [0m[34m⏸ system-units[0m                                        
┃ [34m│  [0m[34m│  [0m[34m┌─ [0m[1m[33m↓ ⏵ texinfo-7.2[0m[0m ⏱ 12s 3.8MiB/13.7MiB               [1m 27.5%[0m
┃ [34m│  [0m[34m│  [0m[34m├─ [0m[33m[1m⏵ home-manager-path[0m[0m ⏱ 1s (∅ 5s)                    
┃ [34m│  [0m[34m├─ [0m[34m⏸ user-environment[0m                                    
┃ [34m├─ [0m[34m⏸ etc[0m                                                    
┃ [34m├─ [0m[33m[1m⏵ perl-5.42.0-env[0m[0m ⏱ 2s (∅ 18s)                           
┃ [34m⏸ nixos-system-licht-26.05.20260907.93108a5[0m                 [0m
┣━━━ [1mBuilds          [0m │ [1mDownloads      [0m │ [1mHost                   [0m
┃    [33m⏵ [1m2[0m[0m │ [32m✔ [1m16[0m[0m │     │ [33m   [0m │ [32m   [0m │     │ [35m      localhost        [0m
┃    [33m   [0m │ [32m    [0m │     │ [33m↓ [1m1[0m[0m │ [32m↓ [1m9[0m[0m │     │ [35mcache.nixos.org (https)[0m
┗━ ∑ [33m⏵ [1m2[0m[0m │ [32m✔ [1m16[0m[0m │ [34m⏸ [1m9[0m[0m │ [33m↓ [1m1[0m[0m │ [32m↓ [1m9[0m[0m │ [34m⏸ 0[0m │ [1m⏱ 47s                  [0m[?2026l[?2026h[2K[1F[2K[1F[2K[1F[2K[1F[2K[1F[2K[1F[2K[1F[2K[1F[2K[1F[2K[1F[2K[1F[2K[1F[2K[1F[2K[1F[2K[1F[2K[1F[2K[1F[2K[1F[2K[1F[2K[1F[2K[1F[2K[1F[2K[1F[2K[1F[2K[0m┏━ [1mDependency Graph[0m:
┃ [34m┌─ [0m[32m✔ ensure-all-wrappers-paths-exist[0m [90m[0m                       
┃ [34m├─ [0m[32m✔ stage-2-init.sh[0m [90m[0m                                       
┃ [34m├─ [0m[34m⏸ activate[0m[90m waiting for [0m[33m1 ⏵[0m [33m1 ↓[0m                           
┃ [34m│  [0m   [34m┌─ [0m[32m✔ unit-console-getty.service-disabled[0m [90m[0m             
┃ [34m│  [0m   [34m├─ [0m[32m✔ unit-pipewire-pulse.service-disabled[0m [90m[0m            
┃ [34m│  [0m   [34m├─ [0m[32m✔ unit-pipewire-pulse.socket-disabled[0m [90m[0m             
┃ [34m│  [0m   [34m├─ [0m[32m✔ unit-pipewire.service-disabled[0m [90m[0m                  
┃ [34m│  [0m   [34m├─ [0m[32m✔ unit-pipewire.socket-disabled[0m [90m[0m                   
┃ [34m│  [0m   [34m├─ [0m[32m✔ unit-wireplumber.service-disabled[0m [90m[0m               
┃ [34m│  [0m   [34m│  [0m      [34m┌─ [0m[34m⏸ hm_fontconfigconf.d10hmfonts.conf[0m[90m waiting for [0m[33m1 ⏵[0m
┃ [34m│  [0m   [34m│  [0m   [34m┌─ [0m[34m⏸ home-manager-files[0m                         
┃ [34m│  [0m   [34m│  [0m[34m┌─ [0m[34m⏸ home-manager-generation[0m                       
┃ [34m│  [0m   [34m├─ [0m[34m⏸ unit-home-manager-licht.service[0m                  
┃ [34m│  [0m[34m┌─ [0m[34m⏸ system-units[0m                                        
┃ [34m│  [0m[34m│  [0m[34m┌─ [0m[1m[33m↓ ⏵ texinfo-7.2[0m[0m ⏱ 12s 3.9MiB/13.7MiB               [1m 28.4%[0m
┃ [34m│  [0m[34m│  [0m[34m├─ [0m[33m[1m⏵ home-manager-path[0m[0m ⏱ 1s (∅ 5s)                    
┃ [34m│  [0m[34m├─ [0m[34m⏸ user-environment[0m                                    
┃ [34m├─ [0m[34m⏸ etc[0m                                                    
┃ [34m├─ [0m[33m[1m⏵ perl-5.42.0-env[0m[0m ⏱ 2s (∅ 18s)                           
┃ [34m⏸ nixos-system-licht-26.05.20260907.93108a5[0m                 [0m
┣━━━ [1mBuilds          [0m │ [1mDownloads      [0m │ [1mHost                   [0m
┃    [33m⏵ [1m2[0m[0m │ [32m✔ [1m16[0m[0m │     │ [33m   [0m │ [32m   [0m │     │ [35m      localhost        [0m
┃    [33m   [0m │ [32m    [0m │     │ [33m↓ [1m1[0m[0m │ [32m↓ [1m9[0m[0m │     │ [35mcache.nixos.org (https)[0m
┗━ ∑ [33m⏵ [1m2[0m[0m │ [32m✔ [1m16[0m[0m │ [34m⏸ [1m9[0m[0m │ [33m↓ [1m1[0m[0m │ [32m↓ [1m9[0m[0m │ [34m⏸ 0[0m │ [1m⏱ 47s                  [0m[?2026l[?2026h[2K[1F[2K[1F[2K[1F[2K[1F[2K[1F[2K[1F[2K[1F[2K[1F[2K[1F[2K[1F[2K[1F[2K[1F[2K[1F[2K[1F[2K[1F[2K[1F[2K[1F[2K[1F[2K[1F[2K[1F[2K[1F[2K[1F[2K[1F[2K[1F[2K[0m┏━ [1mDependency Graph[0m:
┃ [34m┌─ [0m[32m✔ ensure-all-wrappers-paths-exist[0m [90m[0m                       
┃ [34m├─ [0m[32m✔ stage-2-init.sh[0m [90m[0m                                       
┃ [34m├─ [0m[34m⏸ activate[0m[90m waiting for [0m[33m1 ⏵[0m [33m1 ↓[0m                           
┃ [34m│  [0m   [34m┌─ [0m[32m✔ unit-console-getty.service-disabled[0m [90m[0m             
┃ [34m│  [0m   [34m├─ [0m[32m✔ unit-pipewire-pulse.service-disabled[0m [90m[0m            
┃ [34m│  [0m   [34m├─ [0m[32m✔ unit-pipewire-pulse.socket-disabled[0m [90m[0m             
┃ [34m│  [0m   [34m├─ [0m[32m✔ unit-pipewire.service-disabled[0m [90m[0m                  
┃ [34m│  [0m   [34m├─ [0m[32m✔ unit-pipewire.socket-disabled[0m [90m[0m                   
┃ [34m│  [0m   [34m├─ [0m[32m✔ unit-wireplumber.service-disabled[0m [90m[0m               
┃ [34m│  [0m   [34m│  [0m      [34m┌─ [0m[34m⏸ hm_fontconfigconf.d10hmfonts.conf[0m[90m waiting for [0m[33m1 ⏵[0m
┃ [34m│  [0m   [34m│  [0m   [34m┌─ [0m[34m⏸ home-manager-files[0m                         
┃ [34m│  [0m   [34m│  [0m[34m┌─ [0m[34m⏸ home-manager-generation[0m                       
┃ [34m│  [0m   [34m├─ [0m[34m⏸ unit-home-manager-licht.service[0m                  
┃ [34m│  [0m[34m┌─ [0m[34m⏸ system-units[0m                                        
┃ [34m│  [0m[34m│  [0m[34m┌─ [0m[1m[33m↓ ⏵ texinfo-7.2[0m[0m ⏱ 12s 3.9MiB/13.7MiB               [1m 28.4%[0m
┃ [34m│  [0m[34m│  [0m[34m├─ [0m[33m[1m⏵ home-manager-path[0m[0m ⏱ 1s (∅ 5s)                    
┃ [34m│  [0m[34m├─ [0m[34m⏸ user-environment[0m                                    
┃ [34m├─ [0m[34m⏸ etc[0m                                                    
┃ [34m├─ [0m[33m[1m⏵ perl-5.42.0-env[0m[0m ⏱ 2s (∅ 18s)                           
┃ [34m⏸ nixos-system-licht-26.05.20260907.93108a5[0m                 [0m
┣━━━ [1mBuilds          [0m │ [1mDownloads      [0m │ [1mHost                   [0m
┃    [33m⏵ [1m2[0m[0m │ [32m✔ [1m16[0m[0m │     │ [33m   [0m │ [32m   [0m │     │ [35m      localhost        [0m
┃    [33m   [0m │ [32m    [0m │     │ [33m↓ [1m1[0m[0m │ [32m↓ [1m9[0m[0m │     │ [35mcache.nixos.org (https)[0m
┗━ ∑ [33m⏵ [1m2[0m[0m │ [32m✔ [1m16[0m[0m │ [34m⏸ [1m9[0m[0m │ [33m↓ [1m1[0m[0m │ [32m↓ [1m9[0m[0m │ [34m⏸ 0[0m │ [1m⏱ 47s                  [0m[?2026l[?2026h[2K[1F[2K[1F[2K[1F[2K[1F[2K[1F[2K[1F[2K[1F[2K[1F[2K[1F[2K[1F[2K[1F[2K[1F[2K[1F[2K[1F[2K[1F[2K[1F[2K[1F[2K[1F[2K[1F[2K[1F[2K[1F[2K[1F[2K[1F[2K[1F[2K[0m┏━ [1mDependency Graph[0m:
┃ [34m┌─ [0m[32m✔ ensure-all-wrappers-paths-exist[0m [90m[0m                       
┃ [34m├─ [0m[32m✔ stage-2-init.sh[0m [90m[0m                                       
┃ [34m├─ [0m[34m⏸ activate[0m[90m waiting for [0m[33m1 ⏵[0m [33m1 ↓[0m                           
┃ [34m│  [0m   [34m┌─ [0m[32m✔ unit-console-getty.service-disabled[0m [90m[0m             
┃ [34m│  [0m   [34m├─ [0m[32m✔ unit-pipewire-pulse.service-disabled[0m [90m[0m            
┃ [34m│  [0m   [34m├─ [0m[32m✔ unit-pipewire-pulse.socket-disabled[0m [90m[0m             
┃ [34m│  [0m   [34m├─ [0m[32m✔ unit-pipewire.service-disabled[0m [90m[0m                  
┃ [34m│  [0m   [34m├─ [0m[32m✔ unit-pipewire.socket-disabled[0m [90m[0m                   
┃ [34m│  [0m   [34m├─ [0m[32m✔ unit-wireplumber.service-disabled[0m [90m[0m               
┃ [34m│  [0m   [34m│  [0m      [34m┌─ [0m[34m⏸ hm_fontconfigconf.d10hmfonts.conf[0m[90m waiting for [0m[33m1 ⏵[0m
┃ [34m│  [0m   [34m│  [0m   [34m┌─ [0m[34m⏸ home-manager-files[0m                         
┃ [34m│  [0m   [34m│  [0m[34m┌─ [0m[34m⏸ home-manager-generation[0m                       
┃ [34m│  [0m   [34m├─ [0m[34m⏸ unit-home-manager-licht.service[0m                  
┃ [34m│  [0m[34m┌─ [0m[34m⏸ system-units[0m                                        
┃ [34m│  [0m[34m│  [0m[34m┌─ [0m[1m[33m↓ ⏵ texinfo-7.2[0m[0m ⏱ 12s 3.9MiB/13.7MiB               [1m 28.4%[0m
┃ [34m│  [0m[34m│  [0m[34m├─ [0m[33m[1m⏵ home-manager-path[0m[0m ⏱ 2s (∅ 5s)                    
┃ [34m│  [0m[34m├─ [0m[34m⏸ user-environment[0m                                    
┃ [34m├─ [0m[34m⏸ etc[0m                                                    
┃ [34m├─ [0m[33m[1m⏵ perl-5.42.0-env[0m[0m ⏱ 2s (∅ 18s)                           
┃ [34m⏸ nixos-system-licht-26.05.20260907.93108a5[0m                 [0m
┣━━━ [1mBuilds          [0m │ [1mDownloads      [0m │ [1mHost                   [0m
┃    [33m⏵ [1m2[0m[0m │ [32m✔ [1m16[0m[0m │     │ [33m   [0m │ [32m   [0m │     │ [35m      localhost        [0m
┃    [33m   [0m │ [32m    [0m │     │ [33m↓ [1m1[0m[0m │ [32m↓ [1m9[0m[0m │     │ [35mcache.nixos.org (https)[0m
┗━ ∑ [33m⏵ [1m2[0m[0m │ [32m✔ [1m16[0m[0m │ [34m⏸ [1m9[0m[0m │ [33m↓ [1m1[0m[0m │ [32m↓ [1m9[0m[0m │ [34m⏸ 0[0m │ [1m⏱ 47s                  [0m[?2026l[?2026h[2K[1F[2K[1F[2K[1F[2K[1F[2K[1F[2K[1F[2K[1F[2K[1F[2K[1F[2K[1F[2K[1F[2K[1F[2K[1F[2K[1F[2K[1F[2K[1F[2K[1F[2K[1F[2K[1F[2K[1F[2K[1F[2K[1F[2K[1F[2K[1F[2K[0m┏━ [1mDependency Graph[0m:
┃ [34m┌─ [0m[32m✔ ensure-all-wrappers-paths-exist[0m [90m[0m                       
┃ [34m├─ [0m[32m✔ stage-2-init.sh[0m [90m[0m                                       
┃ [34m├─ [0m[34m⏸ activate[0m[90m waiting for [0m[33m1 ⏵[0m [33m1 ↓[0m                           
┃ [34m│  [0m   [34m┌─ [0m[32m✔ unit-console-getty.service-disabled[0m [90m[0m             
┃ [34m│  [0m   [34m├─ [0m[32m✔ unit-pipewire-pulse.service-disabled[0m [90m[0m            
┃ [34m│  [0m   [34m├─ [0m[32m✔ unit-pipewire-pulse.socket-disabled[0m [90m[0m             
┃ [34m│  [0m   [34m├─ [0m[32m✔ unit-pipewire.service-disabled[0m [90m[0m                  
┃ [34m│  [0m   [34m├─ [0m[32m✔ unit-pipewire.socket-disabled[0m [90m[0m                   
┃ [34m│  [0m   [34m├─ [0m[32m✔ unit-wireplumber.service-disabled[0m [90m[0m               
┃ [34m│  [0m   [34m│  [0m      [34m┌─ [0m[34m⏸ hm_fontconfigconf.d10hmfonts.conf[0m[90m waiting for [0m[33m1 ⏵[0m
┃ [34m│  [0m   [34m│  [0m   [34m┌─ [0m[34m⏸ home-manager-files[0m                         
┃ [34m│  [0m   [34m│  [0m[34m┌─ [0m[34m⏸ home-manager-generation[0m                       
┃ [34m│  [0m   [34m├─ [0m[34m⏸ unit-home-manager-licht.service[0m                  
┃ [34m│  [0m[34m┌─ [0m[34m⏸ system-units[0m                                        
┃ [34m│  [0m[34m│  [0m[34m┌─ [0m[1m[33m↓ ⏵ texinfo-7.2[0m[0m ⏱ 12s 3.9MiB/13.7MiB               [1m 28.4%[0m
┃ [34m│  [0m[34m│  [0m[34m├─ [0m[33m[1m⏵ home-manager-path[0m[0m ⏱ 2s (∅ 5s)                    
┃ [34m│  [0m[34m├─ [0m[34m⏸ user-environment[0m                                    
┃ [34m├─ [0m[34m⏸ etc[0m                                                    
┃ [34m├─ [0m[33m[1m⏵ perl-5.42.0-env[0m[0m ⏱ 2s (∅ 18s)                           
┃ [34m⏸ nixos-system-licht-26.05.20260907.93108a5[0m                 [0m
┣━━━ [1mBuilds          [0m │ [1mDownloads      [0m │ [1mHost                   [0m
┃    [33m⏵ [1m2[0m[0m │ [32m✔ [1m16[0m[0m │     │ [33m   [0m │ [32m   [0m │     │ [35m      localhost        [0m
┃    [33m   [0m │ [32m    [0m │     │ [33m↓ [1m1[0m[0m │ [32m↓ [1m9[0m[0m │     │ [35mcache.nixos.org (https)[0m
┗━ ∑ [33m⏵ [1m2[0m[0m │ [32m✔ [1m16[0m[0m │ [34m⏸ [1m9[0m[0m │ [33m↓ [1m1[0m[0m │ [32m↓ [1m9[0m[0m │ [34m⏸ 0[0m │ [1m⏱ 47s                  [0m[?2026l[?2026h[2K[1F[2K[1F[2K[1F[2K[1F[2K[1F[2K[1F[2K[1F[2K[1F[2K[1F[2K[1F[2K[1F[2K[1F[2K[1F[2K[1F[2K[1F[2K[1F[2K[1F[2K[1F[2K[1F[2K[1F[2K[1F[2K[1F[2K[1F[2K[1F[2K[0m┏━ [1mDependency Graph[0m:
┃ [34m┌─ [0m[32m✔ ensure-all-wrappers-paths-exist[0m [90m[0m                       
┃ [34m├─ [0m[32m✔ stage-2-init.sh[0m [90m[0m                                       
┃ [34m├─ [0m[34m⏸ activate[0m[90m waiting for [0m[33m1 ⏵[0m [33m1 ↓[0m                           
┃ [34m│  [0m   [34m┌─ [0m[32m✔ unit-console-getty.service-disabled[0m [90m[0m             
┃ [34m│  [0m   [34m├─ [0m[32m✔ unit-pipewire-pulse.service-disabled[0m [90m[0m            
┃ [34m│  [0m   [34m├─ [0m[32m✔ unit-pipewire-pulse.socket-disabled[0m [90m[0m             
┃ [34m│  [0m   [34m├─ [0m[32m✔ unit-pipewire.service-disabled[0m [90m[0m                  
┃ [34m│  [0m   [34m├─ [0m[32m✔ unit-pipewire.socket-disabled[0m [90m[0m                   
┃ [34m│  [0m   [34m├─ [0m[32m✔ unit-wireplumber.service-disabled[0m [90m[0m               
┃ [34m│  [0m   [34m│  [0m      [34m┌─ [0m[34m⏸ hm_fontconfigconf.d10hmfonts.conf[0m[90m waiting for [0m[33m1 ⏵[0m
┃ [34m│  [0m   [34m│  [0m   [34m┌─ [0m[34m⏸ home-manager-files[0m                         
┃ [34m│  [0m   [34m│  [0m[34m┌─ [0m[34m⏸ home-manager-generation[0m                       
┃ [34m│  [0m   [34m├─ [0m[34m⏸ unit-home-manager-licht.service[0m                  
┃ [34m│  [0m[34m┌─ [0m[34m⏸ system-units[0m                                        
┃ [34m│  [0m[34m│  [0m[34m┌─ [0m[1m[33m↓ ⏵ texinfo-7.2[0m[0m ⏱ 12s 4.0MiB/13.7MiB               [1m 29.3%[0m
┃ [34m│  [0m[34m│  [0m[34m├─ [0m[33m[1m⏵ home-manager-path[0m[0m ⏱ 2s (∅ 5s)                    
┃ [34m│  [0m[34m├─ [0m[34m⏸ user-environment[0m                                    
┃ [34m├─ [0m[34m⏸ etc[0m                                                    
┃ [34m├─ [0m[33m[1m⏵ perl-5.42.0-env[0m[0m ⏱ 2s (∅ 18s)                           
┃ [34m⏸ nixos-system-licht-26.05.20260907.93108a5[0m                 [0m
┣━━━ [1mBuilds          [0m │ [1mDownloads      [0m │ [1mHost                   [0m
┃    [33m⏵ [1m2[0m[0m │ [32m✔ [1m16[0m[0m │     │ [33m   [0m │ [32m   [0m │     │ [35m      localhost        [0m
┃    [33m   [0m │ [32m    [0m │     │ [33m↓ [1m1[0m[0m │ [32m↓ [1m9[0m[0m │     │ [35mcache.nixos.org (https)[0m
┗━ ∑ [33m⏵ [1m2[0m[0m │ [32m✔ [1m16[0m[0m │ [34m⏸ [1m9[0m[0m │ [33m↓ [1m1[0m[0m │ [32m↓ [1m9[0m[0m │ [34m⏸ 0[0m │ [1m⏱ 47s                  [0m[?2026l[?2026h[2K[1F[2K[1F[2K[1F[2K[1F[2K[1F[2K[1F[2K[1F[2K[1F[2K[1F[2K[1F[2K[1F[2K[1F[2K[1F[2K[1F[2K[1F[2K[1F[2K[1F[2K[1F[2K[1F[2K[1F[2K[1F[2K[1F[2K[1F[2K[1F[2K[0m┏━ [1mDependency Graph[0m:
┃ [34m┌─ [0m[32m✔ ensure-all-wrappers-paths-exist[0m [90m[0m                       
┃ [34m├─ [0m[32m✔ stage-2-init.sh[0m [90m[0m                                       
┃ [34m├─ [0m[34m⏸ activate[0m[90m waiting for [0m[33m1 ⏵[0m [33m1 ↓[0m                           
┃ [34m│  [0m   [34m┌─ [0m[32m✔ unit-console-getty.service-disabled[0m [90m[0m             
┃ [34m│  [0m   [34m├─ [0m[32m✔ unit-pipewire-pulse.service-disabled[0m [90m[0m            
┃ [34m│  [0m   [34m├─ [0m[32m✔ unit-pipewire-pulse.socket-disabled[0m [90m[0m             
┃ [34m│  [0m   [34m├─ [0m[32m✔ unit-pipewire.service-disabled[0m [90m[0m                  
┃ [34m│  [0m   [34m├─ [0m[32m✔ unit-pipewire.socket-disabled[0m [90m[0m                   
┃ [34m│  [0m   [34m├─ [0m[32m✔ unit-wireplumber.service-disabled[0m [90m[0m               
┃ [34m│  [0m   [34m│  [0m      [34m┌─ [0m[34m⏸ hm_fontconfigconf.d10hmfonts.conf[0m[90m waiting for [0m[33m1 ⏵[0m
┃ [34m│  [0m   [34m│  [0m   [34m┌─ [0m[34m⏸ home-manager-files[0m                         
┃ [34m│  [0m   [34m│  [0m[34m┌─ [0m[34m⏸ home-manager-generation[0m                       
┃ [34m│  [0m   [34m├─ [0m[34m⏸ unit-home-manager-licht.service[0m                  
┃ [34m│  [0m[34m┌─ [0m[34m⏸ system-units[0m                                        
┃ [34m│  [0m[34m│  [0m[34m┌─ [0m[1m[33m↓ ⏵ texinfo-7.2[0m[0m ⏱ 12s 4.0MiB/13.7MiB               [1m 29.3%[0m
┃ [34m│  [0m[34m│  [0m[34m├─ [0m[33m[1m⏵ home-manager-path[0m[0m ⏱ 2s (∅ 5s)                    
┃ [34m│  [0m[34m├─ [0m[34m⏸ user-environment[0m                                    
┃ [34m├─ [0m[34m⏸ etc[0m                                                    
┃ [34m├─ [0m[33m[1m⏵ perl-5.42.0-env[0m[0m ⏱ 2s (∅ 18s)                           
┃ [34m⏸ nixos-system-licht-26.05.20260907.93108a5[0m                 [0m
┣━━━ [1mBuilds          [0m │ [1mDownloads      [0m │ [1mHost                   [0m
┃    [33m⏵ [1m2[0m[0m │ [32m✔ [1m16[0m[0m │     │ [33m   [0m │ [32m   [0m │     │ [35m      localhost        [0m
┃    [33m   [0m │ [32m    [0m │     │ [33m↓ [1m1[0m[0m │ [32m↓ [1m9[0m[0m │     │ [35mcache.nixos.org (https)[0m
┗━ ∑ [33m⏵ [1m2[0m[0m │ [32m✔ [1m16[0m[0m │ [34m⏸ [1m9[0m[0m │ [33m↓ [1m1[0m[0m │ [32m↓ [1m9[0m[0m │ [34m⏸ 0[0m │ [1m⏱ 47s                  [0m[?2026l[?2026h[2K[1F[2K[1F[2K[1F[2K[1F[2K[1F[2K[1F[2K[1F[2K[1F[2K[1F[2K[1F[2K[1F[2K[1F[2K[1F[2K[1F[2K[1F[2K[1F[2K[1F[2K[1F[2K[1F[2K[1F[2K[1F[2K[1F[2K[1F[2K[1F[2K[0m┏━ [1mDependency Graph[0m:
┃ [34m┌─ [0m[32m✔ ensure-all-wrappers-paths-exist[0m [90m[0m                       
┃ [34m├─ [0m[32m✔ stage-2-init.sh[0m [90m[0m                                       
┃ [34m├─ [0m[34m⏸ activate[0m[90m waiting for [0m[33m1 ⏵[0m [33m1 ↓[0m                           
┃ [34m│  [0m   [34m┌─ [0m[32m✔ unit-console-getty.service-disabled[0m [90m[0m             
┃ [34m│  [0m   [34m├─ [0m[32m✔ unit-pipewire-pulse.service-disabled[0m [90m[0m            
┃ [34m│  [0m   [34m├─ [0m[32m✔ unit-pipewire-pulse.socket-disabled[0m [90m[0m             
┃ [34m│  [0m   [34m├─ [0m[32m✔ unit-pipewire.service-disabled[0m [90m[0m                  
┃ [34m│  [0m   [34m├─ [0m[32m✔ unit-pipewire.socket-disabled[0m [90m[0m                   
┃ [34m│  [0m   [34m├─ [0m[32m✔ unit-wireplumber.service-disabled[0m [90m[0m               
┃ [34m│  [0m   [34m│  [0m      [34m┌─ [0m[34m⏸ hm_fontconfigconf.d10hmfonts.conf[0m[90m waiting for [0m[33m1 ⏵[0m
┃ [34m│  [0m   [34m│  [0m   [34m┌─ [0m[34m⏸ home-manager-files[0m                         
┃ [34m│  [0m   [34m│  [0m[34m┌─ [0m[34m⏸ home-manager-generation[0m                       
┃ [34m│  [0m   [34m├─ [0m[34m⏸ unit-home-manager-licht.service[0m                  
┃ [34m│  [0m[34m┌─ [0m[34m⏸ system-units[0m                                        
┃ [34m│  [0m[34m│  [0m[34m┌─ [0m[1m[33m↓ ⏵ texinfo-7.2[0m[0m ⏱ 12s 4.1MiB/13.7MiB               [1m 30.2%[0m
┃ [34m│  [0m[34m│  [0m[34m├─ [0m[33m[1m⏵ home-manager-path[0m[0m ⏱ 2s (∅ 5s)                    
┃ [34m│  [0m[34m├─ [0m[34m⏸ user-environment[0m                                    
┃ [34m├─ [0m[34m⏸ etc[0m                                                    
┃ [34m├─ [0m[33m[1m⏵ perl-5.42.0-env[0m[0m ⏱ 2s (∅ 18s)                           
┃ [34m⏸ nixos-system-licht-26.05.20260907.93108a5[0m                 [0m
┣━━━ [1mBuilds          [0m │ [1mDownloads      [0m │ [1mHost                   [0m
┃    [33m⏵ [1m2[0m[0m │ [32m✔ [1m16[0m[0m │     │ [33m   [0m │ [32m   [0m │     │ [35m      localhost        [0m
┃    [33m   [0m │ [32m    [0m │     │ [33m↓ [1m1[0m[0m │ [32m↓ [1m9[0m[0m │     │ [35mcache.nixos.org (https)[0m
┗━ ∑ [33m⏵ [1m2[0m[0m │ [32m✔ [1m16[0m[0m │ [34m⏸ [1m9[0m[0m │ [33m↓ [1m1[0m[0m │ [32m↓ [1m9[0m[0m │ [34m⏸ 0[0m │ [1m⏱ 47s                  [0m[?2026l[?2026h[2K[1F[2K[1F[2K[1F[2K[1F[2K[1F[2K[1F[2K[1F[2K[1F[2K[1F[2K[1F[2K[1F[2K[1F[2K[1F[2K[1F[2K[1F[2K[1F[2K[1F[2K[1F[2K[1F[2K[1F[2K[1F[2K[1F[2K[1F[2K[1F[2K[0m┏━ [1mDependency Graph[0m:
┃ [34m┌─ [0m[32m✔ ensure-all-wrappers-paths-exist[0m [90m[0m                       
┃ [34m├─ [0m[32m✔ stage-2-init.sh[0m [90m[0m                                       
┃ [34m├─ [0m[34m⏸ activate[0m[90m waiting for [0m[33m1 ⏵[0m [33m1 ↓[0m                           
┃ [34m│  [0m   [34m┌─ [0m[32m✔ unit-console-getty.service-disabled[0m [90m[0m             
┃ [34m│  [0m   [34m├─ [0m[32m✔ unit-pipewire-pulse.service-disabled[0m [90m[0m            
┃ [34m│  [0m   [34m├─ [0m[32m✔ unit-pipewire-pulse.socket-disabled[0m [90m[0m             
┃ [34m│  [0m   [34m├─ [0m[32m✔ unit-pipewire.service-disabled[0m [90m[0m                  
┃ [34m│  [0m   [34m├─ [0m[32m✔ unit-pipewire.socket-disabled[0m [90m[0m                   
┃ [34m│  [0m   [34m├─ [0m[32m✔ unit-wireplumber.service-disabled[0m [90m[0m               
┃ [34m│  [0m   [34m│  [0m      [34m┌─ [0m[34m⏸ hm_fontconfigconf.d10hmfonts.conf[0m[90m waiting for [0m[33m1 ⏵[0m
┃ [34m│  [0m   [34m│  [0m   [34m┌─ [0m[34m⏸ home-manager-files[0m                         
┃ [34m│  [0m   [34m│  [0m[34m┌─ [0m[34m⏸ home-manager-generation[0m                       
┃ [34m│  [0m   [34m├─ [0m[34m⏸ unit-home-manager-licht.service[0m                  
┃ [34m│  [0m[34m┌─ [0m[34m⏸ system-units[0m                                        
┃ [34m│  [0m[34m│  [0m[34m┌─ [0m[1m[33m↓ ⏵ texinfo-7.2[0m[0m ⏱ 12s 4.1MiB/13.7MiB               [1m 30.2%[0m
┃ [34m│  [0m[34m│  [0m[34m├─ [0m[33m[1m⏵ home-manager-path[0m[0m ⏱ 2s (∅ 5s)                    
┃ [34m│  [0m[34m├─ [0m[34m⏸ user-environment[0m                                    
┃ [34m├─ [0m[34m⏸ etc[0m                                                    
┃ [34m├─ [0m[33m[1m⏵ perl-5.42.0-env[0m[0m ⏱ 2s (∅ 18s)                           
┃ [34m⏸ nixos-system-licht-26.05.20260907.93108a5[0m                 [0m
┣━━━ [1mBuilds          [0m │ [1mDownloads      [0m │ [1mHost                   [0m
┃    [33m⏵ [1m2[0m[0m │ [32m✔ [1m16[0m[0m │     │ [33m   [0m │ [32m   [0m │     │ [35m      localhost        [0m
┃    [33m   [0m │ [32m    [0m │     │ [33m↓ [1m1[0m[0m │ [32m↓ [1m9[0m[0m │     │ [35mcache.nixos.org (https)[0m
┗━ ∑ [33m⏵ [1m2[0m[0m │ [32m✔ [1m16[0m[0m │ [34m⏸ [1m9[0m[0m │ [33m↓ [1m1[0m[0m │ [32m↓ [1m9[0m[0m │ [34m⏸ 0[0m │ [1m⏱ 47s                  [0m[?2026l[?2026h[2K[1F[2K[1F[2K[1F[2K[1F[2K[1F[2K[1F[2K[1F[2K[1F[2K[1F[2K[1F[2K[1F[2K[1F[2K[1F[2K[1F[2K[1F[2K[1F[2K[1F[2K[1F[2K[1F[2K[1F[2K[1F[2K[1F[2K[1F[2K[1F[2K[0m┏━ [1mDependency Graph[0m:
┃ [34m┌─ [0m[32m✔ ensure-all-wrappers-paths-exist[0m [90m[0m                       
┃ [34m├─ [0m[32m✔ stage-2-init.sh[0m [90m[0m                                       
┃ [34m├─ [0m[34m⏸ activate[0m[90m waiting for [0m[33m1 ⏵[0m [33m1 ↓[0m                           
┃ [34m│  [0m   [34m┌─ [0m[32m✔ unit-console-getty.service-disabled[0m [90m[0m             
┃ [34m│  [0m   [34m├─ [0m[32m✔ unit-pipewire-pulse.service-disabled[0m [90m[0m            
┃ [34m│  [0m   [34m├─ [0m[32m✔ unit-pipewire-pulse.socket-disabled[0m [90m[0m             
┃ [34m│  [0m   [34m├─ [0m[32m✔ unit-pipewire.service-disabled[0m [90m[0m                  
┃ [34m│  [0m   [34m├─ [0m[32m✔ unit-pipewire.socket-disabled[0m [90m[0m                   
┃ [34m│  [0m   [34m├─ [0m[32m✔ unit-wireplumber.service-disabled[0m [90m[0m               
┃ [34m│  [0m   [34m│  [0m      [34m┌─ [0m[34m⏸ hm_fontconfigconf.d10hmfonts.conf[0m[90m waiting for [0m[33m1 ⏵[0m
┃ [34m│  [0m   [34m│  [0m   [34m┌─ [0m[34m⏸ home-manager-files[0m                         
┃ [34m│  [0m   [34m│  [0m[34m┌─ [0m[34m⏸ home-manager-generation[0m                       
┃ [34m│  [0m   [34m├─ [0m[34m⏸ unit-home-manager-licht.service[0m                  
┃ [34m│  [0m[34m┌─ [0m[34m⏸ system-units[0m                                        
┃ [34m│  [0m[34m│  [0m[34m┌─ [0m[1m[33m↓ ⏵ texinfo-7.2[0m[0m ⏱ 12s 4.1MiB/13.7MiB               [1m 30.2%[0m
┃ [34m│  [0m[34m│  [0m[34m├─ [0m[33m[1m⏵ home-manager-path[0m[0m ⏱ 2s (∅ 5s)                    
┃ [34m│  [0m[34m├─ [0m[34m⏸ user-environment[0m                                    
┃ [34m├─ [0m[34m⏸ etc[0m                                                    
┃ [34m├─ [0m[33m[1m⏵ perl-5.42.0-env[0m[0m ⏱ 2s (∅ 18s)                           
┃ [34m⏸ nixos-system-licht-26.05.20260907.93108a5[0m                 [0m
┣━━━ [1mBuilds          [0m │ [1mDownloads      [0m │ [1mHost                   [0m
┃    [33m⏵ [1m2[0m[0m │ [32m✔ [1m16[0m[0m │     │ [33m   [0m │ [32m   [0m │     │ [35m      localhost        [0m
┃    [33m   [0m │ [32m    [0m │     │ [33m↓ [1m1[0m[0m │ [32m↓ [1m9[0m[0m │     │ [35mcache.nixos.org (https)[0m
┗━ ∑ [33m⏵ [1m2[0m[0m │ [32m✔ [1m16[0m[0m │ [34m⏸ [1m9[0m[0m │ [33m↓ [1m1[0m[0m │ [32m↓ [1m9[0m[0m │ [34m⏸ 0[0m │ [1m⏱ 47s                  [0m[?2026l[?2026h[2K[1F[2K[1F[2K[1F[2K[1F[2K[1F[2K[1F[2K[1F[2K[1F[2K[1F[2K[1F[2K[1F[2K[1F[2K[1F[2K[1F[2K[1F[2K[1F[2K[1F[2K[1F[2K[1F[2K[1F[2K[1F[2K[1F[2K[1F[2K[1F[2K[0m┏━ [1mDependency Graph[0m:
┃ [34m┌─ [0m[32m✔ ensure-all-wrappers-paths-exist[0m [90m[0m                       
┃ [34m├─ [0m[32m✔ stage-2-init.sh[0m [90m[0m                                       
┃ [34m├─ [0m[34m⏸ activate[0m[90m waiting for [0m[33m1 ⏵[0m [33m1 ↓[0m                           
┃ [34m│  [0m   [34m┌─ [0m[32m✔ unit-console-getty.service-disabled[0m [90m[0m             
┃ [34m│  [0m   [34m├─ [0m[32m✔ unit-pipewire-pulse.service-disabled[0m [90m[0m            
┃ [34m│  [0m   [34m├─ [0m[32m✔ unit-pipewire-pulse.socket-disabled[0m [90m[0m             
┃ [34m│  [0m   [34m├─ [0m[32m✔ unit-pipewire.service-disabled[0m [90m[0m                  
┃ [34m│  [0m   [34m├─ [0m[32m✔ unit-pipewire.socket-disabled[0m [90m[0m                   
┃ [34m│  [0m   [34m├─ [0m[32m✔ unit-wireplumber.service-disabled[0m [90m[0m               
┃ [34m│  [0m   [34m│  [0m      [34m┌─ [0m[34m⏸ hm_fontconfigconf.d10hmfonts.conf[0m[90m waiting for [0m[33m1 ⏵[0m
┃ [34m│  [0m   [34m│  [0m   [34m┌─ [0m[34m⏸ home-manager-files[0m                         
┃ [34m│  [0m   [34m│  [0m[34m┌─ [0m[34m⏸ home-manager-generation[0m                       
┃ [34m│  [0m   [34m├─ [0m[34m⏸ unit-home-manager-licht.service[0m                  
┃ [34m│  [0m[34m┌─ [0m[34m⏸ system-units[0m                                        
┃ [34m│  [0m[34m│  [0m[34m┌─ [0m[1m[33m↓ ⏵ texinfo-7.2[0m[0m ⏱ 12s 4.1MiB/13.7MiB               [1m 30.2%[0m
┃ [34m│  [0m[34m│  [0m[34m├─ [0m[33m[1m⏵ home-manager-path[0m[0m ⏱ 2s (∅ 5s)                    
┃ [34m│  [0m[34m├─ [0m[34m⏸ user-environment[0m                                    
┃ [34m├─ [0m[34m⏸ etc[0m                                                    
┃ [34m├─ [0m[33m[1m⏵ perl-5.42.0-env[0m[0m ⏱ 2s (∅ 18s)                           
┃ [34m⏸ nixos-system-licht-26.05.20260907.93108a5[0m                 [0m
┣━━━ [1mBuilds          [0m │ [1mDownloads      [0m │ [1mHost                   [0m
┃    [33m⏵ [1m2[0m[0m │ [32m✔ [1m16[0m[0m │     │ [33m   [0m │ [32m   [0m │     │ [35m      localhost        [0m
┃    [33m   [0m │ [32m    [0m │     │ [33m↓ [1m1[0m[0m │ [32m↓ [1m9[0m[0m │     │ [35mcache.nixos.org (https)[0m
┗━ ∑ [33m⏵ [1m2[0m[0m │ [32m✔ [1m16[0m[0m │ [34m⏸ [1m9[0m[0m │ [33m↓ [1m1[0m[0m │ [32m↓ [1m9[0m[0m │ [34m⏸ 0[0m │ [1m⏱ 47s                  [0m[?2026l[?2026h[2K[1F[2K[1F[2K[1F[2K[1F[2K[1F[2K[1F[2K[1F[2K[1F[2K[1F[2K[1F[2K[1F[2K[1F[2K[1F[2K[1F[2K[1F[2K[1F[2K[1F[2K[1F[2K[1F[2K[1F[2K[1F[2K[1F[2K[1F[2K[1F[2K[0m┏━ [1mDependency Graph[0m:
┃ [34m┌─ [0m[32m✔ ensure-all-wrappers-paths-exist[0m [90m[0m                       
┃ [34m├─ [0m[32m✔ stage-2-init.sh[0m [90m[0m                                       
┃ [34m├─ [0m[34m⏸ activate[0m[90m waiting for [0m[33m1 ⏵[0m [33m1 ↓[0m                           
┃ [34m│  [0m   [34m┌─ [0m[32m✔ unit-console-getty.service-disabled[0m [90m[0m             
┃ [34m│  [0m   [34m├─ [0m[32m✔ unit-pipewire-pulse.service-disabled[0m [90m[0m            
┃ [34m│  [0m   [34m├─ [0m[32m✔ unit-pipewire-pulse.socket-disabled[0m [90m[0m             
┃ [34m│  [0m   [34m├─ [0m[32m✔ unit-pipewire.service-disabled[0m [90m[0m                  
┃ [34m│  [0m   [34m├─ [0m[32m✔ unit-pipewire.socket-disabled[0m [90m[0m                   
┃ [34m│  [0m   [34m├─ [0m[32m✔ unit-wireplumber.service-disabled[0m [90m[0m               
┃ [34m│  [0m   [34m│  [0m      [34m┌─ [0m[34m⏸ hm_fontconfigconf.d10hmfonts.conf[0m[90m waiting for [0m[33m1 ⏵[0m
┃ [34m│  [0m   [34m│  [0m   [34m┌─ [0m[34m⏸ home-manager-files[0m                         
┃ [34m│  [0m   [34m│  [0m[34m┌─ [0m[34m⏸ home-manager-generation[0m                       
┃ [34m│  [0m   [34m├─ [0m[34m⏸ unit-home-manager-licht.service[0m                  
┃ [34m│  [0m[34m┌─ [0m[34m⏸ system-units[0m                                        
┃ [34m│  [0m[34m│  [0m[34m┌─ [0m[1m[33m↓ ⏵ texinfo-7.2[0m[0m ⏱ 12s 4.2MiB/13.7MiB               [1m 31.1%[0m
┃ [34m│  [0m[34m│  [0m[34m├─ [0m[33m[1m⏵ home-manager-path[0m[0m ⏱ 2s (∅ 5s)                    
┃ [34m│  [0m[34m├─ [0m[34m⏸ user-environment[0m                                    
┃ [34m├─ [0m[34m⏸ etc[0m                                                    
┃ [34m├─ [0m[33m[1m⏵ perl-5.42.0-env[0m[0m ⏱ 3s (∅ 18s)                           
┃ [34m⏸ nixos-system-licht-26.05.20260907.93108a5[0m                 [0m
┣━━━ [1mBuilds          [0m │ [1mDownloads      [0m │ [1mHost                   [0m
┃    [33m⏵ [1m2[0m[0m │ [32m✔ [1m16[0m[0m │     │ [33m   [0m │ [32m   [0m │     │ [35m      localhost        [0m
┃    [33m   [0m │ [32m    [0m │     │ [33m↓ [1m1[0m[0m │ [32m↓ [1m9[0m[0m │     │ [35mcache.nixos.org (https)[0m
┗━ ∑ [33m⏵ [1m2[0m[0m │ [32m✔ [1m16[0m[0m │ [34m⏸ [1m9[0m[0m │ [33m↓ [1m1[0m[0m │ [32m↓ [1m9[0m[0m │ [34m⏸ 0[0m │ [1m⏱ 48s                  [0m[?2026l[?2026h[2K[1F[2K[1F[2K[1F[2K[1F[2K[1F[2K[1F[2K[1F[2K[1F[2K[1F[2K[1F[2K[1F[2K[1F[2K[1F[2K[1F[2K[1F[2K[1F[2K[1F[2K[1F[2K[1F[2K[1F[2K[1F[2K[1F[2K[1F[2K[1F[2K[0m┏━ [1mDependency Graph[0m:
┃ [34m┌─ [0m[32m✔ ensure-all-wrappers-paths-exist[0m [90m[0m                       
┃ [34m├─ [0m[32m✔ stage-2-init.sh[0m [90m[0m                                       
┃ [34m├─ [0m[34m⏸ activate[0m[90m waiting for [0m[33m1 ⏵[0m [33m1 ↓[0m                           
┃ [34m│  [0m   [34m┌─ [0m[32m✔ unit-console-getty.service-disabled[0m [90m[0m             
┃ [34m│  [0m   [34m├─ [0m[32m✔ unit-pipewire-pulse.service-disabled[0m [90m[0m            
┃ [34m│  [0m   [34m├─ [0m[32m✔ unit-pipewire-pulse.socket-disabled[0m [90m[0m             
┃ [34m│  [0m   [34m├─ [0m[32m✔ unit-pipewire.service-disabled[0m [90m[0m                  
┃ [34m│  [0m   [34m├─ [0m[32m✔ unit-pipewire.socket-disabled[0m [90m[0m                   
┃ [34m│  [0m   [34m├─ [0m[32m✔ unit-wireplumber.service-disabled[0m [90m[0m               
┃ [34m│  [0m   [34m│  [0m      [34m┌─ [0m[34m⏸ hm_fontconfigconf.d10hmfonts.conf[0m[90m waiting for [0m[33m1 ⏵[0m
┃ [34m│  [0m   [34m│  [0m   [34m┌─ [0m[34m⏸ home-manager-files[0m                         
┃ [34m│  [0m   [34m│  [0m[34m┌─ [0m[34m⏸ home-manager-generation[0m                       
┃ [34m│  [0m   [34m├─ [0m[34m⏸ unit-home-manager-licht.service[0m                  
┃ [34m│  [0m[34m┌─ [0m[34m⏸ system-units[0m                                        
┃ [34m│  [0m[34m│  [0m[34m┌─ [0m[1m[33m↓ ⏵ texinfo-7.2[0m[0m ⏱ 12s 4.2MiB/13.7MiB               [1m 31.1%[0m
┃ [34m│  [0m[34m│  [0m[34m├─ [0m[33m[1m⏵ home-manager-path[0m[0m ⏱ 2s (∅ 5s)                    
┃ [34m│  [0m[34m├─ [0m[34m⏸ user-environment[0m                                    
┃ [34m├─ [0m[34m⏸ etc[0m                                                    
┃ [34m├─ [0m[33m[1m⏵ perl-5.42.0-env[0m[0m ⏱ 3s (∅ 18s)                           
┃ [34m⏸ nixos-system-licht-26.05.20260907.93108a5[0m                 [0m
┣━━━ [1mBuilds          [0m │ [1mDownloads      [0m │ [1mHost                   [0m
┃    [33m⏵ [1m2[0m[0m │ [32m✔ [1m16[0m[0m │     │ [33m   [0m │ [32m   [0m │     │ [35m      localhost        [0m
┃    [33m   [0m │ [32m    [0m │     │ [33m↓ [1m1[0m[0m │ [32m↓ [1m9[0m[0m │     │ [35mcache.nixos.org (https)[0m
┗━ ∑ [33m⏵ [1m2[0m[0m │ [32m✔ [1m16[0m[0m │ [34m⏸ [1m9[0m[0m │ [33m↓ [1m1[0m[0m │ [32m↓ [1m9[0m[0m │ [34m⏸ 0[0m │ [1m⏱ 48s                  [0m[?2026l[?2026h[2K[1F[2K[1F[2K[1F[2K[1F[2K[1F[2K[1F[2K[1F[2K[1F[2K[1F[2K[1F[2K[1F[2K[1F[2K[1F[2K[1F[2K[1F[2K[1F[2K[1F[2K[1F[2K[1F[2K[1F[2K[1F[2K[1F[2K[1F[2K[1F[2K[0m┏━ [1mDependency Graph[0m:
┃ [34m┌─ [0m[32m✔ ensure-all-wrappers-paths-exist[0m [90m[0m                       
┃ [34m├─ [0m[32m✔ stage-2-init.sh[0m [90m[0m                                       
┃ [34m├─ [0m[34m⏸ activate[0m[90m waiting for [0m[33m1 ⏵[0m [33m1 ↓[0m                           
┃ [34m│  [0m   [34m┌─ [0m[32m✔ unit-console-getty.service-disabled[0m [90m[0m             
┃ [34m│  [0m   [34m├─ [0m[32m✔ unit-pipewire-pulse.service-disabled[0m [90m[0m            
┃ [34m│  [0m   [34m├─ [0m[32m✔ unit-pipewire-pulse.socket-disabled[0m [90m[0m             
┃ [34m│  [0m   [34m├─ [0m[32m✔ unit-pipewire.service-disabled[0m [90m[0m                  
┃ [34m│  [0m   [34m├─ [0m[32m✔ unit-pipewire.socket-disabled[0m [90m[0m                   
┃ [34m│  [0m   [34m├─ [0m[32m✔ unit-wireplumber.service-disabled[0m [90m[0m               
┃ [34m│  [0m   [34m│  [0m      [34m┌─ [0m[34m⏸ hm_fontconfigconf.d10hmfonts.conf[0m[90m waiting for [0m[33m1 ⏵[0m
┃ [34m│  [0m   [34m│  [0m   [34m┌─ [0m[34m⏸ home-manager-files[0m                         
┃ [34m│  [0m   [34m│  [0m[34m┌─ [0m[34m⏸ home-manager-generation[0m                       
┃ [34m│  [0m   [34m├─ [0m[34m⏸ unit-home-manager-licht.service[0m                  
┃ [34m│  [0m[34m┌─ [0m[34m⏸ system-units[0m                                        
┃ [34m│  [0m[34m│  [0m[34m┌─ [0m[1m[33m↓ ⏵ texinfo-7.2[0m[0m ⏱ 13s 4.2MiB/13.7MiB               [1m 31.1%[0m
┃ [34m│  [0m[34m│  [0m[34m├─ [0m[33m[1m⏵ home-manager-path[0m[0m ⏱ 2s (∅ 5s)                    
┃ [34m│  [0m[34m├─ [0m[34m⏸ user-environment[0m                                    
┃ [34m├─ [0m[34m⏸ etc[0m                                                    
┃ [34m├─ [0m[33m[1m⏵ perl-5.42.0-env[0m[0m ⏱ 3s (∅ 18s)                           
┃ [34m⏸ nixos-system-licht-26.05.20260907.93108a5[0m                 [0m
┣━━━ [1mBuilds          [0m │ [1mDownloads      [0m │ [1mHost                   [0m
┃    [33m⏵ [1m2[0m[0m │ [32m✔ [1m16[0m[0m │     │ [33m   [0m │ [32m   [0m │     │ [35m      localhost        [0m
┃    [33m   [0m │ [32m    [0m │     │ [33m↓ [1m1[0m[0m │ [32m↓ [1m9[0m[0m │     │ [35mcache.nixos.org (https)[0m
┗━ ∑ [33m⏵ [1m2[0m[0m │ [32m✔ [1m16[0m[0m │ [34m⏸ [1m9[0m[0m │ [33m↓ [1m1[0m[0m │ [32m↓ [1m9[0m[0m │ [34m⏸ 0[0m │ [1m⏱ 48s                  [0m[?2026l[?2026h[2K[1F[2K[1F[2K[1F[2K[1F[2K[1F[2K[1F[2K[1F[2K[1F[2K[1F[2K[1F[2K[1F[2K[1F[2K[1F[2K[1F[2K[1F[2K[1F[2K[1F[2K[1F[2K[1F[2K[1F[2K[1F[2K[1F[2K[1F[2K[1F[2K[0m┏━ [1mDependency Graph[0m:
┃ [34m┌─ [0m[32m✔ ensure-all-wrappers-paths-exist[0m [90m[0m                       
┃ [34m├─ [0m[32m✔ stage-2-init.sh[0m [90m[0m                                       
┃ [34m├─ [0m[34m⏸ activate[0m[90m waiting for [0m[33m1 ⏵[0m [33m1 ↓[0m                           
┃ [34m│  [0m   [34m┌─ [0m[32m✔ unit-console-getty.service-disabled[0m [90m[0m             
┃ [34m│  [0m   [34m├─ [0m[32m✔ unit-pipewire-pulse.service-disabled[0m [90m[0m            
┃ [34m│  [0m   [34m├─ [0m[32m✔ unit-pipewire-pulse.socket-disabled[0m [90m[0m             
┃ [34m│  [0m   [34m├─ [0m[32m✔ unit-pipewire.service-disabled[0m [90m[0m                  
┃ [34m│  [0m   [34m├─ [0m[32m✔ unit-pipewire.socket-disabled[0m [90m[0m                   
┃ [34m│  [0m   [34m├─ [0m[32m✔ unit-wireplumber.service-disabled[0m [90m[0m               
┃ [34m│  [0m   [34m│  [0m      [34m┌─ [0m[34m⏸ hm_fontconfigconf.d10hmfonts.conf[0m[90m waiting for [0m[33m1 ⏵[0m
┃ [34m│  [0m   [34m│  [0m   [34m┌─ [0m[34m⏸ home-manager-files[0m                         
┃ [34m│  [0m   [34m│  [0m[34m┌─ [0m[34m⏸ home-manager-generation[0m                       
┃ [34m│  [0m   [34m├─ [0m[34m⏸ unit-home-manager-licht.service[0m                  
┃ [34m│  [0m[34m┌─ [0m[34m⏸ system-units[0m                                        
┃ [34m│  [0m[34m│  [0m[34m┌─ [0m[1m[33m↓ ⏵ texinfo-7.2[0m[0m ⏱ 13s 4.2MiB/13.7MiB               [1m 31.1%[0m
┃ [34m│  [0m[34m│  [0m[34m├─ [0m[33m[1m⏵ home-manager-path[0m[0m ⏱ 2s (∅ 5s)                    
┃ [34m│  [0m[34m├─ [0m[34m⏸ user-environment[0m                                    
┃ [34m├─ [0m[34m⏸ etc[0m                                                    
┃ [34m├─ [0m[33m[1m⏵ perl-5.42.0-env[0m[0m ⏱ 3s (∅ 18s)                           
┃ [34m⏸ nixos-system-licht-26.05.20260907.93108a5[0m                 [0m
┣━━━ [1mBuilds          [0m │ [1mDownloads      [0m │ [1mHost                   [0m
┃    [33m⏵ [1m2[0m[0m │ [32m✔ [1m16[0m[0m │     │ [33m   [0m │ [32m   [0m │     │ [35m      localhost        [0m
┃    [33m   [0m │ [32m    [0m │     │ [33m↓ [1m1[0m[0m │ [32m↓ [1m9[0m[0m │     │ [35mcache.nixos.org (https)[0m
┗━ ∑ [33m⏵ [1m2[0m[0m │ [32m✔ [1m16[0m[0m │ [34m⏸ [1m9[0m[0m │ [33m↓ [1m1[0m[0m │ [32m↓ [1m9[0m[0m │ [34m⏸ 0[0m │ [1m⏱ 48s                  [0m[?2026l[?2026h[2K[1F[2K[1F[2K[1F[2K[1F[2K[1F[2K[1F[2K[1F[2K[1F[2K[1F[2K[1F[2K[1F[2K[1F[2K[1F[2K[1F[2K[1F[2K[1F[2K[1F[2K[1F[2K[1F[2K[1F[2K[1F[2K[1F[2K[1F[2K[1F[2K[0m┏━ [1mDependency Graph[0m:
┃ [34m┌─ [0m[32m✔ ensure-all-wrappers-paths-exist[0m [90m[0m                       
┃ [34m├─ [0m[32m✔ stage-2-init.sh[0m [90m[0m                                       
┃ [34m├─ [0m[34m⏸ activate[0m[90m waiting for [0m[33m1 ⏵[0m [33m1 ↓[0m                           
┃ [34m│  [0m   [34m┌─ [0m[32m✔ unit-console-getty.service-disabled[0m [90m[0m             
┃ [34m│  [0m   [34m├─ [0m[32m✔ unit-pipewire-pulse.service-disabled[0m [90m[0m            
┃ [34m│  [0m   [34m├─ [0m[32m✔ unit-pipewire-pulse.socket-disabled[0m [90m[0m             
┃ [34m│  [0m   [34m├─ [0m[32m✔ unit-pipewire.service-disabled[0m [90m[0m                  
┃ [34m│  [0m   [34m├─ [0m[32m✔ unit-pipewire.socket-disabled[0m [90m[0m                   
┃ [34m│  [0m   [34m├─ [0m[32m✔ unit-wireplumber.service-disabled[0m [90m[0m               
┃ [34m│  [0m   [34m│  [0m      [34m┌─ [0m[34m⏸ hm_fontconfigconf.d10hmfonts.conf[0m[90m waiting for [0m[33m1 ⏵[0m
┃ [34m│  [0m   [34m│  [0m   [34m┌─ [0m[34m⏸ home-manager-files[0m                         
┃ [34m│  [0m   [34m│  [0m[34m┌─ [0m[34m⏸ home-manager-generation[0m                       
┃ [34m│  [0m   [34m├─ [0m[34m⏸ unit-home-manager-licht.service[0m                  
┃ [34m│  [0m[34m┌─ [0m[34m⏸ system-units[0m                                        
┃ [34m│  [0m[34m│  [0m[34m┌─ [0m[1m[33m↓ ⏵ texinfo-7.2[0m[0m ⏱ 13s 4.4MiB/13.7MiB               [1m 32.0%[0m
┃ [34m│  [0m[34m│  [0m[34m├─ [0m[33m[1m⏵ home-manager-path[0m[0m ⏱ 2s (∅ 5s)                    
┃ [34m│  [0m[34m├─ [0m[34m⏸ user-environment[0m                                    
┃ [34m├─ [0m[34m⏸ etc[0m                                                    
┃ [34m├─ [0m[33m[1m⏵ perl-5.42.0-env[0m[0m ⏱ 3s (∅ 18s)                           
┃ [34m⏸ nixos-system-licht-26.05.20260907.93108a5[0m                 [0m
┣━━━ [1mBuilds          [0m │ [1mDownloads      [0m │ [1mHost                   [0m
┃    [33m⏵ [1m2[0m[0m │ [32m✔ [1m16[0m[0m │     │ [33m   [0m │ [32m   [0m │     │ [35m      localhost        [0m
┃    [33m   [0m │ [32m    [0m │     │ [33m↓ [1m1[0m[0m │ [32m↓ [1m9[0m[0m │     │ [35mcache.nixos.org (https)[0m
┗━ ∑ [33m⏵ [1m2[0m[0m │ [32m✔ [1m16[0m[0m │ [34m⏸ [1m9[0m[0m │ [33m↓ [1m1[0m[0m │ [32m↓ [1m9[0m[0m │ [34m⏸ 0[0m │ [1m⏱ 48s                  [0m[?2026l[?2026h[2K[1F[2K[1F[2K[1F[2K[1F[2K[1F[2K[1F[2K[1F[2K[1F[2K[1F[2K[1F[2K[1F[2K[1F[2K[1F[2K[1F[2K[1F[2K[1F[2K[1F[2K[1F[2K[1F[2K[1F[2K[1F[2K[1F[2K[1F[2K[1F[2K[0m┏━ [1mDependency Graph[0m:
┃ [34m┌─ [0m[32m✔ ensure-all-wrappers-paths-exist[0m [90m[0m                       
┃ [34m├─ [0m[32m✔ stage-2-init.sh[0m [90m[0m                                       
┃ [34m├─ [0m[34m⏸ activate[0m[90m waiting for [0m[33m1 ⏵[0m [33m1 ↓[0m                           
┃ [34m│  [0m   [34m┌─ [0m[32m✔ unit-console-getty.service-disabled[0m [90m[0m             
┃ [34m│  [0m   [34m├─ [0m[32m✔ unit-pipewire-pulse.service-disabled[0m [90m[0m            
┃ [34m│  [0m   [34m├─ [0m[32m✔ unit-pipewire-pulse.socket-disabled[0m [90m[0m             
┃ [34m│  [0m   [34m├─ [0m[32m✔ unit-pipewire.service-disabled[0m [90m[0m                  
┃ [34m│  [0m   [34m├─ [0m[32m✔ unit-pipewire.socket-disabled[0m [90m[0m                   
┃ [34m│  [0m   [34m├─ [0m[32m✔ unit-wireplumber.service-disabled[0m [90m[0m               
┃ [34m│  [0m   [34m│  [0m      [34m┌─ [0m[34m⏸ hm_fontconfigconf.d10hmfonts.conf[0m[90m waiting for [0m[33m1 ⏵[0m
┃ [34m│  [0m   [34m│  [0m   [34m┌─ [0m[34m⏸ home-manager-files[0m                         
┃ [34m│  [0m   [34m│  [0m[34m┌─ [0m[34m⏸ home-manager-generation[0m                       
┃ [34m│  [0m   [34m├─ [0m[34m⏸ unit-home-manager-licht.service[0m                  
┃ [34m│  [0m[34m┌─ [0m[34m⏸ system-units[0m                                        
┃ [34m│  [0m[34m│  [0m[34m┌─ [0m[1m[33m↓ ⏵ texinfo-7.2[0m[0m ⏱ 13s 4.4MiB/13.7MiB               [1m 32.0%[0m
┃ [34m│  [0m[34m│  [0m[34m├─ [0m[33m[1m⏵ home-manager-path[0m[0m ⏱ 2s (∅ 5s)                    
┃ [34m│  [0m[34m├─ [0m[34m⏸ user-environment[0m                                    
┃ [34m├─ [0m[34m⏸ etc[0m                                                    
┃ [34m├─ [0m[33m[1m⏵ perl-5.42.0-env[0m[0m ⏱ 3s (∅ 18s)                           
┃ [34m⏸ nixos-system-licht-26.05.20260907.93108a5[0m                 [0m
┣━━━ [1mBuilds          [0m │ [1mDownloads      [0m │ [1mHost                   [0m
┃    [33m⏵ [1m2[0m[0m │ [32m✔ [1m16[0m[0m │     │ [33m   [0m │ [32m   [0m │     │ [35m      localhost        [0m
┃    [33m   [0m │ [32m    [0m │     │ [33m↓ [1m1[0m[0m │ [32m↓ [1m9[0m[0m │     │ [35mcache.nixos.org (https)[0m
┗━ ∑ [33m⏵ [1m2[0m[0m │ [32m✔ [1m16[0m[0m │ [34m⏸ [1m9[0m[0m │ [33m↓ [1m1[0m[0m │ [32m↓ [1m9[0m[0m │ [34m⏸ 0[0m │ [1m⏱ 48s                  [0m[?2026l[?2026h[2K[1F[2K[1F[2K[1F[2K[1F[2K[1F[2K[1F[2K[1F[2K[1F[2K[1F[2K[1F[2K[1F[2K[1F[2K[1F[2K[1F[2K[1F[2K[1F[2K[1F[2K[1F[2K[1F[2K[1F[2K[1F[2K[1F[2K[1F[2K[1F[2K[0m┏━ [1mDependency Graph[0m:
┃ [34m┌─ [0m[32m✔ ensure-all-wrappers-paths-exist[0m [90m[0m                       
┃ [34m├─ [0m[32m✔ stage-2-init.sh[0m [90m[0m                                       
┃ [34m├─ [0m[34m⏸ activate[0m[90m waiting for [0m[33m1 ⏵[0m [33m1 ↓[0m                           
┃ [34m│  [0m   [34m┌─ [0m[32m✔ unit-console-getty.service-disabled[0m [90m[0m             
┃ [34m│  [0m   [34m├─ [0m[32m✔ unit-pipewire-pulse.service-disabled[0m [90m[0m            
┃ [34m│  [0m   [34m├─ [0m[32m✔ unit-pipewire-pulse.socket-disabled[0m [90m[0m             
┃ [34m│  [0m   [34m├─ [0m[32m✔ unit-pipewire.service-disabled[0m [90m[0m                  
┃ [34m│  [0m   [34m├─ [0m[32m✔ unit-pipewire.socket-disabled[0m [90m[0m                   
┃ [34m│  [0m   [34m├─ [0m[32m✔ unit-wireplumber.service-disabled[0m [90m[0m               
┃ [34m│  [0m   [34m│  [0m      [34m┌─ [0m[34m⏸ hm_fontconfigconf.d10hmfonts.conf[0m[90m waiting for [0m[33m1 ⏵[0m
┃ [34m│  [0m   [34m│  [0m   [34m┌─ [0m[34m⏸ home-manager-files[0m                         
┃ [34m│  [0m   [34m│  [0m[34m┌─ [0m[34m⏸ home-manager-generation[0m                       
┃ [34m│  [0m   [34m├─ [0m[34m⏸ unit-home-manager-licht.service[0m                  
┃ [34m│  [0m[34m┌─ [0m[34m⏸ system-units[0m                                        
┃ [34m│  [0m[34m│  [0m[34m┌─ [0m[1m[33m↓ ⏵ texinfo-7.2[0m[0m ⏱ 13s 4.4MiB/13.7MiB               [1m 32.0%[0m
┃ [34m│  [0m[34m│  [0m[34m├─ [0m[33m[1m⏵ home-manager-path[0m[0m ⏱ 2s (∅ 5s)                    
┃ [34m│  [0m[34m├─ [0m[34m⏸ user-environment[0m                                    
┃ [34m├─ [0m[34m⏸ etc[0m                                                    
┃ [34m├─ [0m[33m[1m⏵ perl-5.42.0-env[0m[0m ⏱ 3s (∅ 18s)                           
┃ [34m⏸ nixos-system-licht-26.05.20260907.93108a5[0m                 [0m
┣━━━ [1mBuilds          [0m │ [1mDownloads      [0m │ [1mHost                   [0m
┃    [33m⏵ [1m2[0m[0m │ [32m✔ [1m16[0m[0m │     │ [33m   [0m │ [32m   [0m │     │ [35m      localhost        [0m
┃    [33m   [0m │ [32m    [0m │     │ [33m↓ [1m1[0m[0m │ [32m↓ [1m9[0m[0m │     │ [35mcache.nixos.org (https)[0m
┗━ ∑ [33m⏵ [1m2[0m[0m │ [32m✔ [1m16[0m[0m │ [34m⏸ [1m9[0m[0m │ [33m↓ [1m1[0m[0m │ [32m↓ [1m9[0m[0m │ [34m⏸ 0[0m │ [1m⏱ 48s                  [0m[?2026l[?2026h[2K[1F[2K[1F[2K[1F[2K[1F[2K[1F[2K[1F[2K[1F[2K[1F[2K[1F[2K[1F[2K[1F[2K[1F[2K[1F[2K[1F[2K[1F[2K[1F[2K[1F[2K[1F[2K[1F[2K[1F[2K[1F[2K[1F[2K[1F[2K[1F[2K[0m┏━ [1mDependency Graph[0m:
┃ [34m┌─ [0m[32m✔ ensure-all-wrappers-paths-exist[0m [90m[0m                       
┃ [34m├─ [0m[32m✔ stage-2-init.sh[0m [90m[0m                                       
┃ [34m├─ [0m[34m⏸ activate[0m[90m waiting for [0m[33m1 ⏵[0m [33m1 ↓[0m                           
┃ [34m│  [0m   [34m┌─ [0m[32m✔ unit-console-getty.service-disabled[0m [90m[0m             
┃ [34m│  [0m   [34m├─ [0m[32m✔ unit-pipewire-pulse.service-disabled[0m [90m[0m            
┃ [34m│  [0m   [34m├─ [0m[32m✔ unit-pipewire-pulse.socket-disabled[0m [90m[0m             
┃ [34m│  [0m   [34m├─ [0m[32m✔ unit-pipewire.service-disabled[0m [90m[0m                  
┃ [34m│  [0m   [34m├─ [0m[32m✔ unit-pipewire.socket-disabled[0m [90m[0m                   
┃ [34m│  [0m   [34m├─ [0m[32m✔ unit-wireplumber.service-disabled[0m [90m[0m               
┃ [34m│  [0m   [34m│  [0m      [34m┌─ [0m[34m⏸ hm_fontconfigconf.d10hmfonts.conf[0m[90m waiting for [0m[33m1 ⏵[0m
┃ [34m│  [0m   [34m│  [0m   [34m┌─ [0m[34m⏸ home-manager-files[0m                         
┃ [34m│  [0m   [34m│  [0m[34m┌─ [0m[34m⏸ home-manager-generation[0m                       
┃ [34m│  [0m   [34m├─ [0m[34m⏸ unit-home-manager-licht.service[0m                  
┃ [34m│  [0m[34m┌─ [0m[34m⏸ system-units[0m                                        
┃ [34m│  [0m[34m│  [0m[34m┌─ [0m[1m[33m↓ ⏵ texinfo-7.2[0m[0m ⏱ 13s 4.4MiB/13.7MiB               [1m 32.0%[0m
┃ [34m│  [0m[34m│  [0m[34m├─ [0m[33m[1m⏵ home-manager-path[0m[0m ⏱ 2s (∅ 5s)                    
┃ [34m│  [0m[34m├─ [0m[34m⏸ user-environment[0m                                    
┃ [34m├─ [0m[34m⏸ etc[0m                                                    
┃ [34m├─ [0m[33m[1m⏵ perl-5.42.0-env[0m[0m ⏱ 3s (∅ 18s)                           
┃ [34m⏸ nixos-system-licht-26.05.20260907.93108a5[0m                 [0m
┣━━━ [1mBuilds          [0m │ [1mDownloads      [0m │ [1mHost                   [0m
┃    [33m⏵ [1m2[0m[0m │ [32m✔ [1m16[0m[0m │     │ [33m   [0m │ [32m   [0m │     │ [35m      localhost        [0m
┃    [33m   [0m │ [32m    [0m │     │ [33m↓ [1m1[0m[0m │ [32m↓ [1m9[0m[0m │     │ [35mcache.nixos.org (https)[0m
┗━ ∑ [33m⏵ [1m2[0m[0m │ [32m✔ [1m16[0m[0m │ [34m⏸ [1m9[0m[0m │ [33m↓ [1m1[0m[0m │ [32m↓ [1m9[0m[0m │ [34m⏸ 0[0m │ [1m⏱ 48s                  [0m[?2026l[?2026h[2K[1F[2K[1F[2K[1F[2K[1F[2K[1F[2K[1F[2K[1F[2K[1F[2K[1F[2K[1F[2K[1F[2K[1F[2K[1F[2K[1F[2K[1F[2K[1F[2K[1F[2K[1F[2K[1F[2K[1F[2K[1F[2K[1F[2K[1F[2K[1F[2K[0m┏━ [1mDependency Graph[0m:
┃ [34m┌─ [0m[32m✔ ensure-all-wrappers-paths-exist[0m [90m[0m                       
┃ [34m├─ [0m[32m✔ stage-2-init.sh[0m [90m[0m                                       
┃ [34m├─ [0m[34m⏸ activate[0m[90m waiting for [0m[33m1 ⏵[0m [33m1 ↓[0m                           
┃ [34m│  [0m   [34m┌─ [0m[32m✔ unit-console-getty.service-disabled[0m [90m[0m             
┃ [34m│  [0m   [34m├─ [0m[32m✔ unit-pipewire-pulse.service-disabled[0m [90m[0m            
┃ [34m│  [0m   [34m├─ [0m[32m✔ unit-pipewire-pulse.socket-disabled[0m [90m[0m             
┃ [34m│  [0m   [34m├─ [0m[32m✔ unit-pipewire.service-disabled[0m [90m[0m                  
┃ [34m│  [0m   [34m├─ [0m[32m✔ unit-pipewire.socket-disabled[0m [90m[0m                   
┃ [34m│  [0m   [34m├─ [0m[32m✔ unit-wireplumber.service-disabled[0m [90m[0m               
┃ [34m│  [0m   [34m│  [0m      [34m┌─ [0m[34m⏸ hm_fontconfigconf.d10hmfonts.conf[0m[90m waiting for [0m[33m1 ⏵[0m
┃ [34m│  [0m   [34m│  [0m   [34m┌─ [0m[34m⏸ home-manager-files[0m                         
┃ [34m│  [0m   [34m│  [0m[34m┌─ [0m[34m⏸ home-manager-generation[0m                       
┃ [34m│  [0m   [34m├─ [0m[34m⏸ unit-home-manager-licht.service[0m                  
┃ [34m│  [0m[34m┌─ [0m[34m⏸ system-units[0m                                        
┃ [34m│  [0m[34m│  [0m[34m┌─ [0m[1m[33m↓ ⏵ texinfo-7.2[0m[0m ⏱ 13s 4.5MiB/13.7MiB               [1m 32.9%[0m
┃ [34m│  [0m[34m│  [0m[34m├─ [0m[33m[1m⏵ home-manager-path[0m[0m ⏱ 3s (∅ 5s)                    
┃ [34m│  [0m[34m├─ [0m[34m⏸ user-environment[0m                                    
┃ [34m├─ [0m[34m⏸ etc[0m                                                    
┃ [34m├─ [0m[33m[1m⏵ perl-5.42.0-env[0m[0m ⏱ 3s (∅ 18s)                           
┃ [34m⏸ nixos-system-licht-26.05.20260907.93108a5[0m                 [0m
┣━━━ [1mBuilds          [0m │ [1mDownloads      [0m │ [1mHost                   [0m
┃    [33m⏵ [1m2[0m[0m │ [32m✔ [1m16[0m[0m │     │ [33m   [0m │ [32m   [0m │     │ [35m      localhost        [0m
┃    [33m   [0m │ [32m    [0m │     │ [33m↓ [1m1[0m[0m │ [32m↓ [1m9[0m[0m │     │ [35mcache.nixos.org (https)[0m
┗━ ∑ [33m⏵ [1m2[0m[0m │ [32m✔ [1m16[0m[0m │ [34m⏸ [1m9[0m[0m │ [33m↓ [1m1[0m[0m │ [32m↓ [1m9[0m[0m │ [34m⏸ 0[0m │ [1m⏱ 48s                  [0m[?2026l[?2026h[2K[1F[2K[1F[2K[1F[2K[1F[2K[1F[2K[1F[2K[1F[2K[1F[2K[1F[2K[1F[2K[1F[2K[1F[2K[1F[2K[1F[2K[1F[2K[1F[2K[1F[2K[1F[2K[1F[2K[1F[2K[1F[2K[1F[2K[1F[2K[1F[2K[0m┏━ [1mDependency Graph[0m:
┃ [34m┌─ [0m[32m✔ ensure-all-wrappers-paths-exist[0m [90m[0m                       
┃ [34m├─ [0m[32m✔ stage-2-init.sh[0m [90m[0m                                       
┃ [34m├─ [0m[34m⏸ activate[0m[90m waiting for [0m[33m1 ⏵[0m [33m1 ↓[0m                           
┃ [34m│  [0m   [34m┌─ [0m[32m✔ unit-console-getty.service-disabled[0m [90m[0m             
┃ [34m│  [0m   [34m├─ [0m[32m✔ unit-pipewire-pulse.service-disabled[0m [90m[0m            
┃ [34m│  [0m   [34m├─ [0m[32m✔ unit-pipewire-pulse.socket-disabled[0m [90m[0m             
┃ [34m│  [0m   [34m├─ [0m[32m✔ unit-pipewire.service-disabled[0m [90m[0m                  
┃ [34m│  [0m   [34m├─ [0m[32m✔ unit-pipewire.socket-disabled[0m [90m[0m                   
┃ [34m│  [0m   [34m├─ [0m[32m✔ unit-wireplumber.service-disabled[0m [90m[0m               
┃ [34m│  [0m   [34m│  [0m      [34m┌─ [0m[34m⏸ hm_fontconfigconf.d10hmfonts.conf[0m[90m waiting for [0m[33m1 ⏵[0m
┃ [34m│  [0m   [34m│  [0m   [34m┌─ [0m[34m⏸ home-manager-files[0m                         
┃ [34m│  [0m   [34m│  [0m[34m┌─ [0m[34m⏸ home-manager-generation[0m                       
┃ [34m│  [0m   [34m├─ [0m[34m⏸ unit-home-manager-licht.service[0m                  
┃ [34m│  [0m[34m┌─ [0m[34m⏸ system-units[0m                                        
┃ [34m│  [0m[34m│  [0m[34m┌─ [0m[1m[33m↓ ⏵ texinfo-7.2[0m[0m ⏱ 13s 4.5MiB/13.7MiB               [1m 32.9%[0m
┃ [34m│  [0m[34m│  [0m[34m├─ [0m[33m[1m⏵ home-manager-path[0m[0m ⏱ 3s (∅ 5s)                    
┃ [34m│  [0m[34m├─ [0m[34m⏸ user-environment[0m                                    
┃ [34m├─ [0m[34m⏸ etc[0m                                                    
┃ [34m├─ [0m[33m[1m⏵ perl-5.42.0-env[0m[0m ⏱ 3s (∅ 18s)                           
┃ [34m⏸ nixos-system-licht-26.05.20260907.93108a5[0m                 [0m
┣━━━ [1mBuilds          [0m │ [1mDownloads      [0m │ [1mHost                   [0m
┃    [33m⏵ [1m2[0m[0m │ [32m✔ [1m16[0m[0m │     │ [33m   [0m │ [32m   [0m │     │ [35m      localhost        [0m
┃    [33m   [0m │ [32m    [0m │     │ [33m↓ [1m1[0m[0m │ [32m↓ [1m9[0m[0m │     │ [35mcache.nixos.org (https)[0m
┗━ ∑ [33m⏵ [1m2[0m[0m │ [32m✔ [1m16[0m[0m │ [34m⏸ [1m9[0m[0m │ [33m↓ [1m1[0m[0m │ [32m↓ [1m9[0m[0m │ [34m⏸ 0[0m │ [1m⏱ 48s                  [0m[?2026l[?2026h[2K[1F[2K[1F[2K[1F[2K[1F[2K[1F[2K[1F[2K[1F[2K[1F[2K[1F[2K[1F[2K[1F[2K[1F[2K[1F[2K[1F[2K[1F[2K[1F[2K[1F[2K[1F[2K[1F[2K[1F[2K[1F[2K[1F[2K[1F[2K[1F[2K[0m┏━ [1mDependency Graph[0m:
┃ [34m┌─ [0m[32m✔ ensure-all-wrappers-paths-exist[0m [90m[0m                       
┃ [34m├─ [0m[32m✔ stage-2-init.sh[0m [90m[0m                                       
┃ [34m├─ [0m[34m⏸ activate[0m[90m waiting for [0m[33m1 ⏵[0m [33m1 ↓[0m                           
┃ [34m│  [0m   [34m┌─ [0m[32m✔ unit-console-getty.service-disabled[0m [90m[0m             
┃ [34m│  [0m   [34m├─ [0m[32m✔ unit-pipewire-pulse.service-disabled[0m [90m[0m            
┃ [34m│  [0m   [34m├─ [0m[32m✔ unit-pipewire-pulse.socket-disabled[0m [90m[0m             
┃ [34m│  [0m   [34m├─ [0m[32m✔ unit-pipewire.service-disabled[0m [90m[0m                  
┃ [34m│  [0m   [34m├─ [0m[32m✔ unit-pipewire.socket-disabled[0m [90m[0m                   
┃ [34m│  [0m   [34m├─ [0m[32m✔ unit-wireplumber.service-disabled[0m [90m[0m               
┃ [34m│  [0m   [34m│  [0m      [34m┌─ [0m[34m⏸ hm_fontconfigconf.d10hmfonts.conf[0m[90m waiting for [0m[33m1 ⏵[0m
┃ [34m│  [0m   [34m│  [0m   [34m┌─ [0m[34m⏸ home-manager-files[0m                         
┃ [34m│  [0m   [34m│  [0m[34m┌─ [0m[34m⏸ home-manager-generation[0m                       
┃ [34m│  [0m   [34m├─ [0m[34m⏸ unit-home-manager-licht.service[0m                  
┃ [34m│  [0m[34m┌─ [0m[34m⏸ system-units[0m                                        
┃ [34m│  [0m[34m│  [0m[34m┌─ [0m[1m[33m↓ ⏵ texinfo-7.2[0m[0m ⏱ 13s 4.5MiB/13.7MiB               [1m 32.9%[0m
┃ [34m│  [0m[34m│  [0m[34m├─ [0m[33m[1m⏵ home-manager-path[0m[0m ⏱ 3s (∅ 5s)                    
┃ [34m│  [0m[34m├─ [0m[34m⏸ user-environment[0m                                    
┃ [34m├─ [0m[34m⏸ etc[0m                                                    
┃ [34m├─ [0m[33m[1m⏵ perl-5.42.0-env[0m[0m ⏱ 3s (∅ 18s)                           
┃ [34m⏸ nixos-system-licht-26.05.20260907.93108a5[0m                 [0m
┣━━━ [1mBuilds          [0m │ [1mDownloads      [0m │ [1mHost                   [0m
┃    [33m⏵ [1m2[0m[0m │ [32m✔ [1m16[0m[0m │     │ [33m   [0m │ [32m   [0m │     │ [35m      localhost        [0m
┃    [33m   [0m │ [32m    [0m │     │ [33m↓ [1m1[0m[0m │ [32m↓ [1m9[0m[0m │     │ [35mcache.nixos.org (https)[0m
┗━ ∑ [33m⏵ [1m2[0m[0m │ [32m✔ [1m16[0m[0m │ [34m⏸ [1m9[0m[0m │ [33m↓ [1m1[0m[0m │ [32m↓ [1m9[0m[0m │ [34m⏸ 0[0m │ [1m⏱ 48s                  [0m[?2026l[?2026h[2K[1F[2K[1F[2K[1F[2K[1F[2K[1F[2K[1F[2K[1F[2K[1F[2K[1F[2K[1F[2K[1F[2K[1F[2K[1F[2K[1F[2K[1F[2K[1F[2K[1F[2K[1F[2K[1F[2K[1F[2K[1F[2K[1F[2K[1F[2K[1F[2K[0m┏━ [1mDependency Graph[0m:
┃ [34m┌─ [0m[32m✔ ensure-all-wrappers-paths-exist[0m [90m[0m                       
┃ [34m├─ [0m[32m✔ stage-2-init.sh[0m [90m[0m                                       
┃ [34m├─ [0m[34m⏸ activate[0m[90m waiting for [0m[33m1 ⏵[0m [33m1 ↓[0m                           
┃ [34m│  [0m   [34m┌─ [0m[32m✔ unit-console-getty.service-disabled[0m [90m[0m             
┃ [34m│  [0m   [34m├─ [0m[32m✔ unit-pipewire-pulse.service-disabled[0m [90m[0m            
┃ [34m│  [0m   [34m├─ [0m[32m✔ unit-pipewire-pulse.socket-disabled[0m [90m[0m             
┃ [34m│  [0m   [34m├─ [0m[32m✔ unit-pipewire.service-disabled[0m [90m[0m                  
┃ [34m│  [0m   [34m├─ [0m[32m✔ unit-pipewire.socket-disabled[0m [90m[0m                   
┃ [34m│  [0m   [34m├─ [0m[32m✔ unit-wireplumber.service-disabled[0m [90m[0m               
┃ [34m│  [0m   [34m│  [0m      [34m┌─ [0m[34m⏸ hm_fontconfigconf.d10hmfonts.conf[0m[90m waiting for [0m[33m1 ⏵[0m
┃ [34m│  [0m   [34m│  [0m   [34m┌─ [0m[34m⏸ home-manager-files[0m                         
┃ [34m│  [0m   [34m│  [0m[34m┌─ [0m[34m⏸ home-manager-generation[0m                       
┃ [34m│  [0m   [34m├─ [0m[34m⏸ unit-home-manager-licht.service[0m                  
┃ [34m│  [0m[34m┌─ [0m[34m⏸ system-units[0m                                        
┃ [34m│  [0m[34m│  [0m[34m┌─ [0m[1m[33m↓ ⏵ texinfo-7.2[0m[0m ⏱ 13s 4.5MiB/13.7MiB               [1m 32.9%[0m
┃ [34m│  [0m[34m│  [0m[34m├─ [0m[33m[1m⏵ home-manager-path[0m[0m ⏱ 3s (∅ 5s)                    
┃ [34m│  [0m[34m├─ [0m[34m⏸ user-environment[0m                                    
┃ [34m├─ [0m[34m⏸ etc[0m                                                    
┃ [34m├─ [0m[33m[1m⏵ perl-5.42.0-env[0m[0m ⏱ 3s (∅ 18s)                           
┃ [34m⏸ nixos-system-licht-26.05.20260907.93108a5[0m                 [0m
┣━━━ [1mBuilds          [0m │ [1mDownloads      [0m │ [1mHost                   [0m
┃    [33m⏵ [1m2[0m[0m │ [32m✔ [1m16[0m[0m │     │ [33m   [0m │ [32m   [0m │     │ [35m      localhost        [0m
┃    [33m   [0m │ [32m    [0m │     │ [33m↓ [1m1[0m[0m │ [32m↓ [1m9[0m[0m │     │ [35mcache.nixos.org (https)[0m
┗━ ∑ [33m⏵ [1m2[0m[0m │ [32m✔ [1m16[0m[0m │ [34m⏸ [1m9[0m[0m │ [33m↓ [1m1[0m[0m │ [32m↓ [1m9[0m[0m │ [34m⏸ 0[0m │ [1m⏱ 48s                  [0m[?2026l[?2026h[2K[1F[2K[1F[2K[1F[2K[1F[2K[1F[2K[1F[2K[1F[2K[1F[2K[1F[2K[1F[2K[1F[2K[1F[2K[1F[2K[1F[2K[1F[2K[1F[2K[1F[2K[1F[2K[1F[2K[1F[2K[1F[2K[1F[2K[1F[2K[1F[2K[0m┏━ [1mDependency Graph[0m:
┃ [34m┌─ [0m[32m✔ ensure-all-wrappers-paths-exist[0m [90m[0m                       
┃ [34m├─ [0m[32m✔ stage-2-init.sh[0m [90m[0m                                       
┃ [34m├─ [0m[34m⏸ activate[0m[90m waiting for [0m[33m1 ⏵[0m [33m1 ↓[0m                           
┃ [34m│  [0m   [34m┌─ [0m[32m✔ unit-console-getty.service-disabled[0m [90m[0m             
┃ [34m│  [0m   [34m├─ [0m[32m✔ unit-pipewire-pulse.service-disabled[0m [90m[0m            
┃ [34m│  [0m   [34m├─ [0m[32m✔ unit-pipewire-pulse.socket-disabled[0m [90m[0m             
┃ [34m│  [0m   [34m├─ [0m[32m✔ unit-pipewire.service-disabled[0m [90m[0m                  
┃ [34m│  [0m   [34m├─ [0m[32m✔ unit-pipewire.socket-disabled[0m [90m[0m                   
┃ [34m│  [0m   [34m├─ [0m[32m✔ unit-wireplumber.service-disabled[0m [90m[0m               
┃ [34m│  [0m   [34m│  [0m      [34m┌─ [0m[34m⏸ hm_fontconfigconf.d10hmfonts.conf[0m[90m waiting for [0m[33m1 ⏵[0m
┃ [34m│  [0m   [34m│  [0m   [34m┌─ [0m[34m⏸ home-manager-files[0m                         
┃ [34m│  [0m   [34m│  [0m[34m┌─ [0m[34m⏸ home-manager-generation[0m                       
┃ [34m│  [0m   [34m├─ [0m[34m⏸ unit-home-manager-licht.service[0m                  
┃ [34m│  [0m[34m┌─ [0m[34m⏸ system-units[0m                                        
┃ [34m│  [0m[34m│  [0m[34m┌─ [0m[1m[33m↓ ⏵ texinfo-7.2[0m[0m ⏱ 13s 4.6MiB/13.7MiB               [1m 33.9%[0m
┃ [34m│  [0m[34m│  [0m[34m├─ [0m[33m[1m⏵ home-manager-path[0m[0m ⏱ 3s (∅ 5s)                    
┃ [34m│  [0m[34m├─ [0m[34m⏸ user-environment[0m                                    
┃ [34m├─ [0m[34m⏸ etc[0m                                                    
┃ [34m├─ [0m[33m[1m⏵ perl-5.42.0-env[0m[0m ⏱ 3s (∅ 18s)                           
┃ [34m⏸ nixos-system-licht-26.05.20260907.93108a5[0m                 [0m
┣━━━ [1mBuilds          [0m │ [1mDownloads      [0m │ [1mHost                   [0m
┃    [33m⏵ [1m2[0m[0m │ [32m✔ [1m16[0m[0m │     │ [33m   [0m │ [32m   [0m │     │ [35m      localhost        [0m
┃    [33m   [0m │ [32m    [0m │     │ [33m↓ [1m1[0m[0m │ [32m↓ [1m9[0m[0m │     │ [35mcache.nixos.org (https)[0m
┗━ ∑ [33m⏵ [1m2[0m[0m │ [32m✔ [1m16[0m[0m │ [34m⏸ [1m9[0m[0m │ [33m↓ [1m1[0m[0m │ [32m↓ [1m9[0m[0m │ [34m⏸ 0[0m │ [1m⏱ 48s                  [0m[?2026l[?2026h[2K[1F[2K[1F[2K[1F[2K[1F[2K[1F[2K[1F[2K[1F[2K[1F[2K[1F[2K[1F[2K[1F[2K[1F[2K[1F[2K[1F[2K[1F[2K[1F[2K[1F[2K[1F[2K[1F[2K[1F[2K[1F[2K[1F[2K[1F[2K[1F[2K[0m┏━ [1mDependency Graph[0m:
┃ [34m┌─ [0m[32m✔ ensure-all-wrappers-paths-exist[0m [90m[0m                       
┃ [34m├─ [0m[32m✔ stage-2-init.sh[0m [90m[0m                                       
┃ [34m├─ [0m[34m⏸ activate[0m[90m waiting for [0m[33m1 ⏵[0m [33m1 ↓[0m                           
┃ [34m│  [0m   [34m┌─ [0m[32m✔ unit-console-getty.service-disabled[0m [90m[0m             
┃ [34m│  [0m   [34m├─ [0m[32m✔ unit-pipewire-pulse.service-disabled[0m [90m[0m            
┃ [34m│  [0m   [34m├─ [0m[32m✔ unit-pipewire-pulse.socket-disabled[0m [90m[0m             
┃ [34m│  [0m   [34m├─ [0m[32m✔ unit-pipewire.service-disabled[0m [90m[0m                  
┃ [34m│  [0m   [34m├─ [0m[32m✔ unit-pipewire.socket-disabled[0m [90m[0m                   
┃ [34m│  [0m   [34m├─ [0m[32m✔ unit-wireplumber.service-disabled[0m [90m[0m               
┃ [34m│  [0m   [34m│  [0m      [34m┌─ [0m[34m⏸ hm_fontconfigconf.d10hmfonts.conf[0m[90m waiting for [0m[33m1 ⏵[0m
┃ [34m│  [0m   [34m│  [0m   [34m┌─ [0m[34m⏸ home-manager-files[0m                         
┃ [34m│  [0m   [34m│  [0m[34m┌─ [0m[34m⏸ home-manager-generation[0m                       
┃ [34m│  [0m   [34m├─ [0m[34m⏸ unit-home-manager-licht.service[0m                  
┃ [34m│  [0m[34m┌─ [0m[34m⏸ system-units[0m                                        
┃ [34m│  [0m[34m│  [0m[34m┌─ [0m[1m[33m↓ ⏵ texinfo-7.2[0m[0m ⏱ 13s 4.6MiB/13.7MiB               [1m 33.9%[0m
┃ [34m│  [0m[34m│  [0m[34m├─ [0m[33m[1m⏵ home-manager-path[0m[0m ⏱ 3s (∅ 5s)                    
┃ [34m│  [0m[34m├─ [0m[34m⏸ user-environment[0m                                    
┃ [34m├─ [0m[34m⏸ etc[0m                                                    
┃ [34m├─ [0m[33m[1m⏵ perl-5.42.0-env[0m[0m ⏱ 3s (∅ 18s)                           
┃ [34m⏸ nixos-system-licht-26.05.20260907.93108a5[0m                 [0m
┣━━━ [1mBuilds          [0m │ [1mDownloads      [0m │ [1mHost                   [0m
┃    [33m⏵ [1m2[0m[0m │ [32m✔ [1m16[0m[0m │     │ [33m   [0m │ [32m   [0m │     │ [35m      localhost        [0m
┃    [33m   [0m │ [32m    [0m │     │ [33m↓ [1m1[0m[0m │ [32m↓ [1m9[0m[0m │     │ [35mcache.nixos.org (https)[0m
┗━ ∑ [33m⏵ [1m2[0m[0m │ [32m✔ [1m16[0m[0m │ [34m⏸ [1m9[0m[0m │ [33m↓ [1m1[0m[0m │ [32m↓ [1m9[0m[0m │ [34m⏸ 0[0m │ [1m⏱ 48s                  [0m[?2026l[?2026h[2K[1F[2K[1F[2K[1F[2K[1F[2K[1F[2K[1F[2K[1F[2K[1F[2K[1F[2K[1F[2K[1F[2K[1F[2K[1F[2K[1F[2K[1F[2K[1F[2K[1F[2K[1F[2K[1F[2K[1F[2K[1F[2K[1F[2K[1F[2K[1F[2K[0m┏━ [1mDependency Graph[0m:
┃ [34m┌─ [0m[32m✔ ensure-all-wrappers-paths-exist[0m [90m[0m                       
┃ [34m├─ [0m[32m✔ stage-2-init.sh[0m [90m[0m                                       
┃ [34m├─ [0m[34m⏸ activate[0m[90m waiting for [0m[33m1 ⏵[0m [33m1 ↓[0m                           
┃ [34m│  [0m   [34m┌─ [0m[32m✔ unit-console-getty.service-disabled[0m [90m[0m             
┃ [34m│  [0m   [34m├─ [0m[32m✔ unit-pipewire-pulse.service-disabled[0m [90m[0m            
┃ [34m│  [0m   [34m├─ [0m[32m✔ unit-pipewire-pulse.socket-disabled[0m [90m[0m             
┃ [34m│  [0m   [34m├─ [0m[32m✔ unit-pipewire.service-disabled[0m [90m[0m                  
┃ [34m│  [0m   [34m├─ [0m[32m✔ unit-pipewire.socket-disabled[0m [90m[0m                   
┃ [34m│  [0m   [34m├─ [0m[32m✔ unit-wireplumber.service-disabled[0m [90m[0m               
┃ [34m│  [0m   [34m│  [0m      [34m┌─ [0m[34m⏸ hm_fontconfigconf.d10hmfonts.conf[0m[90m waiting for [0m[33m1 ⏵[0m
┃ [34m│  [0m   [34m│  [0m   [34m┌─ [0m[34m⏸ home-manager-files[0m                         
┃ [34m│  [0m   [34m│  [0m[34m┌─ [0m[34m⏸ home-manager-generation[0m                       
┃ [34m│  [0m   [34m├─ [0m[34m⏸ unit-home-manager-licht.service[0m                  
┃ [34m│  [0m[34m┌─ [0m[34m⏸ system-units[0m                                        
┃ [34m│  [0m[34m│  [0m[34m┌─ [0m[1m[33m↓ ⏵ texinfo-7.2[0m[0m ⏱ 13s 4.6MiB/13.7MiB               [1m 33.9%[0m
┃ [34m│  [0m[34m│  [0m[34m├─ [0m[33m[1m⏵ home-manager-path[0m[0m ⏱ 3s (∅ 5s)                    
┃ [34m│  [0m[34m├─ [0m[34m⏸ user-environment[0m                                    
┃ [34m├─ [0m[34m⏸ etc[0m                                                    
┃ [34m├─ [0m[33m[1m⏵ perl-5.42.0-env[0m[0m ⏱ 3s (∅ 18s)                           
┃ [34m⏸ nixos-system-licht-26.05.20260907.93108a5[0m                 [0m
┣━━━ [1mBuilds          [0m │ [1mDownloads      [0m │ [1mHost                   [0m
┃    [33m⏵ [1m2[0m[0m │ [32m✔ [1m16[0m[0m │     │ [33m   [0m │ [32m   [0m │     │ [35m      localhost        [0m
┃    [33m   [0m │ [32m    [0m │     │ [33m↓ [1m1[0m[0m │ [32m↓ [1m9[0m[0m │     │ [35mcache.nixos.org (https)[0m
┗━ ∑ [33m⏵ [1m2[0m[0m │ [32m✔ [1m16[0m[0m │ [34m⏸ [1m9[0m[0m │ [33m↓ [1m1[0m[0m │ [32m↓ [1m9[0m[0m │ [34m⏸ 0[0m │ [1m⏱ 48s                  [0m[?2026l[?2026h[2K[1F[2K[1F[2K[1F[2K[1F[2K[1F[2K[1F[2K[1F[2K[1F[2K[1F[2K[1F[2K[1F[2K[1F[2K[1F[2K[1F[2K[1F[2K[1F[2K[1F[2K[1F[2K[1F[2K[1F[2K[1F[2K[1F[2K[1F[2K[1F[2K[0m┏━ [1mDependency Graph[0m:
┃ [34m┌─ [0m[32m✔ ensure-all-wrappers-paths-exist[0m [90m[0m                       
┃ [34m├─ [0m[32m✔ stage-2-init.sh[0m [90m[0m                                       
┃ [34m├─ [0m[34m⏸ activate[0m[90m waiting for [0m[33m1 ⏵[0m [33m1 ↓[0m                           
┃ [34m│  [0m   [34m┌─ [0m[32m✔ unit-console-getty.service-disabled[0m [90m[0m             
┃ [34m│  [0m   [34m├─ [0m[32m✔ unit-pipewire-pulse.service-disabled[0m [90m[0m            
┃ [34m│  [0m   [34m├─ [0m[32m✔ unit-pipewire-pulse.socket-disabled[0m [90m[0m             
┃ [34m│  [0m   [34m├─ [0m[32m✔ unit-pipewire.service-disabled[0m [90m[0m                  
┃ [34m│  [0m   [34m├─ [0m[32m✔ unit-pipewire.socket-disabled[0m [90m[0m                   
┃ [34m│  [0m   [34m├─ [0m[32m✔ unit-wireplumber.service-disabled[0m [90m[0m               
┃ [34m│  [0m   [34m│  [0m      [34m┌─ [0m[34m⏸ hm_fontconfigconf.d10hmfonts.conf[0m[90m waiting for [0m[33m1 ⏵[0m
┃ [34m│  [0m   [34m│  [0m   [34m┌─ [0m[34m⏸ home-manager-files[0m                         
┃ [34m│  [0m   [34m│  [0m[34m┌─ [0m[34m⏸ home-manager-generation[0m                       
┃ [34m│  [0m   [34m├─ [0m[34m⏸ unit-home-manager-licht.service[0m                  
┃ [34m│  [0m[34m┌─ [0m[34m⏸ system-units[0m                                        
┃ [34m│  [0m[34m│  [0m[34m┌─ [0m[1m[33m↓ ⏵ texinfo-7.2[0m[0m ⏱ 13s 4.8MiB/13.7MiB               [1m 34.8%[0m
┃ [34m│  [0m[34m│  [0m[34m├─ [0m[33m[1m⏵ home-manager-path[0m[0m ⏱ 3s (∅ 5s)                    
┃ [34m│  [0m[34m├─ [0m[34m⏸ user-environment[0m                                    
┃ [34m├─ [0m[34m⏸ etc[0m                                                    
┃ [34m├─ [0m[33m[1m⏵ perl-5.42.0-env[0m[0m ⏱ 3s (∅ 18s)                           
┃ [34m⏸ nixos-system-licht-26.05.20260907.93108a5[0m                 [0m
┣━━━ [1mBuilds          [0m │ [1mDownloads      [0m │ [1mHost                   [0m
┃    [33m⏵ [1m2[0m[0m │ [32m✔ [1m16[0m[0m │     │ [33m   [0m │ [32m   [0m │     │ [35m      localhost        [0m
┃    [33m   [0m │ [32m    [0m │     │ [33m↓ [1m1[0m[0m │ [32m↓ [1m9[0m[0m │     │ [35mcache.nixos.org (https)[0m
┗━ ∑ [33m⏵ [1m2[0m[0m │ [32m✔ [1m16[0m[0m │ [34m⏸ [1m9[0m[0m │ [33m↓ [1m1[0m[0m │ [32m↓ [1m9[0m[0m │ [34m⏸ 0[0m │ [1m⏱ 48s                  [0m[?2026l[?2026h[2K[1F[2K[1F[2K[1F[2K[1F[2K[1F[2K[1F[2K[1F[2K[1F[2K[1F[2K[1F[2K[1F[2K[1F[2K[1F[2K[1F[2K[1F[2K[1F[2K[1F[2K[1F[2K[1F[2K[1F[2K[1F[2K[1F[2K[1F[2K[1F[2K[0m┏━ [1mDependency Graph[0m:
┃ [34m┌─ [0m[32m✔ ensure-all-wrappers-paths-exist[0m [90m[0m                       
┃ [34m├─ [0m[32m✔ stage-2-init.sh[0m [90m[0m                                       
┃ [34m├─ [0m[34m⏸ activate[0m[90m waiting for [0m[33m1 ⏵[0m [33m1 ↓[0m                           
┃ [34m│  [0m   [34m┌─ [0m[32m✔ unit-console-getty.service-disabled[0m [90m[0m             
┃ [34m│  [0m   [34m├─ [0m[32m✔ unit-pipewire-pulse.service-disabled[0m [90m[0m            
┃ [34m│  [0m   [34m├─ [0m[32m✔ unit-pipewire-pulse.socket-disabled[0m [90m[0m             
┃ [34m│  [0m   [34m├─ [0m[32m✔ unit-pipewire.service-disabled[0m [90m[0m                  
┃ [34m│  [0m   [34m├─ [0m[32m✔ unit-pipewire.socket-disabled[0m [90m[0m                   
┃ [34m│  [0m   [34m├─ [0m[32m✔ unit-wireplumber.service-disabled[0m [90m[0m               
┃ [34m│  [0m   [34m│  [0m      [34m┌─ [0m[34m⏸ hm_fontconfigconf.d10hmfonts.conf[0m[90m waiting for [0m[33m1 ⏵[0m
┃ [34m│  [0m   [34m│  [0m   [34m┌─ [0m[34m⏸ home-manager-files[0m                         
┃ [34m│  [0m   [34m│  [0m[34m┌─ [0m[34m⏸ home-manager-generation[0m                       
┃ [34m│  [0m   [34m├─ [0m[34m⏸ unit-home-manager-licht.service[0m                  
┃ [34m│  [0m[34m┌─ [0m[34m⏸ system-units[0m                                        
┃ [34m│  [0m[34m│  [0m[34m┌─ [0m[1m[33m↓ ⏵ texinfo-7.2[0m[0m ⏱ 13s 4.8MiB/13.7MiB               [1m 34.8%[0m
┃ [34m│  [0m[34m│  [0m[34m├─ [0m[33m[1m⏵ home-manager-path[0m[0m ⏱ 3s (∅ 5s)                    
┃ [34m│  [0m[34m├─ [0m[34m⏸ user-environment[0m                                    
┃ [34m├─ [0m[34m⏸ etc[0m                                                    
┃ [34m├─ [0m[33m[1m⏵ perl-5.42.0-env[0m[0m ⏱ 4s (∅ 18s)                           
┃ [34m⏸ nixos-system-licht-26.05.20260907.93108a5[0m                 [0m
┣━━━ [1mBuilds          [0m │ [1mDownloads      [0m │ [1mHost                   [0m
┃    [33m⏵ [1m2[0m[0m │ [32m✔ [1m16[0m[0m │     │ [33m   [0m │ [32m   [0m │     │ [35m      localhost        [0m
┃    [33m   [0m │ [32m    [0m │     │ [33m↓ [1m1[0m[0m │ [32m↓ [1m9[0m[0m │     │ [35mcache.nixos.org (https)[0m
┗━ ∑ [33m⏵ [1m2[0m[0m │ [32m✔ [1m16[0m[0m │ [34m⏸ [1m9[0m[0m │ [33m↓ [1m1[0m[0m │ [32m↓ [1m9[0m[0m │ [34m⏸ 0[0m │ [1m⏱ 49s                  [0m[?2026l[?2026h[2K[1F[2K[1F[2K[1F[2K[1F[2K[1F[2K[1F[2K[1F[2K[1F[2K[1F[2K[1F[2K[1F[2K[1F[2K[1F[2K[1F[2K[1F[2K[1F[2K[1F[2K[1F[2K[1F[2K[1F[2K[1F[2K[1F[2K[1F[2K[1F[2K[0m┏━ [1mDependency Graph[0m:
┃ [34m┌─ [0m[32m✔ ensure-all-wrappers-paths-exist[0m [90m[0m                       
┃ [34m├─ [0m[32m✔ stage-2-init.sh[0m [90m[0m                                       
┃ [34m├─ [0m[34m⏸ activate[0m[90m waiting for [0m[33m1 ⏵[0m [33m1 ↓[0m                           
┃ [34m│  [0m   [34m┌─ [0m[32m✔ unit-console-getty.service-disabled[0m [90m[0m             
┃ [34m│  [0m   [34m├─ [0m[32m✔ unit-pipewire-pulse.service-disabled[0m [90m[0m            
┃ [34m│  [0m   [34m├─ [0m[32m✔ unit-pipewire-pulse.socket-disabled[0m [90m[0m             
┃ [34m│  [0m   [34m├─ [0m[32m✔ unit-pipewire.service-disabled[0m [90m[0m                  
┃ [34m│  [0m   [34m├─ [0m[32m✔ unit-pipewire.socket-disabled[0m [90m[0m                   
┃ [34m│  [0m   [34m├─ [0m[32m✔ unit-wireplumber.service-disabled[0m [90m[0m               
┃ [34m│  [0m   [34m│  [0m      [34m┌─ [0m[34m⏸ hm_fontconfigconf.d10hmfonts.conf[0m[90m waiting for [0m[33m1 ⏵[0m
┃ [34m│  [0m   [34m│  [0m   [34m┌─ [0m[34m⏸ home-manager-files[0m                         
┃ [34m│  [0m   [34m│  [0m[34m┌─ [0m[34m⏸ home-manager-generation[0m                       
┃ [34m│  [0m   [34m├─ [0m[34m⏸ unit-home-manager-licht.service[0m                  
┃ [34m│  [0m[34m┌─ [0m[34m⏸ system-units[0m                                        
┃ [34m│  [0m[34m│  [0m[34m┌─ [0m[1m[33m↓ ⏵ texinfo-7.2[0m[0m ⏱ 13s 4.9MiB/13.7MiB               [1m 35.7%[0m
┃ [34m│  [0m[34m│  [0m[34m├─ [0m[33m[1m⏵ home-manager-path[0m[0m ⏱ 3s (∅ 5s)                    
┃ [34m│  [0m[34m├─ [0m[34m⏸ user-environment[0m                                    
┃ [34m├─ [0m[34m⏸ etc[0m                                                    
┃ [34m├─ [0m[33m[1m⏵ perl-5.42.0-env[0m[0m ⏱ 4s (∅ 18s)                           
┃ [34m⏸ nixos-system-licht-26.05.20260907.93108a5[0m                 [0m
┣━━━ [1mBuilds          [0m │ [1mDownloads      [0m │ [1mHost                   [0m
┃    [33m⏵ [1m2[0m[0m │ [32m✔ [1m16[0m[0m │     │ [33m   [0m │ [32m   [0m │     │ [35m      localhost        [0m
┃    [33m   [0m │ [32m    [0m │     │ [33m↓ [1m1[0m[0m │ [32m↓ [1m9[0m[0m │     │ [35mcache.nixos.org (https)[0m
┗━ ∑ [33m⏵ [1m2[0m[0m │ [32m✔ [1m16[0m[0m │ [34m⏸ [1m9[0m[0m │ [33m↓ [1m1[0m[0m │ [32m↓ [1m9[0m[0m │ [34m⏸ 0[0m │ [1m⏱ 49s                  [0m[?2026l[?2026h[2K[1F[2K[1F[2K[1F[2K[1F[2K[1F[2K[1F[2K[1F[2K[1F[2K[1F[2K[1F[2K[1F[2K[1F[2K[1F[2K[1F[2K[1F[2K[1F[2K[1F[2K[1F[2K[1F[2K[1F[2K[1F[2K[1F[2K[1F[2K[1F[2K[0m┏━ [1mDependency Graph[0m:
┃ [34m┌─ [0m[32m✔ ensure-all-wrappers-paths-exist[0m [90m[0m                       
┃ [34m├─ [0m[32m✔ stage-2-init.sh[0m [90m[0m                                       
┃ [34m├─ [0m[34m⏸ activate[0m[90m waiting for [0m[33m1 ⏵[0m [33m1 ↓[0m                           
┃ [34m│  [0m   [34m┌─ [0m[32m✔ unit-console-getty.service-disabled[0m [90m[0m             
┃ [34m│  [0m   [34m├─ [0m[32m✔ unit-pipewire-pulse.service-disabled[0m [90m[0m            
┃ [34m│  [0m   [34m├─ [0m[32m✔ unit-pipewire-pulse.socket-disabled[0m [90m[0m             
┃ [34m│  [0m   [34m├─ [0m[32m✔ unit-pipewire.service-disabled[0m [90m[0m                  
┃ [34m│  [0m   [34m├─ [0m[32m✔ unit-pipewire.socket-disabled[0m [90m[0m                   
┃ [34m│  [0m   [34m├─ [0m[32m✔ unit-wireplumber.service-disabled[0m [90m[0m               
┃ [34m│  [0m   [34m│  [0m      [34m┌─ [0m[34m⏸ hm_fontconfigconf.d10hmfonts.conf[0m[90m waiting for [0m[33m1 ⏵[0m
┃ [34m│  [0m   [34m│  [0m   [34m┌─ [0m[34m⏸ home-manager-files[0m                         
┃ [34m│  [0m   [34m│  [0m[34m┌─ [0m[34m⏸ home-manager-generation[0m                       
┃ [34m│  [0m   [34m├─ [0m[34m⏸ unit-home-manager-licht.service[0m                  
┃ [34m│  [0m[34m┌─ [0m[34m⏸ system-units[0m                                        
┃ [34m│  [0m[34m│  [0m[34m┌─ [0m[1m[33m↓ ⏵ texinfo-7.2[0m[0m ⏱ 14s 4.9MiB/13.7MiB               [1m 35.7%[0m
┃ [34m│  [0m[34m│  [0m[34m├─ [0m[33m[1m⏵ home-manager-path[0m[0m ⏱ 3s (∅ 5s)                    
┃ [34m│  [0m[34m├─ [0m[34m⏸ user-environment[0m                                    
┃ [34m├─ [0m[34m⏸ etc[0m                                                    
┃ [34m├─ [0m[33m[1m⏵ perl-5.42.0-env[0m[0m ⏱ 4s (∅ 18s)                           
┃ [34m⏸ nixos-system-licht-26.05.20260907.93108a5[0m                 [0m
┣━━━ [1mBuilds          [0m │ [1mDownloads      [0m │ [1mHost                   [0m
┃    [33m⏵ [1m2[0m[0m │ [32m✔ [1m16[0m[0m │     │ [33m   [0m │ [32m   [0m │     │ [35m      localhost        [0m
┃    [33m   [0m │ [32m    [0m │     │ [33m↓ [1m1[0m[0m │ [32m↓ [1m9[0m[0m │     │ [35mcache.nixos.org (https)[0m
┗━ ∑ [33m⏵ [1m2[0m[0m │ [32m✔ [1m16[0m[0m │ [34m⏸ [1m9[0m[0m │ [33m↓ [1m1[0m[0m │ [32m↓ [1m9[0m[0m │ [34m⏸ 0[0m │ [1m⏱ 49s                  [0m[?2026l[?2026h[2K[1F[2K[1F[2K[1F[2K[1F[2K[1F[2K[1F[2K[1F[2K[1F[2K[1F[2K[1F[2K[1F[2K[1F[2K[1F[2K[1F[2K[1F[2K[1F[2K[1F[2K[1F[2K[1F[2K[1F[2K[1F[2K[1F[2K[1F[2K[1F[2K[0m┏━ [1mDependency Graph[0m:
┃ [34m┌─ [0m[32m✔ ensure-all-wrappers-paths-exist[0m [90m[0m                       
┃ [34m├─ [0m[32m✔ stage-2-init.sh[0m [90m[0m                                       
┃ [34m├─ [0m[34m⏸ activate[0m[90m waiting for [0m[33m1 ⏵[0m [33m1 ↓[0m                           
┃ [34m│  [0m   [34m┌─ [0m[32m✔ unit-console-getty.service-disabled[0m [90m[0m             
┃ [34m│  [0m   [34m├─ [0m[32m✔ unit-pipewire-pulse.service-disabled[0m [90m[0m            
┃ [34m│  [0m   [34m├─ [0m[32m✔ unit-pipewire-pulse.socket-disabled[0m [90m[0m             
┃ [34m│  [0m   [34m├─ [0m[32m✔ unit-pipewire.service-disabled[0m [90m[0m                  
┃ [34m│  [0m   [34m├─ [0m[32m✔ unit-pipewire.socket-disabled[0m [90m[0m                   
┃ [34m│  [0m   [34m├─ [0m[32m✔ unit-wireplumber.service-disabled[0m [90m[0m               
┃ [34m│  [0m   [34m│  [0m      [34m┌─ [0m[34m⏸ hm_fontconfigconf.d10hmfonts.conf[0m[90m waiting for [0m[33m1 ⏵[0m
┃ [34m│  [0m   [34m│  [0m   [34m┌─ [0m[34m⏸ home-manager-files[0m                         
┃ [34m│  [0m   [34m│  [0m[34m┌─ [0m[34m⏸ home-manager-generation[0m                       
┃ [34m│  [0m   [34m├─ [0m[34m⏸ unit-home-manager-licht.service[0m                  
┃ [34m│  [0m[34m┌─ [0m[34m⏸ system-units[0m                                        
┃ [34m│  [0m[34m│  [0m[34m┌─ [0m[1m[33m↓ ⏵ texinfo-7.2[0m[0m ⏱ 14s 4.9MiB/13.7MiB               [1m 35.7%[0m
┃ [34m│  [0m[34m│  [0m[34m├─ [0m[33m[1m⏵ home-manager-path[0m[0m ⏱ 3s (∅ 5s)                    
┃ [34m│  [0m[34m├─ [0m[34m⏸ user-environment[0m                                    
┃ [34m├─ [0m[34m⏸ etc[0m                                                    
┃ [34m├─ [0m[33m[1m⏵ perl-5.42.0-env[0m[0m ⏱ 4s (∅ 18s)                           
┃ [34m⏸ nixos-system-licht-26.05.20260907.93108a5[0m                 [0m
┣━━━ [1mBuilds          [0m │ [1mDownloads      [0m │ [1mHost                   [0m
┃    [33m⏵ [1m2[0m[0m │ [32m✔ [1m16[0m[0m │     │ [33m   [0m │ [32m   [0m │     │ [35m      localhost        [0m
┃    [33m   [0m │ [32m    [0m │     │ [33m↓ [1m1[0m[0m │ [32m↓ [1m9[0m[0m │     │ [35mcache.nixos.org (https)[0m
┗━ ∑ [33m⏵ [1m2[0m[0m │ [32m✔ [1m16[0m[0m │ [34m⏸ [1m9[0m[0m │ [33m↓ [1m1[0m[0m │ [32m↓ [1m9[0m[0m │ [34m⏸ 0[0m │ [1m⏱ 49s                  [0m[?2026l[?2026h[2K[1F[2K[1F[2K[1F[2K[1F[2K[1F[2K[1F[2K[1F[2K[1F[2K[1F[2K[1F[2K[1F[2K[1F[2K[1F[2K[1F[2K[1F[2K[1F[2K[1F[2K[1F[2K[1F[2K[1F[2K[1F[2K[1F[2K[1F[2K[1F[2K[0m┏━ [1mDependency Graph[0m:
┃ [34m┌─ [0m[32m✔ ensure-all-wrappers-paths-exist[0m [90m[0m                       
┃ [34m├─ [0m[32m✔ stage-2-init.sh[0m [90m[0m                                       
┃ [34m├─ [0m[34m⏸ activate[0m[90m waiting for [0m[33m1 ⏵[0m [33m1 ↓[0m                           
┃ [34m│  [0m   [34m┌─ [0m[32m✔ unit-console-getty.service-disabled[0m [90m[0m             
┃ [34m│  [0m   [34m├─ [0m[32m✔ unit-pipewire-pulse.service-disabled[0m [90m[0m            
┃ [34m│  [0m   [34m├─ [0m[32m✔ unit-pipewire-pulse.socket-disabled[0m [90m[0m             
┃ [34m│  [0m   [34m├─ [0m[32m✔ unit-pipewire.service-disabled[0m [90m[0m                  
┃ [34m│  [0m   [34m├─ [0m[32m✔ unit-pipewire.socket-disabled[0m [90m[0m                   
┃ [34m│  [0m   [34m├─ [0m[32m✔ unit-wireplumber.service-disabled[0m [90m[0m               
┃ [34m│  [0m   [34m│  [0m      [34m┌─ [0m[34m⏸ hm_fontconfigconf.d10hmfonts.conf[0m[90m waiting for [0m[33m1 ⏵[0m
┃ [34m│  [0m   [34m│  [0m   [34m┌─ [0m[34m⏸ home-manager-files[0m                         
┃ [34m│  [0m   [34m│  [0m[34m┌─ [0m[34m⏸ home-manager-generation[0m                       
┃ [34m│  [0m   [34m├─ [0m[34m⏸ unit-home-manager-licht.service[0m                  
┃ [34m│  [0m[34m┌─ [0m[34m⏸ system-units[0m                                        
┃ [34m│  [0m[34m│  [0m[34m┌─ [0m[1m[33m↓ ⏵ texinfo-7.2[0m[0m ⏱ 14s 5.0MiB/13.7MiB               [1m 36.6%[0m
┃ [34m│  [0m[34m│  [0m[34m├─ [0m[33m[1m⏵ home-manager-path[0m[0m ⏱ 3s (∅ 5s)                    
┃ [34m│  [0m[34m├─ [0m[34m⏸ user-environment[0m                                    
┃ [34m├─ [0m[34m⏸ etc[0m                                                    
┃ [34m├─ [0m[33m[1m⏵ perl-5.42.0-env[0m[0m ⏱ 4s (∅ 18s)                           
┃ [34m⏸ nixos-system-licht-26.05.20260907.93108a5[0m                 [0m
┣━━━ [1mBuilds          [0m │ [1mDownloads      [0m │ [1mHost                   [0m
┃    [33m⏵ [1m2[0m[0m │ [32m✔ [1m16[0m[0m │     │ [33m   [0m │ [32m   [0m │     │ [35m      localhost        [0m
┃    [33m   [0m │ [32m    [0m │     │ [33m↓ [1m1[0m[0m │ [32m↓ [1m9[0m[0m │     │ [35mcache.nixos.org (https)[0m
┗━ ∑ [33m⏵ [1m2[0m[0m │ [32m✔ [1m16[0m[0m │ [34m⏸ [1m9[0m[0m │ [33m↓ [1m1[0m[0m │ [32m↓ [1m9[0m[0m │ [34m⏸ 0[0m │ [1m⏱ 49s                  [0m[?2026l[?2026h[2K[1F[2K[1F[2K[1F[2K[1F[2K[1F[2K[1F[2K[1F[2K[1F[2K[1F[2K[1F[2K[1F[2K[1F[2K[1F[2K[1F[2K[1F[2K[1F[2K[1F[2K[1F[2K[1F[2K[1F[2K[1F[2K[1F[2K[1F[2K[1F[2K[0m┏━ [1mDependency Graph[0m:
┃ [34m┌─ [0m[32m✔ ensure-all-wrappers-paths-exist[0m [90m[0m                       
┃ [34m├─ [0m[32m✔ stage-2-init.sh[0m [90m[0m                                       
┃ [34m├─ [0m[34m⏸ activate[0m[90m waiting for [0m[33m1 ⏵[0m [33m1 ↓[0m                           
┃ [34m│  [0m   [34m┌─ [0m[32m✔ unit-console-getty.service-disabled[0m [90m[0m             
┃ [34m│  [0m   [34m├─ [0m[32m✔ unit-pipewire-pulse.service-disabled[0m [90m[0m            
┃ [34m│  [0m   [34m├─ [0m[32m✔ unit-pipewire-pulse.socket-disabled[0m [90m[0m             
┃ [34m│  [0m   [34m├─ [0m[32m✔ unit-pipewire.service-disabled[0m [90m[0m                  
┃ [34m│  [0m   [34m├─ [0m[32m✔ unit-pipewire.socket-disabled[0m [90m[0m                   
┃ [34m│  [0m   [34m├─ [0m[32m✔ unit-wireplumber.service-disabled[0m [90m[0m               
┃ [34m│  [0m   [34m│  [0m      [34m┌─ [0m[34m⏸ hm_fontconfigconf.d10hmfonts.conf[0m[90m waiting for [0m[33m1 ⏵[0m
┃ [34m│  [0m   [34m│  [0m   [34m┌─ [0m[34m⏸ home-manager-files[0m                         
┃ [34m│  [0m   [34m│  [0m[34m┌─ [0m[34m⏸ home-manager-generation[0m                       
┃ [34m│  [0m   [34m├─ [0m[34m⏸ unit-home-manager-licht.service[0m                  
┃ [34m│  [0m[34m┌─ [0m[34m⏸ system-units[0m                                        
┃ [34m│  [0m[34m│  [0m[34m┌─ [0m[1m[33m↓ ⏵ texinfo-7.2[0m[0m ⏱ 14s 5.0MiB/13.7MiB               [1m 36.6%[0m
┃ [34m│  [0m[34m│  [0m[34m├─ [0m[33m[1m⏵ home-manager-path[0m[0m ⏱ 3s (∅ 5s)                    
┃ [34m│  [0m[34m├─ [0m[34m⏸ user-environment[0m                                    
┃ [34m├─ [0m[34m⏸ etc[0m                                                    
┃ [34m├─ [0m[33m[1m⏵ perl-5.42.0-env[0m[0m ⏱ 4s (∅ 18s)                           
┃ [34m⏸ nixos-system-licht-26.05.20260907.93108a5[0m                 [0m
┣━━━ [1mBuilds          [0m │ [1mDownloads      [0m │ [1mHost                   [0m
┃    [33m⏵ [1m2[0m[0m │ [32m✔ [1m16[0m[0m │     │ [33m   [0m │ [32m   [0m │     │ [35m      localhost        [0m
┃    [33m   [0m │ [32m    [0m │     │ [33m↓ [1m1[0m[0m │ [32m↓ [1m9[0m[0m │     │ [35mcache.nixos.org (https)[0m
┗━ ∑ [33m⏵ [1m2[0m[0m │ [32m✔ [1m16[0m[0m │ [34m⏸ [1m9[0m[0m │ [33m↓ [1m1[0m[0m │ [32m↓ [1m9[0m[0m │ [34m⏸ 0[0m │ [1m⏱ 49s                  [0m[?2026l[?2026h[2K[1F[2K[1F[2K[1F[2K[1F[2K[1F[2K[1F[2K[1F[2K[1F[2K[1F[2K[1F[2K[1F[2K[1F[2K[1F[2K[1F[2K[1F[2K[1F[2K[1F[2K[1F[2K[1F[2K[1F[2K[1F[2K[1F[2K[1F[2K[1F[2K[0m┏━ [1mDependency Graph[0m:
┃ [34m┌─ [0m[32m✔ ensure-all-wrappers-paths-exist[0m [90m[0m                       
┃ [34m├─ [0m[32m✔ stage-2-init.sh[0m [90m[0m                                       
┃ [34m├─ [0m[34m⏸ activate[0m[90m waiting for [0m[33m1 ⏵[0m [33m1 ↓[0m                           
┃ [34m│  [0m   [34m┌─ [0m[32m✔ unit-console-getty.service-disabled[0m [90m[0m             
┃ [34m│  [0m   [34m├─ [0m[32m✔ unit-pipewire-pulse.service-disabled[0m [90m[0m            
┃ [34m│  [0m   [34m├─ [0m[32m✔ unit-pipewire-pulse.socket-disabled[0m [90m[0m             
┃ [34m│  [0m   [34m├─ [0m[32m✔ unit-pipewire.service-disabled[0m [90m[0m                  
┃ [34m│  [0m   [34m├─ [0m[32m✔ unit-pipewire.socket-disabled[0m [90m[0m                   
┃ [34m│  [0m   [34m├─ [0m[32m✔ unit-wireplumber.service-disabled[0m [90m[0m               
┃ [34m│  [0m   [34m│  [0m      [34m┌─ [0m[34m⏸ hm_fontconfigconf.d10hmfonts.conf[0m[90m waiting for [0m[33m1 ⏵[0m
┃ [34m│  [0m   [34m│  [0m   [34m┌─ [0m[34m⏸ home-manager-files[0m                         
┃ [34m│  [0m   [34m│  [0m[34m┌─ [0m[34m⏸ home-manager-generation[0m                       
┃ [34m│  [0m   [34m├─ [0m[34m⏸ unit-home-manager-licht.service[0m                  
┃ [34m│  [0m[34m┌─ [0m[34m⏸ system-units[0m                                        
┃ [34m│  [0m[34m│  [0m[34m┌─ [0m[1m[33m↓ ⏵ texinfo-7.2[0m[0m ⏱ 14s 5.1MiB/13.7MiB               [1m 37.5%[0m
┃ [34m│  [0m[34m│  [0m[34m├─ [0m[33m[1m⏵ home-manager-path[0m[0m ⏱ 3s (∅ 5s)                    
┃ [34m│  [0m[34m├─ [0m[34m⏸ user-environment[0m                                    
┃ [34m├─ [0m[34m⏸ etc[0m                                                    
┃ [34m├─ [0m[33m[1m⏵ perl-5.42.0-env[0m[0m ⏱ 4s (∅ 18s)                           
┃ [34m⏸ nixos-system-licht-26.05.20260907.93108a5[0m                 [0m
┣━━━ [1mBuilds          [0m │ [1mDownloads      [0m │ [1mHost                   [0m
┃    [33m⏵ [1m2[0m[0m │ [32m✔ [1m16[0m[0m │     │ [33m   [0m │ [32m   [0m │     │ [35m      localhost        [0m
┃    [33m   [0m │ [32m    [0m │     │ [33m↓ [1m1[0m[0m │ [32m↓ [1m9[0m[0m │     │ [35mcache.nixos.org (https)[0m
┗━ ∑ [33m⏵ [1m2[0m[0m │ [32m✔ [1m16[0m[0m │ [34m⏸ [1m9[0m[0m │ [33m↓ [1m1[0m[0m │ [32m↓ [1m9[0m[0m │ [34m⏸ 0[0m │ [1m⏱ 49s                  [0m[?2026l[?2026h[2K[1F[2K[1F[2K[1F[2K[1F[2K[1F[2K[1F[2K[1F[2K[1F[2K[1F[2K[1F[2K[1F[2K[1F[2K[1F[2K[1F[2K[1F[2K[1F[2K[1F[2K[1F[2K[1F[2K[1F[2K[1F[2K[1F[2K[1F[2K[1F[2K[0m┏━ [1mDependency Graph[0m:
┃ [34m┌─ [0m[32m✔ ensure-all-wrappers-paths-exist[0m [90m[0m                       
┃ [34m├─ [0m[32m✔ stage-2-init.sh[0m [90m[0m                                       
┃ [34m├─ [0m[34m⏸ activate[0m[90m waiting for [0m[33m1 ⏵[0m [33m1 ↓[0m                           
┃ [34m│  [0m   [34m┌─ [0m[32m✔ unit-console-getty.service-disabled[0m [90m[0m             
┃ [34m│  [0m   [34m├─ [0m[32m✔ unit-pipewire-pulse.service-disabled[0m [90m[0m            
┃ [34m│  [0m   [34m├─ [0m[32m✔ unit-pipewire-pulse.socket-disabled[0m [90m[0m             
┃ [34m│  [0m   [34m├─ [0m[32m✔ unit-pipewire.service-disabled[0m [90m[0m                  
┃ [34m│  [0m   [34m├─ [0m[32m✔ unit-pipewire.socket-disabled[0m [90m[0m                   
┃ [34m│  [0m   [34m├─ [0m[32m✔ unit-wireplumber.service-disabled[0m [90m[0m               
┃ [34m│  [0m   [34m│  [0m      [34m┌─ [0m[34m⏸ hm_fontconfigconf.d10hmfonts.conf[0m[90m waiting for [0m[33m1 ⏵[0m
┃ [34m│  [0m   [34m│  [0m   [34m┌─ [0m[34m⏸ home-manager-files[0m                         
┃ [34m│  [0m   [34m│  [0m[34m┌─ [0m[34m⏸ home-manager-generation[0m                       
┃ [34m│  [0m   [34m├─ [0m[34m⏸ unit-home-manager-licht.service[0m                  
┃ [34m│  [0m[34m┌─ [0m[34m⏸ system-units[0m                                        
┃ [34m│  [0m[34m│  [0m[34m┌─ [0m[1m[33m↓ ⏵ texinfo-7.2[0m[0m ⏱ 14s 5.1MiB/13.7MiB               [1m 37.5%[0m
┃ [34m│  [0m[34m│  [0m[34m├─ [0m[33m[1m⏵ home-manager-path[0m[0m ⏱ 3s (∅ 5s)                    
┃ [34m│  [0m[34m├─ [0m[34m⏸ user-environment[0m                                    
┃ [34m├─ [0m[34m⏸ etc[0m                                                    
┃ [34m├─ [0m[33m[1m⏵ perl-5.42.0-env[0m[0m ⏱ 4s (∅ 18s)                           
┃ [34m⏸ nixos-system-licht-26.05.20260907.93108a5[0m                 [0m
┣━━━ [1mBuilds          [0m │ [1mDownloads      [0m │ [1mHost                   [0m
┃    [33m⏵ [1m2[0m[0m │ [32m✔ [1m16[0m[0m │     │ [33m   [0m │ [32m   [0m │     │ [35m      localhost        [0m
┃    [33m   [0m │ [32m    [0m │     │ [33m↓ [1m1[0m[0m │ [32m↓ [1m9[0m[0m │     │ [35mcache.nixos.org (https)[0m
┗━ ∑ [33m⏵ [1m2[0m[0m │ [32m✔ [1m16[0m[0m │ [34m⏸ [1m9[0m[0m │ [33m↓ [1m1[0m[0m │ [32m↓ [1m9[0m[0m │ [34m⏸ 0[0m │ [1m⏱ 49s                  [0m[?2026l[?2026h[2K[1F[2K[1F[2K[1F[2K[1F[2K[1F[2K[1F[2K[1F[2K[1F[2K[1F[2K[1F[2K[1F[2K[1F[2K[1F[2K[1F[2K[1F[2K[1F[2K[1F[2K[1F[2K[1F[2K[1F[2K[1F[2K[1F[2K[1F[2K[1F[2K[0m┏━ [1mDependency Graph[0m:
┃ [34m┌─ [0m[32m✔ ensure-all-wrappers-paths-exist[0m [90m[0m                       
┃ [34m├─ [0m[32m✔ stage-2-init.sh[0m [90m[0m                                       
┃ [34m├─ [0m[34m⏸ activate[0m[90m waiting for [0m[33m1 ⏵[0m [33m1 ↓[0m                           
┃ [34m│  [0m   [34m┌─ [0m[32m✔ unit-console-getty.service-disabled[0m [90m[0m             
┃ [34m│  [0m   [34m├─ [0m[32m✔ unit-pipewire-pulse.service-disabled[0m [90m[0m            
┃ [34m│  [0m   [34m├─ [0m[32m✔ unit-pipewire-pulse.socket-disabled[0m [90m[0m             
┃ [34m│  [0m   [34m├─ [0m[32m✔ unit-pipewire.service-disabled[0m [90m[0m                  
┃ [34m│  [0m   [34m├─ [0m[32m✔ unit-pipewire.socket-disabled[0m [90m[0m                   
┃ [34m│  [0m   [34m├─ [0m[32m✔ unit-wireplumber.service-disabled[0m [90m[0m               
┃ [34m│  [0m   [34m│  [0m      [34m┌─ [0m[34m⏸ hm_fontconfigconf.d10hmfonts.conf[0m[90m waiting for [0m[33m1 ⏵[0m
┃ [34m│  [0m   [34m│  [0m   [34m┌─ [0m[34m⏸ home-manager-files[0m                         
┃ [34m│  [0m   [34m│  [0m[34m┌─ [0m[34m⏸ home-manager-generation[0m                       
┃ [34m│  [0m   [34m├─ [0m[34m⏸ unit-home-manager-licht.service[0m                  
┃ [34m│  [0m[34m┌─ [0m[34m⏸ system-units[0m                                        
┃ [34m│  [0m[34m│  [0m[34m┌─ [0m[1m[33m↓ ⏵ texinfo-7.2[0m[0m ⏱ 14s 5.2MiB/13.7MiB               [1m 38.4%[0m
┃ [34m│  [0m[34m│  [0m[34m├─ [0m[33m[1m⏵ home-manager-path[0m[0m ⏱ 3s (∅ 5s)                    
┃ [34m│  [0m[34m├─ [0m[34m⏸ user-environment[0m                                    
┃ [34m├─ [0m[34m⏸ etc[0m                                                    
┃ [34m├─ [0m[33m[1m⏵ perl-5.42.0-env[0m[0m ⏱ 4s (∅ 18s)                           
┃ [34m⏸ nixos-system-licht-26.05.20260907.93108a5[0m                 [0m
┣━━━ [1mBuilds          [0m │ [1mDownloads      [0m │ [1mHost                   [0m
┃    [33m⏵ [1m2[0m[0m │ [32m✔ [1m16[0m[0m │     │ [33m   [0m │ [32m   [0m │     │ [35m      localhost        [0m
┃    [33m   [0m │ [32m    [0m │     │ [33m↓ [1m1[0m[0m │ [32m↓ [1m9[0m[0m │     │ [35mcache.nixos.org (https)[0m
┗━ ∑ [33m⏵ [1m2[0m[0m │ [32m✔ [1m16[0m[0m │ [34m⏸ [1m9[0m[0m │ [33m↓ [1m1[0m[0m │ [32m↓ [1m9[0m[0m │ [34m⏸ 0[0m │ [1m⏱ 49s                  [0m[?2026l[?2026h[2K[1F[2K[1F[2K[1F[2K[1F[2K[1F[2K[1F[2K[1F[2K[1F[2K[1F[2K[1F[2K[1F[2K[1F[2K[1F[2K[1F[2K[1F[2K[1F[2K[1F[2K[1F[2K[1F[2K[1F[2K[1F[2K[1F[2K[1F[2K[1F[2K[0m┏━ [1mDependency Graph[0m:
┃ [34m┌─ [0m[32m✔ ensure-all-wrappers-paths-exist[0m [90m[0m                       
┃ [34m├─ [0m[32m✔ stage-2-init.sh[0m [90m[0m                                       
┃ [34m├─ [0m[34m⏸ activate[0m[90m waiting for [0m[33m1 ⏵[0m [33m1 ↓[0m                           
┃ [34m│  [0m   [34m┌─ [0m[32m✔ unit-console-getty.service-disabled[0m [90m[0m             
┃ [34m│  [0m   [34m├─ [0m[32m✔ unit-pipewire-pulse.service-disabled[0m [90m[0m            
┃ [34m│  [0m   [34m├─ [0m[32m✔ unit-pipewire-pulse.socket-disabled[0m [90m[0m             
┃ [34m│  [0m   [34m├─ [0m[32m✔ unit-pipewire.service-disabled[0m [90m[0m                  
┃ [34m│  [0m   [34m├─ [0m[32m✔ unit-pipewire.socket-disabled[0m [90m[0m                   
┃ [34m│  [0m   [34m├─ [0m[32m✔ unit-wireplumber.service-disabled[0m [90m[0m               
┃ [34m│  [0m   [34m│  [0m      [34m┌─ [0m[34m⏸ hm_fontconfigconf.d10hmfonts.conf[0m[90m waiting for [0m[33m1 ⏵[0m
┃ [34m│  [0m   [34m│  [0m   [34m┌─ [0m[34m⏸ home-manager-files[0m                         
┃ [34m│  [0m   [34m│  [0m[34m┌─ [0m[34m⏸ home-manager-generation[0m                       
┃ [34m│  [0m   [34m├─ [0m[34m⏸ unit-home-manager-licht.service[0m                  
┃ [34m│  [0m[34m┌─ [0m[34m⏸ system-units[0m                                        
┃ [34m│  [0m[34m│  [0m[34m┌─ [0m[1m[33m↓ ⏵ texinfo-7.2[0m[0m ⏱ 14s 5.2MiB/13.7MiB               [1m 38.4%[0m
┃ [34m│  [0m[34m│  [0m[34m├─ [0m[33m[1m⏵ home-manager-path[0m[0m ⏱ 4s (∅ 5s)                    
┃ [34m│  [0m[34m├─ [0m[34m⏸ user-environment[0m                                    
┃ [34m├─ [0m[34m⏸ etc[0m                                                    
┃ [34m├─ [0m[33m[1m⏵ perl-5.42.0-env[0m[0m ⏱ 4s (∅ 18s)                           
┃ [34m⏸ nixos-system-licht-26.05.20260907.93108a5[0m                 [0m
┣━━━ [1mBuilds          [0m │ [1mDownloads      [0m │ [1mHost                   [0m
┃    [33m⏵ [1m2[0m[0m │ [32m✔ [1m16[0m[0m │     │ [33m   [0m │ [32m   [0m │     │ [35m      localhost        [0m
┃    [33m   [0m │ [32m    [0m │     │ [33m↓ [1m1[0m[0m │ [32m↓ [1m9[0m[0m │     │ [35mcache.nixos.org (https)[0m
┗━ ∑ [33m⏵ [1m2[0m[0m │ [32m✔ [1m16[0m[0m │ [34m⏸ [1m9[0m[0m │ [33m↓ [1m1[0m[0m │ [32m↓ [1m9[0m[0m │ [34m⏸ 0[0m │ [1m⏱ 49s                  [0m[?2026l[?2026h[2K[1F[2K[1F[2K[1F[2K[1F[2K[1F[2K[1F[2K[1F[2K[1F[2K[1F[2K[1F[2K[1F[2K[1F[2K[1F[2K[1F[2K[1F[2K[1F[2K[1F[2K[1F[2K[1F[2K[1F[2K[1F[2K[1F[2K[1F[2K[1F[2K[0m┏━ [1mDependency Graph[0m:
┃ [34m┌─ [0m[32m✔ ensure-all-wrappers-paths-exist[0m [90m[0m                       
┃ [34m├─ [0m[32m✔ stage-2-init.sh[0m [90m[0m                                       
┃ [34m├─ [0m[34m⏸ activate[0m[90m waiting for [0m[33m1 ⏵[0m [33m1 ↓[0m                           
┃ [34m│  [0m   [34m┌─ [0m[32m✔ unit-console-getty.service-disabled[0m [90m[0m             
┃ [34m│  [0m   [34m├─ [0m[32m✔ unit-pipewire-pulse.service-disabled[0m [90m[0m            
┃ [34m│  [0m   [34m├─ [0m[32m✔ unit-pipewire-pulse.socket-disabled[0m [90m[0m             
┃ [34m│  [0m   [34m├─ [0m[32m✔ unit-pipewire.service-disabled[0m [90m[0m                  
┃ [34m│  [0m   [34m├─ [0m[32m✔ unit-pipewire.socket-disabled[0m [90m[0m                   
┃ [34m│  [0m   [34m├─ [0m[32m✔ unit-wireplumber.service-disabled[0m [90m[0m               
┃ [34m│  [0m   [34m│  [0m      [34m┌─ [0m[34m⏸ hm_fontconfigconf.d10hmfonts.conf[0m[90m waiting for [0m[33m1 ⏵[0m
┃ [34m│  [0m   [34m│  [0m   [34m┌─ [0m[34m⏸ home-manager-files[0m                         
┃ [34m│  [0m   [34m│  [0m[34m┌─ [0m[34m⏸ home-manager-generation[0m                       
┃ [34m│  [0m   [34m├─ [0m[34m⏸ unit-home-manager-licht.service[0m                  
┃ [34m│  [0m[34m┌─ [0m[34m⏸ system-units[0m                                        
┃ [34m│  [0m[34m│  [0m[34m┌─ [0m[1m[33m↓ ⏵ texinfo-7.2[0m[0m ⏱ 14s 5.3MiB/13.7MiB               [1m 39.1%[0m
┃ [34m│  [0m[34m│  [0m[34m├─ [0m[33m[1m⏵ home-manager-path[0m[0m ⏱ 4s (∅ 5s)                    
┃ [34m│  [0m[34m├─ [0m[34m⏸ user-environment[0m                                    
┃ [34m├─ [0m[34m⏸ etc[0m                                                    
┃ [34m├─ [0m[33m[1m⏵ perl-5.42.0-env[0m[0m ⏱ 4s (∅ 18s)                           
┃ [34m⏸ nixos-system-licht-26.05.20260907.93108a5[0m                 [0m
┣━━━ [1mBuilds          [0m │ [1mDownloads      [0m │ [1mHost                   [0m
┃    [33m⏵ [1m2[0m[0m │ [32m✔ [1m16[0m[0m │     │ [33m   [0m │ [32m   [0m │     │ [35m      localhost        [0m
┃    [33m   [0m │ [32m    [0m │     │ [33m↓ [1m1[0m[0m │ [32m↓ [1m9[0m[0m │     │ [35mcache.nixos.org (https)[0m
┗━ ∑ [33m⏵ [1m2[0m[0m │ [32m✔ [1m16[0m[0m │ [34m⏸ [1m9[0m[0m │ [33m↓ [1m1[0m[0m │ [32m↓ [1m9[0m[0m │ [34m⏸ 0[0m │ [1m⏱ 49s                  [0m[?2026l[?2026h[2K[1F[2K[1F[2K[1F[2K[1F[2K[1F[2K[1F[2K[1F[2K[1F[2K[1F[2K[1F[2K[1F[2K[1F[2K[1F[2K[1F[2K[1F[2K[1F[2K[1F[2K[1F[2K[1F[2K[1F[2K[1F[2K[1F[2K[1F[2K[1F[2K[0m┏━ [1mDependency Graph[0m:
┃ [34m┌─ [0m[32m✔ ensure-all-wrappers-paths-exist[0m [90m[0m                       
┃ [34m├─ [0m[32m✔ stage-2-init.sh[0m [90m[0m                                       
┃ [34m├─ [0m[34m⏸ activate[0m[90m waiting for [0m[33m1 ⏵[0m [33m1 ↓[0m                           
┃ [34m│  [0m   [34m┌─ [0m[32m✔ unit-console-getty.service-disabled[0m [90m[0m             
┃ [34m│  [0m   [34m├─ [0m[32m✔ unit-pipewire-pulse.service-disabled[0m [90m[0m            
┃ [34m│  [0m   [34m├─ [0m[32m✔ unit-pipewire-pulse.socket-disabled[0m [90m[0m             
┃ [34m│  [0m   [34m├─ [0m[32m✔ unit-pipewire.service-disabled[0m [90m[0m                  
┃ [34m│  [0m   [34m├─ [0m[32m✔ unit-pipewire.socket-disabled[0m [90m[0m                   
┃ [34m│  [0m   [34m├─ [0m[32m✔ unit-wireplumber.service-disabled[0m [90m[0m               
┃ [34m│  [0m   [34m│  [0m      [34m┌─ [0m[34m⏸ hm_fontconfigconf.d10hmfonts.conf[0m[90m waiting for [0m[33m1 ⏵[0m
┃ [34m│  [0m   [34m│  [0m   [34m┌─ [0m[34m⏸ home-manager-files[0m                         
┃ [34m│  [0m   [34m│  [0m[34m┌─ [0m[34m⏸ home-manager-generation[0m                       
┃ [34m│  [0m   [34m├─ [0m[34m⏸ unit-home-manager-licht.service[0m                  
┃ [34m│  [0m[34m┌─ [0m[34m⏸ system-units[0m                                        
┃ [34m│  [0m[34m│  [0m[34m┌─ [0m[1m[33m↓ ⏵ texinfo-7.2[0m[0m ⏱ 14s 5.4MiB/13.7MiB               [1m 39.3%[0m
┃ [34m│  [0m[34m│  [0m[34m├─ [0m[33m[1m⏵ home-manager-path[0m[0m ⏱ 4s (∅ 5s)                    
┃ [34m│  [0m[34m├─ [0m[34m⏸ user-environment[0m                                    
┃ [34m├─ [0m[34m⏸ etc[0m                                                    
┃ [34m├─ [0m[33m[1m⏵ perl-5.42.0-env[0m[0m ⏱ 4s (∅ 18s)                           
┃ [34m⏸ nixos-system-licht-26.05.20260907.93108a5[0m                 [0m
┣━━━ [1mBuilds          [0m │ [1mDownloads      [0m │ [1mHost                   [0m
┃    [33m⏵ [1m2[0m[0m │ [32m✔ [1m16[0m[0m │     │ [33m   [0m │ [32m   [0m │     │ [35m      localhost        [0m
┃    [33m   [0m │ [32m    [0m │     │ [33m↓ [1m1[0m[0m │ [32m↓ [1m9[0m[0m │     │ [35mcache.nixos.org (https)[0m
┗━ ∑ [33m⏵ [1m2[0m[0m │ [32m✔ [1m16[0m[0m │ [34m⏸ [1m9[0m[0m │ [33m↓ [1m1[0m[0m │ [32m↓ [1m9[0m[0m │ [34m⏸ 0[0m │ [1m⏱ 49s                  [0m[?2026l[?2026h[2K[1F[2K[1F[2K[1F[2K[1F[2K[1F[2K[1F[2K[1F[2K[1F[2K[1F[2K[1F[2K[1F[2K[1F[2K[1F[2K[1F[2K[1F[2K[1F[2K[1F[2K[1F[2K[1F[2K[1F[2K[1F[2K[1F[2K[1F[2K[1F[2K[0m┏━ [1mDependency Graph[0m:
┃ [34m┌─ [0m[32m✔ ensure-all-wrappers-paths-exist[0m [90m[0m                       
┃ [34m├─ [0m[32m✔ stage-2-init.sh[0m [90m[0m                                       
┃ [34m├─ [0m[34m⏸ activate[0m[90m waiting for [0m[33m1 ⏵[0m [33m1 ↓[0m                           
┃ [34m│  [0m   [34m┌─ [0m[32m✔ unit-console-getty.service-disabled[0m [90m[0m             
┃ [34m│  [0m   [34m├─ [0m[32m✔ unit-pipewire-pulse.service-disabled[0m [90m[0m            
┃ [34m│  [0m   [34m├─ [0m[32m✔ unit-pipewire-pulse.socket-disabled[0m [90m[0m             
┃ [34m│  [0m   [34m├─ [0m[32m✔ unit-pipewire.service-disabled[0m [90m[0m                  
┃ [34m│  [0m   [34m├─ [0m[32m✔ unit-pipewire.socket-disabled[0m [90m[0m                   
┃ [34m│  [0m   [34m├─ [0m[32m✔ unit-wireplumber.service-disabled[0m [90m[0m               
┃ [34m│  [0m   [34m│  [0m      [34m┌─ [0m[34m⏸ hm_fontconfigconf.d10hmfonts.conf[0m[90m waiting for [0m[33m1 ⏵[0m
┃ [34m│  [0m   [34m│  [0m   [34m┌─ [0m[34m⏸ home-manager-files[0m                         
┃ [34m│  [0m   [34m│  [0m[34m┌─ [0m[34m⏸ home-manager-generation[0m                       
┃ [34m│  [0m   [34m├─ [0m[34m⏸ unit-home-manager-licht.service[0m                  
┃ [34m│  [0m[34m┌─ [0m[34m⏸ system-units[0m                                        
┃ [34m│  [0m[34m│  [0m[34m┌─ [0m[1m[33m↓ ⏵ texinfo-7.2[0m[0m ⏱ 14s 5.4MiB/13.7MiB               [1m 39.3%[0m
┃ [34m│  [0m[34m│  [0m[34m├─ [0m[33m[1m⏵ home-manager-path[0m[0m ⏱ 4s (∅ 5s)                    
┃ [34m│  [0m[34m├─ [0m[34m⏸ user-environment[0m                                    
┃ [34m├─ [0m[34m⏸ etc[0m                                                    
┃ [34m├─ [0m[33m[1m⏵ perl-5.42.0-env[0m[0m ⏱ 4s (∅ 18s)                           
┃ [34m⏸ nixos-system-licht-26.05.20260907.93108a5[0m                 [0m
┣━━━ [1mBuilds          [0m │ [1mDownloads      [0m │ [1mHost                   [0m
┃    [33m⏵ [1m2[0m[0m │ [32m✔ [1m16[0m[0m │     │ [33m   [0m │ [32m   [0m │     │ [35m      localhost        [0m
┃    [33m   [0m │ [32m    [0m │     │ [33m↓ [1m1[0m[0m │ [32m↓ [1m9[0m[0m │     │ [35mcache.nixos.org (https)[0m
┗━ ∑ [33m⏵ [1m2[0m[0m │ [32m✔ [1m16[0m[0m │ [34m⏸ [1m9[0m[0m │ [33m↓ [1m1[0m[0m │ [32m↓ [1m9[0m[0m │ [34m⏸ 0[0m │ [1m⏱ 49s                  [0m[?2026l[?2026h[2K[1F[2K[1F[2K[1F[2K[1F[2K[1F[2K[1F[2K[1F[2K[1F[2K[1F[2K[1F[2K[1F[2K[1F[2K[1F[2K[1F[2K[1F[2K[1F[2K[1F[2K[1F[2K[1F[2K[1F[2K[1F[2K[1F[2K[1F[2K[1F[2K[0m┏━ [1mDependency Graph[0m:
┃ [34m┌─ [0m[32m✔ ensure-all-wrappers-paths-exist[0m [90m[0m                       
┃ [34m├─ [0m[32m✔ stage-2-init.sh[0m [90m[0m                                       
┃ [34m├─ [0m[34m⏸ activate[0m[90m waiting for [0m[33m1 ⏵[0m [33m1 ↓[0m                           
┃ [34m│  [0m   [34m┌─ [0m[32m✔ unit-console-getty.service-disabled[0m [90m[0m             
┃ [34m│  [0m   [34m├─ [0m[32m✔ unit-pipewire-pulse.service-disabled[0m [90m[0m            
┃ [34m│  [0m   [34m├─ [0m[32m✔ unit-pipewire-pulse.socket-disabled[0m [90m[0m             
┃ [34m│  [0m   [34m├─ [0m[32m✔ unit-pipewire.service-disabled[0m [90m[0m                  
┃ [34m│  [0m   [34m├─ [0m[32m✔ unit-pipewire.socket-disabled[0m [90m[0m                   
┃ [34m│  [0m   [34m├─ [0m[32m✔ unit-wireplumber.service-disabled[0m [90m[0m               
┃ [34m│  [0m   [34m│  [0m      [34m┌─ [0m[34m⏸ hm_fontconfigconf.d10hmfonts.conf[0m[90m waiting for [0m[33m1 ⏵[0m
┃ [34m│  [0m   [34m│  [0m   [34m┌─ [0m[34m⏸ home-manager-files[0m                         
┃ [34m│  [0m   [34m│  [0m[34m┌─ [0m[34m⏸ home-manager-generation[0m                       
┃ [34m│  [0m   [34m├─ [0m[34m⏸ unit-home-manager-licht.service[0m                  
┃ [34m│  [0m[34m┌─ [0m[34m⏸ system-units[0m                                        
┃ [34m│  [0m[34m│  [0m[34m┌─ [0m[1m[33m↓ ⏵ texinfo-7.2[0m[0m ⏱ 14s 5.5MiB/13.7MiB               [1m 40.3%[0m
┃ [34m│  [0m[34m│  [0m[34m├─ [0m[33m[1m⏵ home-manager-path[0m[0m ⏱ 4s (∅ 5s)                    
┃ [34m│  [0m[34m├─ [0m[34m⏸ user-environment[0m                                    
┃ [34m├─ [0m[34m⏸ etc[0m                                                    
┃ [34m├─ [0m[33m[1m⏵ perl-5.42.0-env[0m[0m ⏱ 4s (∅ 18s)                           
┃ [34m⏸ nixos-system-licht-26.05.20260907.93108a5[0m                 [0m
┣━━━ [1mBuilds          [0m │ [1mDownloads      [0m │ [1mHost                   [0m
┃    [33m⏵ [1m2[0m[0m │ [32m✔ [1m16[0m[0m │     │ [33m   [0m │ [32m   [0m │     │ [35m      localhost        [0m
┃    [33m   [0m │ [32m    [0m │     │ [33m↓ [1m1[0m[0m │ [32m↓ [1m9[0m[0m │     │ [35mcache.nixos.org (https)[0m
┗━ ∑ [33m⏵ [1m2[0m[0m │ [32m✔ [1m16[0m[0m │ [34m⏸ [1m9[0m[0m │ [33m↓ [1m1[0m[0m │ [32m↓ [1m9[0m[0m │ [34m⏸ 0[0m │ [1m⏱ 49s                  [0m[?2026l[?2026h[2K[1F[2K[1F[2K[1F[2K[1F[2K[1F[2K[1F[2K[1F[2K[1F[2K[1F[2K[1F[2K[1F[2K[1F[2K[1F[2K[1F[2K[1F[2K[1F[2K[1F[2K[1F[2K[1F[2K[1F[2K[1F[2K[1F[2K[1F[2K[1F[2K[0m┏━ [1mDependency Graph[0m:
┃ [34m┌─ [0m[32m✔ ensure-all-wrappers-paths-exist[0m [90m[0m                       
┃ [34m├─ [0m[32m✔ stage-2-init.sh[0m [90m[0m                                       
┃ [34m├─ [0m[34m⏸ activate[0m[90m waiting for [0m[33m1 ⏵[0m [33m1 ↓[0m                           
┃ [34m│  [0m   [34m┌─ [0m[32m✔ unit-console-getty.service-disabled[0m [90m[0m             
┃ [34m│  [0m   [34m├─ [0m[32m✔ unit-pipewire-pulse.service-disabled[0m [90m[0m            
┃ [34m│  [0m   [34m├─ [0m[32m✔ unit-pipewire-pulse.socket-disabled[0m [90m[0m             
┃ [34m│  [0m   [34m├─ [0m[32m✔ unit-pipewire.service-disabled[0m [90m[0m                  
┃ [34m│  [0m   [34m├─ [0m[32m✔ unit-pipewire.socket-disabled[0m [90m[0m                   
┃ [34m│  [0m   [34m├─ [0m[32m✔ unit-wireplumber.service-disabled[0m [90m[0m               
┃ [34m│  [0m   [34m│  [0m      [34m┌─ [0m[34m⏸ hm_fontconfigconf.d10hmfonts.conf[0m[90m waiting for [0m[33m1 ⏵[0m
┃ [34m│  [0m   [34m│  [0m   [34m┌─ [0m[34m⏸ home-manager-files[0m                         
┃ [34m│  [0m   [34m│  [0m[34m┌─ [0m[34m⏸ home-manager-generation[0m                       
┃ [34m│  [0m   [34m├─ [0m[34m⏸ unit-home-manager-licht.service[0m                  
┃ [34m│  [0m[34m┌─ [0m[34m⏸ system-units[0m                                        
┃ [34m│  [0m[34m│  [0m[34m┌─ [0m[1m[33m↓ ⏵ texinfo-7.2[0m[0m ⏱ 14s 5.5MiB/13.7MiB               [1m 40.3%[0m
┃ [34m│  [0m[34m│  [0m[34m├─ [0m[33m[1m⏵ home-manager-path[0m[0m ⏱ 4s (∅ 5s)                    
┃ [34m│  [0m[34m├─ [0m[34m⏸ user-environment[0m                                    
┃ [34m├─ [0m[34m⏸ etc[0m                                                    
┃ [34m├─ [0m[33m[1m⏵ perl-5.42.0-env[0m[0m ⏱ 4s (∅ 18s)                           
┃ [34m⏸ nixos-system-licht-26.05.20260907.93108a5[0m                 [0m
┣━━━ [1mBuilds          [0m │ [1mDownloads      [0m │ [1mHost                   [0m
┃    [33m⏵ [1m2[0m[0m │ [32m✔ [1m16[0m[0m │     │ [33m   [0m │ [32m   [0m │     │ [35m      localhost        [0m
┃    [33m   [0m │ [32m    [0m │     │ [33m↓ [1m1[0m[0m │ [32m↓ [1m9[0m[0m │     │ [35mcache.nixos.org (https)[0m
┗━ ∑ [33m⏵ [1m2[0m[0m │ [32m✔ [1m16[0m[0m │ [34m⏸ [1m9[0m[0m │ [33m↓ [1m1[0m[0m │ [32m↓ [1m9[0m[0m │ [34m⏸ 0[0m │ [1m⏱ 49s                  [0m[?2026l[?2026h[2K[1F[2K[1F[2K[1F[2K[1F[2K[1F[2K[1F[2K[1F[2K[1F[2K[1F[2K[1F[2K[1F[2K[1F[2K[1F[2K[1F[2K[1F[2K[1F[2K[1F[2K[1F[2K[1F[2K[1F[2K[1F[2K[1F[2K[1F[2K[1F[2K[0m┏━ [1mDependency Graph[0m:
┃ [34m┌─ [0m[32m✔ ensure-all-wrappers-paths-exist[0m [90m[0m                       
┃ [34m├─ [0m[32m✔ stage-2-init.sh[0m [90m[0m                                       
┃ [34m├─ [0m[34m⏸ activate[0m[90m waiting for [0m[33m1 ⏵[0m [33m1 ↓[0m                           
┃ [34m│  [0m   [34m┌─ [0m[32m✔ unit-console-getty.service-disabled[0m [90m[0m             
┃ [34m│  [0m   [34m├─ [0m[32m✔ unit-pipewire-pulse.service-disabled[0m [90m[0m            
┃ [34m│  [0m   [34m├─ [0m[32m✔ unit-pipewire-pulse.socket-disabled[0m [90m[0m             
┃ [34m│  [0m   [34m├─ [0m[32m✔ unit-pipewire.service-disabled[0m [90m[0m                  
┃ [34m│  [0m   [34m├─ [0m[32m✔ unit-pipewire.socket-disabled[0m [90m[0m                   
┃ [34m│  [0m   [34m├─ [0m[32m✔ unit-wireplumber.service-disabled[0m [90m[0m               
┃ [34m│  [0m   [34m│  [0m      [34m┌─ [0m[34m⏸ hm_fontconfigconf.d10hmfonts.conf[0m[90m waiting for [0m[33m1 ⏵[0m
┃ [34m│  [0m   [34m│  [0m   [34m┌─ [0m[34m⏸ home-manager-files[0m                         
┃ [34m│  [0m   [34m│  [0m[34m┌─ [0m[34m⏸ home-manager-generation[0m                       
┃ [34m│  [0m   [34m├─ [0m[34m⏸ unit-home-manager-licht.service[0m                  
┃ [34m│  [0m[34m┌─ [0m[34m⏸ system-units[0m                                        
┃ [34m│  [0m[34m│  [0m[34m┌─ [0m[1m[33m↓ ⏵ texinfo-7.2[0m[0m ⏱ 14s 5.6MiB/13.7MiB               [1m 41.2%[0m
┃ [34m│  [0m[34m│  [0m[34m├─ [0m[33m[1m⏵ home-manager-path[0m[0m ⏱ 4s (∅ 5s)                    
┃ [34m│  [0m[34m├─ [0m[34m⏸ user-environment[0m                                    
┃ [34m├─ [0m[34m⏸ etc[0m                                                    
┃ [34m├─ [0m[33m[1m⏵ perl-5.42.0-env[0m[0m ⏱ 4s (∅ 18s)                           
┃ [34m⏸ nixos-system-licht-26.05.20260907.93108a5[0m                 [0m
┣━━━ [1mBuilds          [0m │ [1mDownloads      [0m │ [1mHost                   [0m
┃    [33m⏵ [1m2[0m[0m │ [32m✔ [1m16[0m[0m │     │ [33m   [0m │ [32m   [0m │     │ [35m      localhost        [0m
┃    [33m   [0m │ [32m    [0m │     │ [33m↓ [1m1[0m[0m │ [32m↓ [1m9[0m[0m │     │ [35mcache.nixos.org (https)[0m
┗━ ∑ [33m⏵ [1m2[0m[0m │ [32m✔ [1m16[0m[0m │ [34m⏸ [1m9[0m[0m │ [33m↓ [1m1[0m[0m │ [32m↓ [1m9[0m[0m │ [34m⏸ 0[0m │ [1m⏱ 49s                  [0m[?2026l[?2026h[2K[1F[2K[1F[2K[1F[2K[1F[2K[1F[2K[1F[2K[1F[2K[1F[2K[1F[2K[1F[2K[1F[2K[1F[2K[1F[2K[1F[2K[1F[2K[1F[2K[1F[2K[1F[2K[1F[2K[1F[2K[1F[2K[1F[2K[1F[2K[1F[2K[0m┏━ [1mDependency Graph[0m:
┃ [34m┌─ [0m[32m✔ ensure-all-wrappers-paths-exist[0m [90m[0m                       
┃ [34m├─ [0m[32m✔ stage-2-init.sh[0m [90m[0m                                       
┃ [34m├─ [0m[34m⏸ activate[0m[90m waiting for [0m[33m1 ⏵[0m [33m1 ↓[0m                           
┃ [34m│  [0m   [34m┌─ [0m[32m✔ unit-console-getty.service-disabled[0m [90m[0m             
┃ [34m│  [0m   [34m├─ [0m[32m✔ unit-pipewire-pulse.service-disabled[0m [90m[0m            
┃ [34m│  [0m   [34m├─ [0m[32m✔ unit-pipewire-pulse.socket-disabled[0m [90m[0m             
┃ [34m│  [0m   [34m├─ [0m[32m✔ unit-pipewire.service-disabled[0m [90m[0m                  
┃ [34m│  [0m   [34m├─ [0m[32m✔ unit-pipewire.socket-disabled[0m [90m[0m                   
┃ [34m│  [0m   [34m├─ [0m[32m✔ unit-wireplumber.service-disabled[0m [90m[0m               
┃ [34m│  [0m   [34m│  [0m      [34m┌─ [0m[34m⏸ hm_fontconfigconf.d10hmfonts.conf[0m[90m waiting for [0m[33m1 ⏵[0m
┃ [34m│  [0m   [34m│  [0m   [34m┌─ [0m[34m⏸ home-manager-files[0m                         
┃ [34m│  [0m   [34m│  [0m[34m┌─ [0m[34m⏸ home-manager-generation[0m                       
┃ [34m│  [0m   [34m├─ [0m[34m⏸ unit-home-manager-licht.service[0m                  
┃ [34m│  [0m[34m┌─ [0m[34m⏸ system-units[0m                                        
┃ [34m│  [0m[34m│  [0m[34m┌─ [0m[1m[33m↓ ⏵ texinfo-7.2[0m[0m ⏱ 14s 5.6MiB/13.7MiB               [1m 41.2%[0m
┃ [34m│  [0m[34m│  [0m[34m├─ [0m[33m[1m⏵ home-manager-path[0m[0m ⏱ 4s (∅ 5s)                    
┃ [34m│  [0m[34m├─ [0m[34m⏸ user-environment[0m                                    
┃ [34m├─ [0m[34m⏸ etc[0m                                                    
┃ [34m├─ [0m[33m[1m⏵ perl-5.42.0-env[0m[0m ⏱ 5s (∅ 18s)                           
┃ [34m⏸ nixos-system-licht-26.05.20260907.93108a5[0m                 [0m
┣━━━ [1mBuilds          [0m │ [1mDownloads      [0m │ [1mHost                   [0m
┃    [33m⏵ [1m2[0m[0m │ [32m✔ [1m16[0m[0m │     │ [33m   [0m │ [32m   [0m │     │ [35m      localhost        [0m
┃    [33m   [0m │ [32m    [0m │     │ [33m↓ [1m1[0m[0m │ [32m↓ [1m9[0m[0m │     │ [35mcache.nixos.org (https)[0m
┗━ ∑ [33m⏵ [1m2[0m[0m │ [32m✔ [1m16[0m[0m │ [34m⏸ [1m9[0m[0m │ [33m↓ [1m1[0m[0m │ [32m↓ [1m9[0m[0m │ [34m⏸ 0[0m │ [1m⏱ 50s                  [0m[?2026l[?2026h[2K[1F[2K[1F[2K[1F[2K[1F[2K[1F[2K[1F[2K[1F[2K[1F[2K[1F[2K[1F[2K[1F[2K[1F[2K[1F[2K[1F[2K[1F[2K[1F[2K[1F[2K[1F[2K[1F[2K[1F[2K[1F[2K[1F[2K[1F[2K[1F[2K[0m┏━ [1mDependency Graph[0m:
┃ [34m┌─ [0m[32m✔ ensure-all-wrappers-paths-exist[0m [90m[0m                       
┃ [34m├─ [0m[32m✔ stage-2-init.sh[0m [90m[0m                                       
┃ [34m├─ [0m[34m⏸ activate[0m[90m waiting for [0m[33m1 ⏵[0m [33m1 ↓[0m                           
┃ [34m│  [0m   [34m┌─ [0m[32m✔ unit-console-getty.service-disabled[0m [90m[0m             
┃ [34m│  [0m   [34m├─ [0m[32m✔ unit-pipewire-pulse.service-disabled[0m [90m[0m            
┃ [34m│  [0m   [34m├─ [0m[32m✔ unit-pipewire-pulse.socket-disabled[0m [90m[0m             
┃ [34m│  [0m   [34m├─ [0m[32m✔ unit-pipewire.service-disabled[0m [90m[0m                  
┃ [34m│  [0m   [34m├─ [0m[32m✔ unit-pipewire.socket-disabled[0m [90m[0m                   
┃ [34m│  [0m   [34m├─ [0m[32m✔ unit-wireplumber.service-disabled[0m [90m[0m               
┃ [34m│  [0m   [34m│  [0m      [34m┌─ [0m[34m⏸ hm_fontconfigconf.d10hmfonts.conf[0m[90m waiting for [0m[33m1 ⏵[0m
┃ [34m│  [0m   [34m│  [0m   [34m┌─ [0m[34m⏸ home-manager-files[0m                         
┃ [34m│  [0m   [34m│  [0m[34m┌─ [0m[34m⏸ home-manager-generation[0m                       
┃ [34m│  [0m   [34m├─ [0m[34m⏸ unit-home-manager-licht.service[0m                  
┃ [34m│  [0m[34m┌─ [0m[34m⏸ system-units[0m                                        
┃ [34m│  [0m[34m│  [0m[34m┌─ [0m[1m[33m↓ ⏵ texinfo-7.2[0m[0m ⏱ 14s 5.8MiB/13.7MiB               [1m 42.1%[0m
┃ [34m│  [0m[34m│  [0m[34m├─ [0m[33m[1m⏵ home-manager-path[0m[0m ⏱ 4s (∅ 5s)                    
┃ [34m│  [0m[34m├─ [0m[34m⏸ user-environment[0m                                    
┃ [34m├─ [0m[34m⏸ etc[0m                                                    
┃ [34m├─ [0m[33m[1m⏵ perl-5.42.0-env[0m[0m ⏱ 5s (∅ 18s)                           
┃ [34m⏸ nixos-system-licht-26.05.20260907.93108a5[0m                 [0m
┣━━━ [1mBuilds          [0m │ [1mDownloads      [0m │ [1mHost                   [0m
┃    [33m⏵ [1m2[0m[0m │ [32m✔ [1m16[0m[0m │     │ [33m   [0m │ [32m   [0m │     │ [35m      localhost        [0m
┃    [33m   [0m │ [32m    [0m │     │ [33m↓ [1m1[0m[0m │ [32m↓ [1m9[0m[0m │     │ [35mcache.nixos.org (https)[0m
┗━ ∑ [33m⏵ [1m2[0m[0m │ [32m✔ [1m16[0m[0m │ [34m⏸ [1m9[0m[0m │ [33m↓ [1m1[0m[0m │ [32m↓ [1m9[0m[0m │ [34m⏸ 0[0m │ [1m⏱ 50s                  [0m[?2026l[?2026h[2K[1F[2K[1F[2K[1F[2K[1F[2K[1F[2K[1F[2K[1F[2K[1F[2K[1F[2K[1F[2K[1F[2K[1F[2K[1F[2K[1F[2K[1F[2K[1F[2K[1F[2K[1F[2K[1F[2K[1F[2K[1F[2K[1F[2K[1F[2K[1F[2K[0m┏━ [1mDependency Graph[0m:
┃ [34m┌─ [0m[32m✔ ensure-all-wrappers-paths-exist[0m [90m[0m                       
┃ [34m├─ [0m[32m✔ stage-2-init.sh[0m [90m[0m                                       
┃ [34m├─ [0m[34m⏸ activate[0m[90m waiting for [0m[33m1 ⏵[0m [33m1 ↓[0m                           
┃ [34m│  [0m   [34m┌─ [0m[32m✔ unit-console-getty.service-disabled[0m [90m[0m             
┃ [34m│  [0m   [34m├─ [0m[32m✔ unit-pipewire-pulse.service-disabled[0m [90m[0m            
┃ [34m│  [0m   [34m├─ [0m[32m✔ unit-pipewire-pulse.socket-disabled[0m [90m[0m             
┃ [34m│  [0m   [34m├─ [0m[32m✔ unit-pipewire.service-disabled[0m [90m[0m                  
┃ [34m│  [0m   [34m├─ [0m[32m✔ unit-pipewire.socket-disabled[0m [90m[0m                   
┃ [34m│  [0m   [34m├─ [0m[32m✔ unit-wireplumber.service-disabled[0m [90m[0m               
┃ [34m│  [0m   [34m│  [0m      [34m┌─ [0m[34m⏸ hm_fontconfigconf.d10hmfonts.conf[0m[90m waiting for [0m[33m1 ⏵[0m
┃ [34m│  [0m   [34m│  [0m   [34m┌─ [0m[34m⏸ home-manager-files[0m                         
┃ [34m│  [0m   [34m│  [0m[34m┌─ [0m[34m⏸ home-manager-generation[0m                       
┃ [34m│  [0m   [34m├─ [0m[34m⏸ unit-home-manager-licht.service[0m                  
┃ [34m│  [0m[34m┌─ [0m[34m⏸ system-units[0m                                        
┃ [34m│  [0m[34m│  [0m[34m┌─ [0m[1m[33m↓ ⏵ texinfo-7.2[0m[0m ⏱ 15s 5.8MiB/13.7MiB               [1m 42.1%[0m
┃ [34m│  [0m[34m│  [0m[34m├─ [0m[33m[1m⏵ home-manager-path[0m[0m ⏱ 4s (∅ 5s)                    
┃ [34m│  [0m[34m├─ [0m[34m⏸ user-environment[0m                                    
┃ [34m├─ [0m[34m⏸ etc[0m                                                    
┃ [34m├─ [0m[33m[1m⏵ perl-5.42.0-env[0m[0m ⏱ 5s (∅ 18s)                           
┃ [34m⏸ nixos-system-licht-26.05.20260907.93108a5[0m                 [0m
┣━━━ [1mBuilds          [0m │ [1mDownloads      [0m │ [1mHost                   [0m
┃    [33m⏵ [1m2[0m[0m │ [32m✔ [1m16[0m[0m │     │ [33m   [0m │ [32m   [0m │     │ [35m      localhost        [0m
┃    [33m   [0m │ [32m    [0m │     │ [33m↓ [1m1[0m[0m │ [32m↓ [1m9[0m[0m │     │ [35mcache.nixos.org (https)[0m
┗━ ∑ [33m⏵ [1m2[0m[0m │ [32m✔ [1m16[0m[0m │ [34m⏸ [1m9[0m[0m │ [33m↓ [1m1[0m[0m │ [32m↓ [1m9[0m[0m │ [34m⏸ 0[0m │ [1m⏱ 50s                  [0m[?2026l[?2026h[2K[1F[2K[1F[2K[1F[2K[1F[2K[1F[2K[1F[2K[1F[2K[1F[2K[1F[2K[1F[2K[1F[2K[1F[2K[1F[2K[1F[2K[1F[2K[1F[2K[1F[2K[1F[2K[1F[2K[1F[2K[1F[2K[1F[2K[1F[2K[1F[2K[0m┏━ [1mDependency Graph[0m:
┃ [34m┌─ [0m[32m✔ ensure-all-wrappers-paths-exist[0m [90m[0m                       
┃ [34m├─ [0m[32m✔ stage-2-init.sh[0m [90m[0m                                       
┃ [34m├─ [0m[34m⏸ activate[0m[90m waiting for [0m[33m1 ⏵[0m [33m1 ↓[0m                           
┃ [34m│  [0m   [34m┌─ [0m[32m✔ unit-console-getty.service-disabled[0m [90m[0m             
┃ [34m│  [0m   [34m├─ [0m[32m✔ unit-pipewire-pulse.service-disabled[0m [90m[0m            
┃ [34m│  [0m   [34m├─ [0m[32m✔ unit-pipewire-pulse.socket-disabled[0m [90m[0m             
┃ [34m│  [0m   [34m├─ [0m[32m✔ unit-pipewire.service-disabled[0m [90m[0m                  
┃ [34m│  [0m   [34m├─ [0m[32m✔ unit-pipewire.socket-disabled[0m [90m[0m                   
┃ [34m│  [0m   [34m├─ [0m[32m✔ unit-wireplumber.service-disabled[0m [90m[0m               
┃ [34m│  [0m   [34m│  [0m      [34m┌─ [0m[34m⏸ hm_fontconfigconf.d10hmfonts.conf[0m[90m waiting for [0m[33m1 ⏵[0m
┃ [34m│  [0m   [34m│  [0m   [34m┌─ [0m[34m⏸ home-manager-files[0m                         
┃ [34m│  [0m   [34m│  [0m[34m┌─ [0m[34m⏸ home-manager-generation[0m                       
┃ [34m│  [0m   [34m├─ [0m[34m⏸ unit-home-manager-licht.service[0m                  
┃ [34m│  [0m[34m┌─ [0m[34m⏸ system-units[0m                                        
┃ [34m│  [0m[34m│  [0m[34m┌─ [0m[1m[33m↓ ⏵ texinfo-7.2[0m[0m ⏱ 15s 5.8MiB/13.7MiB               [1m 42.1%[0m
┃ [34m│  [0m[34m│  [0m[34m├─ [0m[33m[1m⏵ home-manager-path[0m[0m ⏱ 4s (∅ 5s)                    
┃ [34m│  [0m[34m├─ [0m[34m⏸ user-environment[0m                                    
┃ [34m├─ [0m[34m⏸ etc[0m                                                    
┃ [34m├─ [0m[33m[1m⏵ perl-5.42.0-env[0m[0m ⏱ 5s (∅ 18s)                           
┃ [34m⏸ nixos-system-licht-26.05.20260907.93108a5[0m                 [0m
┣━━━ [1mBuilds          [0m │ [1mDownloads      [0m │ [1mHost                   [0m
┃    [33m⏵ [1m2[0m[0m │ [32m✔ [1m16[0m[0m │     │ [33m   [0m │ [32m   [0m │     │ [35m      localhost        [0m
┃    [33m   [0m │ [32m    [0m │     │ [33m↓ [1m1[0m[0m │ [32m↓ [1m9[0m[0m │     │ [35mcache.nixos.org (https)[0m
┗━ ∑ [33m⏵ [1m2[0m[0m │ [32m✔ [1m16[0m[0m │ [34m⏸ [1m9[0m[0m │ [33m↓ [1m1[0m[0m │ [32m↓ [1m9[0m[0m │ [34m⏸ 0[0m │ [1m⏱ 50s                  [0m[?2026l[?2026h[2K[1F[2K[1F[2K[1F[2K[1F[2K[1F[2K[1F[2K[1F[2K[1F[2K[1F[2K[1F[2K[1F[2K[1F[2K[1F[2K[1F[2K[1F[2K[1F[2K[1F[2K[1F[2K[1F[2K[1F[2K[1F[2K[1F[2K[1F[2K[1F[2K[0m┏━ [1mDependency Graph[0m:
┃ [34m┌─ [0m[32m✔ ensure-all-wrappers-paths-exist[0m [90m[0m                       
┃ [34m├─ [0m[32m✔ stage-2-init.sh[0m [90m[0m                                       
┃ [34m├─ [0m[34m⏸ activate[0m[90m waiting for [0m[33m1 ⏵[0m [33m1 ↓[0m                           
┃ [34m│  [0m   [34m┌─ [0m[32m✔ unit-console-getty.service-disabled[0m [90m[0m             
┃ [34m│  [0m   [34m├─ [0m[32m✔ unit-pipewire-pulse.service-disabled[0m [90m[0m            
┃ [34m│  [0m   [34m├─ [0m[32m✔ unit-pipewire-pulse.socket-disabled[0m [90m[0m             
┃ [34m│  [0m   [34m├─ [0m[32m✔ unit-pipewire.service-disabled[0m [90m[0m                  
┃ [34m│  [0m   [34m├─ [0m[32m✔ unit-pipewire.socket-disabled[0m [90m[0m                   
┃ [34m│  [0m   [34m├─ [0m[32m✔ unit-wireplumber.service-disabled[0m [90m[0m               
┃ [34m│  [0m   [34m│  [0m      [34m┌─ [0m[34m⏸ hm_fontconfigconf.d10hmfonts.conf[0m[90m waiting for [0m[33m1 ⏵[0m
┃ [34m│  [0m   [34m│  [0m   [34m┌─ [0m[34m⏸ home-manager-files[0m                         
┃ [34m│  [0m   [34m│  [0m[34m┌─ [0m[34m⏸ home-manager-generation[0m                       
┃ [34m│  [0m   [34m├─ [0m[34m⏸ unit-home-manager-licht.service[0m                  
┃ [34m│  [0m[34m┌─ [0m[34m⏸ system-units[0m                                        
┃ [34m│  [0m[34m│  [0m[34m┌─ [0m[1m[33m↓ ⏵ texinfo-7.2[0m[0m ⏱ 15s 5.9MiB/13.7MiB               [1m 43.0%[0m
┃ [34m│  [0m[34m│  [0m[34m├─ [0m[33m[1m⏵ home-manager-path[0m[0m ⏱ 4s (∅ 5s)                    
┃ [34m│  [0m[34m├─ [0m[34m⏸ user-environment[0m                                    
┃ [34m├─ [0m[34m⏸ etc[0m                                                    
┃ [34m├─ [0m[33m[1m⏵ perl-5.42.0-env[0m[0m ⏱ 5s (∅ 18s)                           
┃ [34m⏸ nixos-system-licht-26.05.20260907.93108a5[0m                 [0m
┣━━━ [1mBuilds          [0m │ [1mDownloads      [0m │ [1mHost                   [0m
┃    [33m⏵ [1m2[0m[0m │ [32m✔ [1m16[0m[0m │     │ [33m   [0m │ [32m   [0m │     │ [35m      localhost        [0m
┃    [33m   [0m │ [32m    [0m │     │ [33m↓ [1m1[0m[0m │ [32m↓ [1m9[0m[0m │     │ [35mcache.nixos.org (https)[0m
┗━ ∑ [33m⏵ [1m2[0m[0m │ [32m✔ [1m16[0m[0m │ [34m⏸ [1m9[0m[0m │ [33m↓ [1m1[0m[0m │ [32m↓ [1m9[0m[0m │ [34m⏸ 0[0m │ [1m⏱ 50s                  [0m[?2026l[?2026h[2K[1F[2K[1F[2K[1F[2K[1F[2K[1F[2K[1F[2K[1F[2K[1F[2K[1F[2K[1F[2K[1F[2K[1F[2K[1F[2K[1F[2K[1F[2K[1F[2K[1F[2K[1F[2K[1F[2K[1F[2K[1F[2K[1F[2K[1F[2K[1F[2K[0m┏━ [1mDependency Graph[0m:
┃ [34m┌─ [0m[32m✔ ensure-all-wrappers-paths-exist[0m [90m[0m                       
┃ [34m├─ [0m[32m✔ stage-2-init.sh[0m [90m[0m                                       
┃ [34m├─ [0m[34m⏸ activate[0m[90m waiting for [0m[33m1 ⏵[0m [33m1 ↓[0m                           
┃ [34m│  [0m   [34m┌─ [0m[32m✔ unit-console-getty.service-disabled[0m [90m[0m             
┃ [34m│  [0m   [34m├─ [0m[32m✔ unit-pipewire-pulse.service-disabled[0m [90m[0m            
┃ [34m│  [0m   [34m├─ [0m[32m✔ unit-pipewire-pulse.socket-disabled[0m [90m[0m             
┃ [34m│  [0m   [34m├─ [0m[32m✔ unit-pipewire.service-disabled[0m [90m[0m                  
┃ [34m│  [0m   [34m├─ [0m[32m✔ unit-pipewire.socket-disabled[0m [90m[0m                   
┃ [34m│  [0m   [34m├─ [0m[32m✔ unit-wireplumber.service-disabled[0m [90m[0m               
┃ [34m│  [0m   [34m│  [0m      [34m┌─ [0m[34m⏸ hm_fontconfigconf.d10hmfonts.conf[0m[90m waiting for [0m[33m1 ⏵[0m
┃ [34m│  [0m   [34m│  [0m   [34m┌─ [0m[34m⏸ home-manager-files[0m                         
┃ [34m│  [0m   [34m│  [0m[34m┌─ [0m[34m⏸ home-manager-generation[0m                       
┃ [34m│  [0m   [34m├─ [0m[34m⏸ unit-home-manager-licht.service[0m                  
┃ [34m│  [0m[34m┌─ [0m[34m⏸ system-units[0m                                        
┃ [34m│  [0m[34m│  [0m[34m┌─ [0m[1m[33m↓ ⏵ texinfo-7.2[0m[0m ⏱ 15s 5.9MiB/13.7MiB               [1m 43.0%[0m
┃ [34m│  [0m[34m│  [0m[34m├─ [0m[33m[1m⏵ home-manager-path[0m[0m ⏱ 4s (∅ 5s)                    
┃ [34m│  [0m[34m├─ [0m[34m⏸ user-environment[0m                                    
┃ [34m├─ [0m[34m⏸ etc[0m                                                    
┃ [34m├─ [0m[33m[1m⏵ perl-5.42.0-env[0m[0m ⏱ 5s (∅ 18s)                           
┃ [34m⏸ nixos-system-licht-26.05.20260907.93108a5[0m                 [0m
┣━━━ [1mBuilds          [0m │ [1mDownloads      [0m │ [1mHost                   [0m
┃    [33m⏵ [1m2[0m[0m │ [32m✔ [1m16[0m[0m │     │ [33m   [0m │ [32m   [0m │     │ [35m      localhost        [0m
┃    [33m   [0m │ [32m    [0m │     │ [33m↓ [1m1[0m[0m │ [32m↓ [1m9[0m[0m │     │ [35mcache.nixos.org (https)[0m
┗━ ∑ [33m⏵ [1m2[0m[0m │ [32m✔ [1m16[0m[0m │ [34m⏸ [1m9[0m[0m │ [33m↓ [1m1[0m[0m │ [32m↓ [1m9[0m[0m │ [34m⏸ 0[0m │ [1m⏱ 50s                  [0m[?2026l[?2026h[2K[1F[2K[1F[2K[1F[2K[1F[2K[1F[2K[1F[2K[1F[2K[1F[2K[1F[2K[1F[2K[1F[2K[1F[2K[1F[2K[1F[2K[1F[2K[1F[2K[1F[2K[1F[2K[1F[2K[1F[2K[1F[2K[1F[2K[1F[2K[1F[2K[0m┏━ [1mDependency Graph[0m:
┃ [34m┌─ [0m[32m✔ ensure-all-wrappers-paths-exist[0m [90m[0m                       
┃ [34m├─ [0m[32m✔ stage-2-init.sh[0m [90m[0m                                       
┃ [34m├─ [0m[34m⏸ activate[0m[90m waiting for [0m[33m1 ⏵[0m [33m1 ↓[0m                           
┃ [34m│  [0m   [34m┌─ [0m[32m✔ unit-console-getty.service-disabled[0m [90m[0m             
┃ [34m│  [0m   [34m├─ [0m[32m✔ unit-pipewire-pulse.service-disabled[0m [90m[0m            
┃ [34m│  [0m   [34m├─ [0m[32m✔ unit-pipewire-pulse.socket-disabled[0m [90m[0m             
┃ [34m│  [0m   [34m├─ [0m[32m✔ unit-pipewire.service-disabled[0m [90m[0m                  
┃ [34m│  [0m   [34m├─ [0m[32m✔ unit-pipewire.socket-disabled[0m [90m[0m                   
┃ [34m│  [0m   [34m├─ [0m[32m✔ unit-wireplumber.service-disabled[0m [90m[0m               
┃ [34m│  [0m   [34m│  [0m      [34m┌─ [0m[34m⏸ hm_fontconfigconf.d10hmfonts.conf[0m[90m waiting for [0m[33m1 ⏵[0m
┃ [34m│  [0m   [34m│  [0m   [34m┌─ [0m[34m⏸ home-manager-files[0m                         
┃ [34m│  [0m   [34m│  [0m[34m┌─ [0m[34m⏸ home-manager-generation[0m                       
┃ [34m│  [0m   [34m├─ [0m[34m⏸ unit-home-manager-licht.service[0m                  
┃ [34m│  [0m[34m┌─ [0m[34m⏸ system-units[0m                                        
┃ [34m│  [0m[34m│  [0m[34m┌─ [0m[1m[33m↓ ⏵ texinfo-7.2[0m[0m ⏱ 15s 6.0MiB/13.7MiB               [1m 43.9%[0m
┃ [34m│  [0m[34m│  [0m[34m├─ [0m[33m[1m⏵ home-manager-path[0m[0m ⏱ 4s (∅ 5s)                    
┃ [34m│  [0m[34m├─ [0m[34m⏸ user-environment[0m                                    
┃ [34m├─ [0m[34m⏸ etc[0m                                                    
┃ [34m├─ [0m[33m[1m⏵ perl-5.42.0-env[0m[0m ⏱ 5s (∅ 18s)                           
┃ [34m⏸ nixos-system-licht-26.05.20260907.93108a5[0m                 [0m
┣━━━ [1mBuilds          [0m │ [1mDownloads      [0m │ [1mHost                   [0m
┃    [33m⏵ [1m2[0m[0m │ [32m✔ [1m16[0m[0m │     │ [33m   [0m │ [32m   [0m │     │ [35m      localhost        [0m
┃    [33m   [0m │ [32m    [0m │     │ [33m↓ [1m1[0m[0m │ [32m↓ [1m9[0m[0m │     │ [35mcache.nixos.org (https)[0m
┗━ ∑ [33m⏵ [1m2[0m[0m │ [32m✔ [1m16[0m[0m │ [34m⏸ [1m9[0m[0m │ [33m↓ [1m1[0m[0m │ [32m↓ [1m9[0m[0m │ [34m⏸ 0[0m │ [1m⏱ 50s                  [0m[?2026l[?2026h[2K[1F[2K[1F[2K[1F[2K[1F[2K[1F[2K[1F[2K[1F[2K[1F[2K[1F[2K[1F[2K[1F[2K[1F[2K[1F[2K[1F[2K[1F[2K[1F[2K[1F[2K[1F[2K[1F[2K[1F[2K[1F[2K[1F[2K[1F[2K[1F[2K[0m┏━ [1mDependency Graph[0m:
┃ [34m┌─ [0m[32m✔ ensure-all-wrappers-paths-exist[0m [90m[0m                       
┃ [34m├─ [0m[32m✔ stage-2-init.sh[0m [90m[0m                                       
┃ [34m├─ [0m[34m⏸ activate[0m[90m waiting for [0m[33m1 ⏵[0m [33m1 ↓[0m                           
┃ [34m│  [0m   [34m┌─ [0m[32m✔ unit-console-getty.service-disabled[0m [90m[0m             
┃ [34m│  [0m   [34m├─ [0m[32m✔ unit-pipewire-pulse.service-disabled[0m [90m[0m            
┃ [34m│  [0m   [34m├─ [0m[32m✔ unit-pipewire-pulse.socket-disabled[0m [90m[0m             
┃ [34m│  [0m   [34m├─ [0m[32m✔ unit-pipewire.service-disabled[0m [90m[0m                  
┃ [34m│  [0m   [34m├─ [0m[32m✔ unit-pipewire.socket-disabled[0m [90m[0m                   
┃ [34m│  [0m   [34m├─ [0m[32m✔ unit-wireplumber.service-disabled[0m [90m[0m               
┃ [34m│  [0m   [34m│  [0m      [34m┌─ [0m[34m⏸ hm_fontconfigconf.d10hmfonts.conf[0m[90m waiting for [0m[33m1 ⏵[0m
┃ [34m│  [0m   [34m│  [0m   [34m┌─ [0m[34m⏸ home-manager-files[0m                         
┃ [34m│  [0m   [34m│  [0m[34m┌─ [0m[34m⏸ home-manager-generation[0m                       
┃ [34m│  [0m   [34m├─ [0m[34m⏸ unit-home-manager-licht.service[0m                  
┃ [34m│  [0m[34m┌─ [0m[34m⏸ system-units[0m                                        
┃ [34m│  [0m[34m│  [0m[34m┌─ [0m[1m[33m↓ ⏵ texinfo-7.2[0m[0m ⏱ 15s 6.0MiB/13.7MiB               [1m 43.9%[0m
┃ [34m│  [0m[34m│  [0m[34m├─ [0m[33m[1m⏵ home-manager-path[0m[0m ⏱ 4s (∅ 5s)                    
┃ [34m│  [0m[34m├─ [0m[34m⏸ user-environment[0m                                    
┃ [34m├─ [0m[34m⏸ etc[0m                                                    
┃ [34m├─ [0m[33m[1m⏵ perl-5.42.0-env[0m[0m ⏱ 5s (∅ 18s)                           
┃ [34m⏸ nixos-system-licht-26.05.20260907.93108a5[0m                 [0m
┣━━━ [1mBuilds          [0m │ [1mDownloads      [0m │ [1mHost                   [0m
┃    [33m⏵ [1m2[0m[0m │ [32m✔ [1m16[0m[0m │     │ [33m   [0m │ [32m   [0m │     │ [35m      localhost        [0m
┃    [33m   [0m │ [32m    [0m │     │ [33m↓ [1m1[0m[0m │ [32m↓ [1m9[0m[0m │     │ [35mcache.nixos.org (https)[0m
┗━ ∑ [33m⏵ [1m2[0m[0m │ [32m✔ [1m16[0m[0m │ [34m⏸ [1m9[0m[0m │ [33m↓ [1m1[0m[0m │ [32m↓ [1m9[0m[0m │ [34m⏸ 0[0m │ [1m⏱ 50s                  [0m[?2026l[?2026h[2K[1F[2K[1F[2K[1F[2K[1F[2K[1F[2K[1F[2K[1F[2K[1F[2K[1F[2K[1F[2K[1F[2K[1F[2K[1F[2K[1F[2K[1F[2K[1F[2K[1F[2K[1F[2K[1F[2K[1F[2K[1F[2K[1F[2K[1F[2K[1F[2K[0m┏━ [1mDependency Graph[0m:
┃ [34m┌─ [0m[32m✔ ensure-all-wrappers-paths-exist[0m [90m[0m                       
┃ [34m├─ [0m[32m✔ stage-2-init.sh[0m [90m[0m                                       
┃ [34m├─ [0m[34m⏸ activate[0m[90m waiting for [0m[33m1 ⏵[0m [33m1 ↓[0m                           
┃ [34m│  [0m   [34m┌─ [0m[32m✔ unit-console-getty.service-disabled[0m [90m[0m             
┃ [34m│  [0m   [34m├─ [0m[32m✔ unit-pipewire-pulse.service-disabled[0m [90m[0m            
┃ [34m│  [0m   [34m├─ [0m[32m✔ unit-pipewire-pulse.socket-disabled[0m [90m[0m             
┃ [34m│  [0m   [34m├─ [0m[32m✔ unit-pipewire.service-disabled[0m [90m[0m                  
┃ [34m│  [0m   [34m├─ [0m[32m✔ unit-pipewire.socket-disabled[0m [90m[0m                   
┃ [34m│  [0m   [34m├─ [0m[32m✔ unit-wireplumber.service-disabled[0m [90m[0m               
┃ [34m│  [0m   [34m│  [0m      [34m┌─ [0m[34m⏸ hm_fontconfigconf.d10hmfonts.conf[0m[90m waiting for [0m[33m1 ⏵[0m
┃ [34m│  [0m   [34m│  [0m   [34m┌─ [0m[34m⏸ home-manager-files[0m                         
┃ [34m│  [0m   [34m│  [0m[34m┌─ [0m[34m⏸ home-manager-generation[0m                       
┃ [34m│  [0m   [34m├─ [0m[34m⏸ unit-home-manager-licht.service[0m                  
┃ [34m│  [0m[34m┌─ [0m[34m⏸ system-units[0m                                        
┃ [34m│  [0m[34m│  [0m[34m┌─ [0m[1m[33m↓ ⏵ texinfo-7.2[0m[0m ⏱ 15s 6.1MiB/13.7MiB               [1m 44.8%[0m
┃ [34m│  [0m[34m│  [0m[34m├─ [0m[33m[1m⏵ home-manager-path[0m[0m ⏱ 5s (∅ 5s)                    
┃ [34m│  [0m[34m├─ [0m[34m⏸ user-environment[0m                                    
┃ [34m├─ [0m[34m⏸ etc[0m                                                    
┃ [34m├─ [0m[33m[1m⏵ perl-5.42.0-env[0m[0m ⏱ 5s (∅ 18s)                           
┃ [34m⏸ nixos-system-licht-26.05.20260907.93108a5[0m                 [0m
┣━━━ [1mBuilds          [0m │ [1mDownloads      [0m │ [1mHost                   [0m
┃    [33m⏵ [1m2[0m[0m │ [32m✔ [1m16[0m[0m │     │ [33m   [0m │ [32m   [0m │     │ [35m      localhost        [0m
┃    [33m   [0m │ [32m    [0m │     │ [33m↓ [1m1[0m[0m │ [32m↓ [1m9[0m[0m │     │ [35mcache.nixos.org (https)[0m
┗━ ∑ [33m⏵ [1m2[0m[0m │ [32m✔ [1m16[0m[0m │ [34m⏸ [1m9[0m[0m │ [33m↓ [1m1[0m[0m │ [32m↓ [1m9[0m[0m │ [34m⏸ 0[0m │ [1m⏱ 50s                  [0m[?2026l[?2026h[2K[1F[2K[1F[2K[1F[2K[1F[2K[1F[2K[1F[2K[1F[2K[1F[2K[1F[2K[1F[2K[1F[2K[1F[2K[1F[2K[1F[2K[1F[2K[1F[2K[1F[2K[1F[2K[1F[2K[1F[2K[1F[2K[1F[2K[1F[2K[1F[2K[0m┏━ [1mDependency Graph[0m:
┃ [34m┌─ [0m[32m✔ ensure-all-wrappers-paths-exist[0m [90m[0m                       
┃ [34m├─ [0m[32m✔ stage-2-init.sh[0m [90m[0m                                       
┃ [34m├─ [0m[34m⏸ activate[0m[90m waiting for [0m[33m1 ⏵[0m [33m1 ↓[0m                           
┃ [34m│  [0m   [34m┌─ [0m[32m✔ unit-console-getty.service-disabled[0m [90m[0m             
┃ [34m│  [0m   [34m├─ [0m[32m✔ unit-pipewire-pulse.service-disabled[0m [90m[0m            
┃ [34m│  [0m   [34m├─ [0m[32m✔ unit-pipewire-pulse.socket-disabled[0m [90m[0m             
┃ [34m│  [0m   [34m├─ [0m[32m✔ unit-pipewire.service-disabled[0m [90m[0m                  
┃ [34m│  [0m   [34m├─ [0m[32m✔ unit-pipewire.socket-disabled[0m [90m[0m                   
┃ [34m│  [0m   [34m├─ [0m[32m✔ unit-wireplumber.service-disabled[0m [90m[0m               
┃ [34m│  [0m   [34m│  [0m      [34m┌─ [0m[34m⏸ hm_fontconfigconf.d10hmfonts.conf[0m[90m waiting for [0m[33m1 ⏵[0m
┃ [34m│  [0m   [34m│  [0m   [34m┌─ [0m[34m⏸ home-manager-files[0m                         
┃ [34m│  [0m   [34m│  [0m[34m┌─ [0m[34m⏸ home-manager-generation[0m                       
┃ [34m│  [0m   [34m├─ [0m[34m⏸ unit-home-manager-licht.service[0m                  
┃ [34m│  [0m[34m┌─ [0m[34m⏸ system-units[0m                                        
┃ [34m│  [0m[34m│  [0m[34m┌─ [0m[1m[33m↓ ⏵ texinfo-7.2[0m[0m ⏱ 15s 6.1MiB/13.7MiB               [1m 44.8%[0m
┃ [34m│  [0m[34m│  [0m[34m├─ [0m[33m[1m⏵ home-manager-path[0m[0m ⏱ 5s (∅ 5s)                    
┃ [34m│  [0m[34m├─ [0m[34m⏸ user-environment[0m                                    
┃ [34m├─ [0m[34m⏸ etc[0m                                                    
┃ [34m├─ [0m[33m[1m⏵ perl-5.42.0-env[0m[0m ⏱ 5s (∅ 18s)                           
┃ [34m⏸ nixos-system-licht-26.05.20260907.93108a5[0m                 [0m
┣━━━ [1mBuilds          [0m │ [1mDownloads      [0m │ [1mHost                   [0m
┃    [33m⏵ [1m2[0m[0m │ [32m✔ [1m16[0m[0m │     │ [33m   [0m │ [32m   [0m │     │ [35m      localhost        [0m
┃    [33m   [0m │ [32m    [0m │     │ [33m↓ [1m1[0m[0m │ [32m↓ [1m9[0m[0m │     │ [35mcache.nixos.org (https)[0m
┗━ ∑ [33m⏵ [1m2[0m[0m │ [32m✔ [1m16[0m[0m │ [34m⏸ [1m9[0m[0m │ [33m↓ [1m1[0m[0m │ [32m↓ [1m9[0m[0m │ [34m⏸ 0[0m │ [1m⏱ 50s                  [0m[?2026l[?2026h[2K[1F[2K[1F[2K[1F[2K[1F[2K[1F[2K[1F[2K[1F[2K[1F[2K[1F[2K[1F[2K[1F[2K[1F[2K[1F[2K[1F[2K[1F[2K[1F[2K[1F[2K[1F[2K[1F[2K[1F[2K[1F[2K[1F[2K[1F[2K[1F[2K[0m┏━ [1mDependency Graph[0m:
┃ [34m┌─ [0m[32m✔ ensure-all-wrappers-paths-exist[0m [90m[0m                       
┃ [34m├─ [0m[32m✔ stage-2-init.sh[0m [90m[0m                                       
┃ [34m├─ [0m[34m⏸ activate[0m[90m waiting for [0m[33m1 ⏵[0m [33m1 ↓[0m                           
┃ [34m│  [0m   [34m┌─ [0m[32m✔ unit-console-getty.service-disabled[0m [90m[0m             
┃ [34m│  [0m   [34m├─ [0m[32m✔ unit-pipewire-pulse.service-disabled[0m [90m[0m            
┃ [34m│  [0m   [34m├─ [0m[32m✔ unit-pipewire-pulse.socket-disabled[0m [90m[0m             
┃ [34m│  [0m   [34m├─ [0m[32m✔ unit-pipewire.service-disabled[0m [90m[0m                  
┃ [34m│  [0m   [34m├─ [0m[32m✔ unit-pipewire.socket-disabled[0m [90m[0m                   
┃ [34m│  [0m   [34m├─ [0m[32m✔ unit-wireplumber.service-disabled[0m [90m[0m               
┃ [34m│  [0m   [34m│  [0m      [34m┌─ [0m[34m⏸ hm_fontconfigconf.d10hmfonts.conf[0m[90m waiting for [0m[33m1 ⏵[0m
┃ [34m│  [0m   [34m│  [0m   [34m┌─ [0m[34m⏸ home-manager-files[0m                         
┃ [34m│  [0m   [34m│  [0m[34m┌─ [0m[34m⏸ home-manager-generation[0m                       
┃ [34m│  [0m   [34m├─ [0m[34m⏸ unit-home-manager-licht.service[0m                  
┃ [34m│  [0m[34m┌─ [0m[34m⏸ system-units[0m                                        
┃ [34m│  [0m[34m│  [0m[34m┌─ [0m[1m[33m↓ ⏵ texinfo-7.2[0m[0m ⏱ 15s 6.1MiB/13.7MiB               [1m 44.8%[0m
┃ [34m│  [0m[34m│  [0m[34m├─ [0m[33m[1m⏵ home-manager-path[0m[0m ⏱ 5s (∅ 5s)                    
┃ [34m│  [0m[34m├─ [0m[34m⏸ user-environment[0m                                    
┃ [34m├─ [0m[34m⏸ etc[0m                                                    
┃ [34m├─ [0m[33m[1m⏵ perl-5.42.0-env[0m[0m ⏱ 5s (∅ 18s)                           
┃ [34m⏸ nixos-system-licht-26.05.20260907.93108a5[0m                 [0m
┣━━━ [1mBuilds          [0m │ [1mDownloads      [0m │ [1mHost                   [0m
┃    [33m⏵ [1m2[0m[0m │ [32m✔ [1m16[0m[0m │     │ [33m   [0m │ [32m   [0m │     │ [35m      localhost        [0m
┃    [33m   [0m │ [32m    [0m │     │ [33m↓ [1m1[0m[0m │ [32m↓ [1m9[0m[0m │     │ [35mcache.nixos.org (https)[0m
┗━ ∑ [33m⏵ [1m2[0m[0m │ [32m✔ [1m16[0m[0m │ [34m⏸ [1m9[0m[0m │ [33m↓ [1m1[0m[0m │ [32m↓ [1m9[0m[0m │ [34m⏸ 0[0m │ [1m⏱ 50s                  [0m[?2026l[?2026h[2K[1F[2K[1F[2K[1F[2K[1F[2K[1F[2K[1F[2K[1F[2K[1F[2K[1F[2K[1F[2K[1F[2K[1F[2K[1F[2K[1F[2K[1F[2K[1F[2K[1F[2K[1F[2K[1F[2K[1F[2K[1F[2K[1F[2K[1F[2K[1F[2K[0m┏━ [1mDependency Graph[0m:
┃ [34m┌─ [0m[32m✔ ensure-all-wrappers-paths-exist[0m [90m[0m                       
┃ [34m├─ [0m[32m✔ stage-2-init.sh[0m [90m[0m                                       
┃ [34m├─ [0m[34m⏸ activate[0m[90m waiting for [0m[33m1 ⏵[0m [33m1 ↓[0m                           
┃ [34m│  [0m   [34m┌─ [0m[32m✔ unit-console-getty.service-disabled[0m [90m[0m             
┃ [34m│  [0m   [34m├─ [0m[32m✔ unit-pipewire-pulse.service-disabled[0m [90m[0m            
┃ [34m│  [0m   [34m├─ [0m[32m✔ unit-pipewire-pulse.socket-disabled[0m [90m[0m             
┃ [34m│  [0m   [34m├─ [0m[32m✔ unit-pipewire.service-disabled[0m [90m[0m                  
┃ [34m│  [0m   [34m├─ [0m[32m✔ unit-pipewire.socket-disabled[0m [90m[0m                   
┃ [34m│  [0m   [34m├─ [0m[32m✔ unit-wireplumber.service-disabled[0m [90m[0m               
┃ [34m│  [0m   [34m│  [0m      [34m┌─ [0m[34m⏸ hm_fontconfigconf.d10hmfonts.conf[0m[90m waiting for [0m[33m1 ⏵[0m
┃ [34m│  [0m   [34m│  [0m   [34m┌─ [0m[34m⏸ home-manager-files[0m                         
┃ [34m│  [0m   [34m│  [0m[34m┌─ [0m[34m⏸ home-manager-generation[0m                       
┃ [34m│  [0m   [34m├─ [0m[34m⏸ unit-home-manager-licht.service[0m                  
┃ [34m│  [0m[34m┌─ [0m[34m⏸ system-units[0m                                        
┃ [34m│  [0m[34m│  [0m[34m┌─ [0m[1m[33m↓ ⏵ texinfo-7.2[0m[0m ⏱ 15s 6.2MiB/13.7MiB               [1m 45.8%[0m
┃ [34m│  [0m[34m│  [0m[34m├─ [0m[33m[1m⏵ home-manager-path[0m[0m ⏱ 5s (∅ 5s)                    
┃ [34m│  [0m[34m├─ [0m[34m⏸ user-environment[0m                                    
┃ [34m├─ [0m[34m⏸ etc[0m                                                    
┃ [34m├─ [0m[33m[1m⏵ perl-5.42.0-env[0m[0m ⏱ 5s (∅ 18s)                           
┃ [34m⏸ nixos-system-licht-26.05.20260907.93108a5[0m                 [0m
┣━━━ [1mBuilds          [0m │ [1mDownloads      [0m │ [1mHost                   [0m
┃    [33m⏵ [1m2[0m[0m │ [32m✔ [1m16[0m[0m │     │ [33m   [0m │ [32m   [0m │     │ [35m      localhost        [0m
┃    [33m   [0m │ [32m    [0m │     │ [33m↓ [1m1[0m[0m │ [32m↓ [1m9[0m[0m │     │ [35mcache.nixos.org (https)[0m
┗━ ∑ [33m⏵ [1m2[0m[0m │ [32m✔ [1m16[0m[0m │ [34m⏸ [1m9[0m[0m │ [33m↓ [1m1[0m[0m │ [32m↓ [1m9[0m[0m │ [34m⏸ 0[0m │ [1m⏱ 50s                  [0m[?2026l[?2026h[2K[1F[2K[1F[2K[1F[2K[1F[2K[1F[2K[1F[2K[1F[2K[1F[2K[1F[2K[1F[2K[1F[2K[1F[2K[1F[2K[1F[2K[1F[2K[1F[2K[1F[2K[1F[2K[1F[2K[1F[2K[1F[2K[1F[2K[1F[2K[1F[2K[0m┏━ [1mDependency Graph[0m:
┃ [34m┌─ [0m[32m✔ ensure-all-wrappers-paths-exist[0m [90m[0m                       
┃ [34m├─ [0m[32m✔ stage-2-init.sh[0m [90m[0m                                       
┃ [34m├─ [0m[34m⏸ activate[0m[90m waiting for [0m[33m1 ⏵[0m [33m1 ↓[0m                           
┃ [34m│  [0m   [34m┌─ [0m[32m✔ unit-console-getty.service-disabled[0m [90m[0m             
┃ [34m│  [0m   [34m├─ [0m[32m✔ unit-pipewire-pulse.service-disabled[0m [90m[0m            
┃ [34m│  [0m   [34m├─ [0m[32m✔ unit-pipewire-pulse.socket-disabled[0m [90m[0m             
┃ [34m│  [0m   [34m├─ [0m[32m✔ unit-pipewire.service-disabled[0m [90m[0m                  
┃ [34m│  [0m   [34m├─ [0m[32m✔ unit-pipewire.socket-disabled[0m [90m[0m                   
┃ [34m│  [0m   [34m├─ [0m[32m✔ unit-wireplumber.service-disabled[0m [90m[0m               
┃ [34m│  [0m   [34m│  [0m      [34m┌─ [0m[34m⏸ hm_fontconfigconf.d10hmfonts.conf[0m[90m waiting for [0m[33m1 ⏵[0m
┃ [34m│  [0m   [34m│  [0m   [34m┌─ [0m[34m⏸ home-manager-files[0m                         
┃ [34m│  [0m   [34m│  [0m[34m┌─ [0m[34m⏸ home-manager-generation[0m                       
┃ [34m│  [0m   [34m├─ [0m[34m⏸ unit-home-manager-licht.service[0m                  
┃ [34m│  [0m[34m┌─ [0m[34m⏸ system-units[0m                                        
┃ [34m│  [0m[34m│  [0m[34m┌─ [0m[1m[33m↓ ⏵ texinfo-7.2[0m[0m ⏱ 15s 6.4MiB/13.7MiB               [1m 46.7%[0m
┃ [34m│  [0m[34m│  [0m[34m├─ [0m[33m[1m⏵ home-manager-path[0m[0m ⏱ 5s (∅ 5s)                    
┃ [34m│  [0m[34m├─ [0m[34m⏸ user-environment[0m                                    
┃ [34m├─ [0m[34m⏸ etc[0m                                                    
┃ [34m├─ [0m[33m[1m⏵ perl-5.42.0-env[0m[0m ⏱ 5s (∅ 18s)                           
┃ [34m⏸ nixos-system-licht-26.05.20260907.93108a5[0m                 [0m
┣━━━ [1mBuilds          [0m │ [1mDownloads      [0m │ [1mHost                   [0m
┃    [33m⏵ [1m2[0m[0m │ [32m✔ [1m16[0m[0m │     │ [33m   [0m │ [32m   [0m │     │ [35m      localhost        [0m
┃    [33m   [0m │ [32m    [0m │     │ [33m↓ [1m1[0m[0m │ [32m↓ [1m9[0m[0m │     │ [35mcache.nixos.org (https)[0m
┗━ ∑ [33m⏵ [1m2[0m[0m │ [32m✔ [1m16[0m[0m │ [34m⏸ [1m9[0m[0m │ [33m↓ [1m1[0m[0m │ [32m↓ [1m9[0m[0m │ [34m⏸ 0[0m │ [1m⏱ 50s                  [0m[?2026l[?2026h[2K[1F[2K[1F[2K[1F[2K[1F[2K[1F[2K[1F[2K[1F[2K[1F[2K[1F[2K[1F[2K[1F[2K[1F[2K[1F[2K[1F[2K[1F[2K[1F[2K[1F[2K[1F[2K[1F[2K[1F[2K[1F[2K[1F[2K[1F[2K[1F[2K[0m┏━ [1mDependency Graph[0m:
┃ [34m┌─ [0m[32m✔ ensure-all-wrappers-paths-exist[0m [90m[0m                       
┃ [34m├─ [0m[32m✔ stage-2-init.sh[0m [90m[0m                                       
┃ [34m├─ [0m[34m⏸ activate[0m[90m waiting for [0m[33m1 ↓[0m                               
┃ [34m│  [0m   [34m┌─ [0m[32m✔ unit-console-getty.service-disabled[0m [90m[0m             
┃ [34m│  [0m   [34m├─ [0m[32m✔ unit-pipewire-pulse.service-disabled[0m [90m[0m            
┃ [34m│  [0m   [34m├─ [0m[32m✔ unit-pipewire-pulse.socket-disabled[0m [90m[0m             
┃ [34m│  [0m   [34m├─ [0m[32m✔ unit-pipewire.service-disabled[0m [90m[0m                  
┃ [34m│  [0m   [34m├─ [0m[32m✔ unit-pipewire.socket-disabled[0m [90m[0m                   
┃ [34m│  [0m   [34m├─ [0m[32m✔ unit-wireplumber.service-disabled[0m [90m[0m               
┃ [34m│  [0m   [34m│  [0m      [34m┌─ [0m[34m⏸ hm_fontconfigconf.d10hmfonts.conf[0m       
┃ [34m│  [0m   [34m│  [0m   [34m┌─ [0m[34m⏸ home-manager-files[0m                         
┃ [34m│  [0m   [34m│  [0m[34m┌─ [0m[34m⏸ home-manager-generation[0m                       
┃ [34m│  [0m   [34m├─ [0m[34m⏸ unit-home-manager-licht.service[0m                  
┃ [34m│  [0m[34m┌─ [0m[34m⏸ system-units[0m                                        
┃ [34m│  [0m[34m│  [0m[34m┌─ [0m[1m[33m↓ ⏵ texinfo-7.2[0m[0m ⏱ 15s 6.4MiB/13.7MiB               [1m 46.7%[0m
┃ [34m│  [0m[34m│  [0m[34m├─ [0m[32m✔ home-manager-path[0m [90m⏱ 5s[0m                           
┃ [34m│  [0m[34m├─ [0m[34m⏸ user-environment[0m                                    
┃ [34m├─ [0m[34m⏸ etc[0m                                                    
┃ [34m├─ [0m[33m[1m⏵ perl-5.42.0-env[0m[0m ⏱ 5s (∅ 18s)                           
┃ [34m⏸ nixos-system-licht-26.05.20260907.93108a5[0m                 [0m
┣━━━ [1mBuilds          [0m │ [1mDownloads      [0m │ [1mHost                   [0m
┃    [33m⏵ [1m1[0m[0m │ [32m✔ [1m17[0m[0m │     │ [33m   [0m │ [32m   [0m │     │ [35m      localhost        [0m
┃    [33m   [0m │ [32m    [0m │     │ [33m↓ [1m1[0m[0m │ [32m↓ [1m9[0m[0m │     │ [35mcache.nixos.org (https)[0m
┗━ ∑ [33m⏵ [1m1[0m[0m │ [32m✔ [1m17[0m[0m │ [34m⏸ [1m9[0m[0m │ [33m↓ [1m1[0m[0m │ [32m↓ [1m9[0m[0m │ [34m⏸ 0[0m │ [1m⏱ 50s                  [0m[?2026l[?2026h[2K[1F[2K[1F[2K[1F[2K[1F[2K[1F[2K[1F[2K[1F[2K[1F[2K[1F[2K[1F[2K[1F[2K[1F[2K[1F[2K[1F[2K[1F[2K[1F[2K[1F[2K[1F[2K[1F[2K[1F[2K[1F[2K[1F[2K[1F[2K[1F[2K[0m┏━ [1mDependency Graph[0m:
┃ [34m┌─ [0m[32m✔ ensure-all-wrappers-paths-exist[0m [90m[0m                       
┃ [34m├─ [0m[32m✔ stage-2-init.sh[0m [90m[0m                                       
┃ [34m├─ [0m[34m⏸ activate[0m[90m waiting for [0m[33m1 ↓[0m                               
┃ [34m│  [0m   [34m┌─ [0m[32m✔ unit-console-getty.service-disabled[0m [90m[0m             
┃ [34m│  [0m   [34m├─ [0m[32m✔ unit-pipewire-pulse.service-disabled[0m [90m[0m            
┃ [34m│  [0m   [34m├─ [0m[32m✔ unit-pipewire-pulse.socket-disabled[0m [90m[0m             
┃ [34m│  [0m   [34m├─ [0m[32m✔ unit-pipewire.service-disabled[0m [90m[0m                  
┃ [34m│  [0m   [34m├─ [0m[32m✔ unit-pipewire.socket-disabled[0m [90m[0m                   
┃ [34m│  [0m   [34m├─ [0m[32m✔ unit-wireplumber.service-disabled[0m [90m[0m               
┃ [34m│  [0m   [34m│  [0m      [34m┌─ [0m[34m⏸ hm_fontconfigconf.d10hmfonts.conf[0m       
┃ [34m│  [0m   [34m│  [0m   [34m┌─ [0m[34m⏸ home-manager-files[0m                         
┃ [34m│  [0m   [34m│  [0m[34m┌─ [0m[34m⏸ home-manager-generation[0m                       
┃ [34m│  [0m   [34m├─ [0m[34m⏸ unit-home-manager-licht.service[0m                  
┃ [34m│  [0m[34m┌─ [0m[34m⏸ system-units[0m                                        
┃ [34m│  [0m[34m│  [0m[34m┌─ [0m[32m✔ home-manager-path[0m [90m⏱ 5s[0m                           
┃ [34m│  [0m[34m│  [0m[34m├─ [0m[1m[33m↓ ⏵ texinfo-7.2[0m[0m ⏱ 15s 6.5MiB/13.7MiB               [1m 47.6%[0m
┃ [34m│  [0m[34m├─ [0m[34m⏸ user-environment[0m                                    
┃ [34m├─ [0m[34m⏸ etc[0m                                                    
┃ [34m├─ [0m[33m[1m⏵ perl-5.42.0-env[0m[0m ⏱ 5s (∅ 18s)                           
┃ [34m⏸ nixos-system-licht-26.05.20260907.93108a5[0m                 [0m
┣━━━ [1mBuilds          [0m │ [1mDownloads      [0m │ [1mHost                   [0m
┃    [33m⏵ [1m1[0m[0m │ [32m✔ [1m17[0m[0m │     │ [33m   [0m │ [32m   [0m │     │ [35m      localhost        [0m
┃    [33m   [0m │ [32m    [0m │     │ [33m↓ [1m1[0m[0m │ [32m↓ [1m9[0m[0m │     │ [35mcache.nixos.org (https)[0m
┗━ ∑ [33m⏵ [1m1[0m[0m │ [32m✔ [1m17[0m[0m │ [34m⏸ [1m9[0m[0m │ [33m↓ [1m1[0m[0m │ [32m↓ [1m9[0m[0m │ [34m⏸ 0[0m │ [1m⏱ 50s                  [0m[?2026l[?2026h[2K[1F[2K[1F[2K[1F[2K[1F[2K[1F[2K[1F[2K[1F[2K[1F[2K[1F[2K[1F[2K[1F[2K[1F[2K[1F[2K[1F[2K[1F[2K[1F[2K[1F[2K[1F[2K[1F[2K[1F[2K[1F[2K[1F[2K[1F[2K[1F[2K[0m┏━ [1mDependency Graph[0m:
┃ [34m┌─ [0m[32m✔ ensure-all-wrappers-paths-exist[0m [90m[0m                       
┃ [34m├─ [0m[32m✔ stage-2-init.sh[0m [90m[0m                                       
┃ [34m├─ [0m[34m⏸ activate[0m[90m waiting for [0m[33m1 ↓[0m                               
┃ [34m│  [0m   [34m┌─ [0m[32m✔ unit-console-getty.service-disabled[0m [90m[0m             
┃ [34m│  [0m   [34m├─ [0m[32m✔ unit-pipewire-pulse.service-disabled[0m [90m[0m            
┃ [34m│  [0m   [34m├─ [0m[32m✔ unit-pipewire-pulse.socket-disabled[0m [90m[0m             
┃ [34m│  [0m   [34m├─ [0m[32m✔ unit-pipewire.service-disabled[0m [90m[0m                  
┃ [34m│  [0m   [34m├─ [0m[32m✔ unit-pipewire.socket-disabled[0m [90m[0m                   
┃ [34m│  [0m   [34m├─ [0m[32m✔ unit-wireplumber.service-disabled[0m [90m[0m               
┃ [34m│  [0m   [34m│  [0m      [34m┌─ [0m[34m⏸ hm_fontconfigconf.d10hmfonts.conf[0m       
┃ [34m│  [0m   [34m│  [0m   [34m┌─ [0m[34m⏸ home-manager-files[0m                         
┃ [34m│  [0m   [34m│  [0m[34m┌─ [0m[34m⏸ home-manager-generation[0m                       
┃ [34m│  [0m   [34m├─ [0m[34m⏸ unit-home-manager-licht.service[0m                  
┃ [34m│  [0m[34m┌─ [0m[34m⏸ system-units[0m                                        
┃ [34m│  [0m[34m│  [0m[34m┌─ [0m[32m✔ home-manager-path[0m [90m⏱ 5s[0m                           
┃ [34m│  [0m[34m│  [0m[34m├─ [0m[1m[33m↓ ⏵ texinfo-7.2[0m[0m ⏱ 15s 6.5MiB/13.7MiB               [1m 47.6%[0m
┃ [34m│  [0m[34m├─ [0m[34m⏸ user-environment[0m                                    
┃ [34m├─ [0m[34m⏸ etc[0m                                                    
┃ [34m├─ [0m[33m[1m⏵ perl-5.42.0-env[0m[0m ⏱ 5s (∅ 18s)                           
┃ [34m⏸ nixos-system-licht-26.05.20260907.93108a5[0m                 [0m
┣━━━ [1mBuilds          [0m │ [1mDownloads      [0m │ [1mHost                   [0m
┃    [33m⏵ [1m1[0m[0m │ [32m✔ [1m17[0m[0m │     │ [33m   [0m │ [32m   [0m │     │ [35m      localhost        [0m
┃    [33m   [0m │ [32m    [0m │     │ [33m↓ [1m1[0m[0m │ [32m↓ [1m9[0m[0m │     │ [35mcache.nixos.org (https)[0m
┗━ ∑ [33m⏵ [1m1[0m[0m │ [32m✔ [1m17[0m[0m │ [34m⏸ [1m9[0m[0m │ [33m↓ [1m1[0m[0m │ [32m↓ [1m9[0m[0m │ [34m⏸ 0[0m │ [1m⏱ 50s                  [0m[?2026l[?2026h[2K[1F[2K[1F[2K[1F[2K[1F[2K[1F[2K[1F[2K[1F[2K[1F[2K[1F[2K[1F[2K[1F[2K[1F[2K[1F[2K[1F[2K[1F[2K[1F[2K[1F[2K[1F[2K[1F[2K[1F[2K[1F[2K[1F[2K[1F[2K[1F[2K[0m┏━ [1mDependency Graph[0m:
┃ [34m┌─ [0m[32m✔ ensure-all-wrappers-paths-exist[0m [90m[0m                       
┃ [34m├─ [0m[32m✔ stage-2-init.sh[0m [90m[0m                                       
┃ [34m├─ [0m[34m⏸ activate[0m[90m waiting for [0m[33m1 ↓[0m                               
┃ [34m│  [0m   [34m┌─ [0m[32m✔ unit-console-getty.service-disabled[0m [90m[0m             
┃ [34m│  [0m   [34m├─ [0m[32m✔ unit-pipewire-pulse.service-disabled[0m [90m[0m            
┃ [34m│  [0m   [34m├─ [0m[32m✔ unit-pipewire-pulse.socket-disabled[0m [90m[0m             
┃ [34m│  [0m   [34m├─ [0m[32m✔ unit-pipewire.service-disabled[0m [90m[0m                  
┃ [34m│  [0m   [34m├─ [0m[32m✔ unit-pipewire.socket-disabled[0m [90m[0m                   
┃ [34m│  [0m   [34m├─ [0m[32m✔ unit-wireplumber.service-disabled[0m [90m[0m               
┃ [34m│  [0m   [34m│  [0m      [34m┌─ [0m[34m⏸ hm_fontconfigconf.d10hmfonts.conf[0m       
┃ [34m│  [0m   [34m│  [0m   [34m┌─ [0m[34m⏸ home-manager-files[0m                         
┃ [34m│  [0m   [34m│  [0m[34m┌─ [0m[34m⏸ home-manager-generation[0m                       
┃ [34m│  [0m   [34m├─ [0m[34m⏸ unit-home-manager-licht.service[0m                  
┃ [34m│  [0m[34m┌─ [0m[34m⏸ system-units[0m                                        
┃ [34m│  [0m[34m│  [0m[34m┌─ [0m[32m✔ home-manager-path[0m [90m⏱ 5s[0m                           
┃ [34m│  [0m[34m│  [0m[34m├─ [0m[1m[33m↓ ⏵ texinfo-7.2[0m[0m ⏱ 15s 6.5MiB/13.7MiB               [1m 47.6%[0m
┃ [34m│  [0m[34m├─ [0m[34m⏸ user-environment[0m                                    
┃ [34m├─ [0m[34m⏸ etc[0m                                                    
┃ [34m├─ [0m[33m[1m⏵ perl-5.42.0-env[0m[0m ⏱ 6s (∅ 18s)                           
┃ [34m⏸ nixos-system-licht-26.05.20260907.93108a5[0m                 [0m
┣━━━ [1mBuilds          [0m │ [1mDownloads      [0m │ [1mHost                   [0m
┃    [33m⏵ [1m1[0m[0m │ [32m✔ [1m17[0m[0m │     │ [33m   [0m │ [32m   [0m │     │ [35m      localhost        [0m
┃    [33m   [0m │ [32m    [0m │     │ [33m↓ [1m1[0m[0m │ [32m↓ [1m9[0m[0m │     │ [35mcache.nixos.org (https)[0m
┗━ ∑ [33m⏵ [1m1[0m[0m │ [32m✔ [1m17[0m[0m │ [34m⏸ [1m9[0m[0m │ [33m↓ [1m1[0m[0m │ [32m↓ [1m9[0m[0m │ [34m⏸ 0[0m │ [1m⏱ 51s                  [0m[?2026l[?2026h[2K[1F[2K[1F[2K[1F[2K[1F[2K[1F[2K[1F[2K[1F[2K[1F[2K[1F[2K[1F[2K[1F[2K[1F[2K[1F[2K[1F[2K[1F[2K[1F[2K[1F[2K[1F[2K[1F[2K[1F[2K[1F[2K[1F[2K[1F[2K[1F[2K[0m[34mhm_fontconfigconf.d10hmfonts.conf> [0mbuilding '/nix/store/l0vaj8nq2c1jk3ia04syy8np44wldv4c-hm_fontconfigconf.d10hmfonts.conf.drv'
[0m┏━ [1mDependency Graph[0m:
┃ [34m┌─ [0m[32m✔ ensure-all-wrappers-paths-exist[0m [90m[0m                       
┃ [34m├─ [0m[32m✔ stage-2-init.sh[0m [90m[0m                                       
┃ [34m├─ [0m[34m⏸ activate[0m[90m waiting for [0m[33m1 ⏵[0m [33m1 ↓[0m                           
┃ [34m│  [0m   [34m┌─ [0m[32m✔ unit-console-getty.service-disabled[0m [90m[0m             
┃ [34m│  [0m   [34m├─ [0m[32m✔ unit-pipewire-pulse.service-disabled[0m [90m[0m            
┃ [34m│  [0m   [34m├─ [0m[32m✔ unit-pipewire-pulse.socket-disabled[0m [90m[0m             
┃ [34m│  [0m   [34m├─ [0m[32m✔ unit-pipewire.service-disabled[0m [90m[0m                  
┃ [34m│  [0m   [34m├─ [0m[32m✔ unit-pipewire.socket-disabled[0m [90m[0m                   
┃ [34m│  [0m   [34m├─ [0m[32m✔ unit-wireplumber.service-disabled[0m [90m[0m               
┃ [34m│  [0m   [34m│  [0m      [34m┌─ [0m[33m[1m⏵ hm_fontconfigconf.d10hmfonts.conf[0m[0m       
┃ [34m│  [0m   [34m│  [0m   [34m┌─ [0m[34m⏸ home-manager-files[0m                         
┃ [34m│  [0m   [34m│  [0m[34m┌─ [0m[34m⏸ home-manager-generation[0m                       
┃ [34m│  [0m   [34m├─ [0m[34m⏸ unit-home-manager-licht.service[0m                  
┃ [34m│  [0m[34m┌─ [0m[34m⏸ system-units[0m                                        
┃ [34m│  [0m[34m│  [0m[34m┌─ [0m[32m✔ home-manager-path[0m [90m⏱ 5s[0m                           
┃ [34m│  [0m[34m│  [0m[34m├─ [0m[1m[33m↓ ⏵ texinfo-7.2[0m[0m ⏱ 15s 6.6MiB/13.7MiB               [1m 48.5%[0m
┃ [34m│  [0m[34m├─ [0m[34m⏸ user-environment[0m                                    
┃ [34m├─ [0m[34m⏸ etc[0m                                                    
┃ [34m├─ [0m[33m[1m⏵ perl-5.42.0-env[0m[0m ⏱ 6s (∅ 18s)                           
┃ [34m⏸ nixos-system-licht-26.05.20260907.93108a5[0m                 [0m
┣━━━ [1mBuilds          [0m │ [1mDownloads      [0m │ [1mHost                   [0m
┃    [33m⏵ [1m2[0m[0m │ [32m✔ [1m17[0m[0m │     │ [33m   [0m │ [32m   [0m │     │ [35m      localhost        [0m
┃    [33m   [0m │ [32m    [0m │     │ [33m↓ [1m1[0m[0m │ [32m↓ [1m9[0m[0m │     │ [35mcache.nixos.org (https)[0m
┗━ ∑ [33m⏵ [1m2[0m[0m │ [32m✔ [1m17[0m[0m │ [34m⏸ [1m8[0m[0m │ [33m↓ [1m1[0m[0m │ [32m↓ [1m9[0m[0m │ [34m⏸ 0[0m │ [1m⏱ 51s                  [0m[?2026l[?2026h[2K[1F[2K[1F[2K[1F[2K[1F[2K[1F[2K[1F[2K[1F[2K[1F[2K[1F[2K[1F[2K[1F[2K[1F[2K[1F[2K[1F[2K[1F[2K[1F[2K[1F[2K[1F[2K[1F[2K[1F[2K[1F[2K[1F[2K[1F[2K[1F[2K[0m┏━ [1mDependency Graph[0m:
┃ [34m┌─ [0m[32m✔ ensure-all-wrappers-paths-exist[0m [90m[0m                       
┃ [34m├─ [0m[32m✔ stage-2-init.sh[0m [90m[0m                                       
┃ [34m├─ [0m[34m⏸ activate[0m[90m waiting for [0m[33m1 ⏵[0m [33m1 ↓[0m                           
┃ [34m│  [0m   [34m┌─ [0m[1m[33m↓ ⏵ texinfo-7.2[0m[0m ⏱ 16s 6.8MiB/13.7MiB               [1m 49.4%[0m
┃ [34m│  [0m[34m┌─ [0m[34m⏸ user-environment[0m                                    
┃ [34m│  [0m[34m│  [0m[34m┌─ [0m[32m✔ unit-console-getty.service-disabled[0m [90m[0m             
┃ [34m│  [0m[34m│  [0m[34m├─ [0m[32m✔ unit-pipewire-pulse.service-disabled[0m [90m[0m            
┃ [34m│  [0m[34m│  [0m[34m├─ [0m[32m✔ unit-pipewire-pulse.socket-disabled[0m [90m[0m             
┃ [34m│  [0m[34m│  [0m[34m├─ [0m[32m✔ unit-pipewire.service-disabled[0m [90m[0m                  
┃ [34m│  [0m[34m│  [0m[34m├─ [0m[32m✔ unit-pipewire.socket-disabled[0m [90m[0m                   
┃ [34m│  [0m[34m│  [0m[34m├─ [0m[32m✔ unit-wireplumber.service-disabled[0m [90m[0m               
┃ [34m│  [0m[34m│  [0m[34m│  [0m         [34m┌─ [0m[32m✔ home-manager-path[0m [90m⏱ 5s[0m               
┃ [34m│  [0m[34m│  [0m[34m│  [0m      [34m┌─ [0m[33m[1m⏵ hm_fontconfigconf.d10hmfonts.conf[0m[0m       
┃ [34m│  [0m[34m│  [0m[34m│  [0m   [34m┌─ [0m[34m⏸ home-manager-files[0m                         
┃ [34m│  [0m[34m│  [0m[34m│  [0m[34m┌─ [0m[34m⏸ home-manager-generation[0m                       
┃ [34m│  [0m[34m│  [0m[34m├─ [0m[34m⏸ unit-home-manager-licht.service[0m                  
┃ [34m│  [0m[34m├─ [0m[34m⏸ system-units[0m                                        
┃ [34m├─ [0m[34m⏸ etc[0m                                                    
┃ [34m├─ [0m[33m[1m⏵ perl-5.42.0-env[0m[0m ⏱ 6s (∅ 18s)                           
┃ [34m⏸ nixos-system-licht-26.05.20260907.93108a5[0m                 [0m
┣━━━ [1mBuilds          [0m │ [1mDownloads      [0m │ [1mHost                   [0m
┃    [33m⏵ [1m2[0m[0m │ [32m✔ [1m17[0m[0m │     │ [33m   [0m │ [32m   [0m │     │ [35m      localhost        [0m
┃    [33m   [0m │ [32m    [0m │     │ [33m↓ [1m1[0m[0m │ [32m↓ [1m9[0m[0m │     │ [35mcache.nixos.org (https)[0m
┗━ ∑ [33m⏵ [1m2[0m[0m │ [32m✔ [1m17[0m[0m │ [34m⏸ [1m8[0m[0m │ [33m↓ [1m1[0m[0m │ [32m↓ [1m9[0m[0m │ [34m⏸ 0[0m │ [1m⏱ 51s                  [0m[?2026l[?2026h[2K[1F[2K[1F[2K[1F[2K[1F[2K[1F[2K[1F[2K[1F[2K[1F[2K[1F[2K[1F[2K[1F[2K[1F[2K[1F[2K[1F[2K[1F[2K[1F[2K[1F[2K[1F[2K[1F[2K[1F[2K[1F[2K[1F[2K[1F[2K[1F[2K[0m┏━ [1mDependency Graph[0m:
┃ [34m┌─ [0m[32m✔ ensure-all-wrappers-paths-exist[0m [90m[0m                       
┃ [34m├─ [0m[32m✔ stage-2-init.sh[0m [90m[0m                                       
┃ [34m├─ [0m[34m⏸ activate[0m[90m waiting for [0m[33m1 ⏵[0m [33m1 ↓[0m                           
┃ [34m│  [0m   [34m┌─ [0m[1m[33m↓ ⏵ texinfo-7.2[0m[0m ⏱ 16s 6.8MiB/13.7MiB               [1m 49.4%[0m
┃ [34m│  [0m[34m┌─ [0m[34m⏸ user-environment[0m                                    
┃ [34m│  [0m[34m│  [0m[34m┌─ [0m[32m✔ unit-console-getty.service-disabled[0m [90m[0m             
┃ [34m│  [0m[34m│  [0m[34m├─ [0m[32m✔ unit-pipewire-pulse.service-disabled[0m [90m[0m            
┃ [34m│  [0m[34m│  [0m[34m├─ [0m[32m✔ unit-pipewire-pulse.socket-disabled[0m [90m[0m             
┃ [34m│  [0m[34m│  [0m[34m├─ [0m[32m✔ unit-pipewire.service-disabled[0m [90m[0m                  
┃ [34m│  [0m[34m│  [0m[34m├─ [0m[32m✔ unit-pipewire.socket-disabled[0m [90m[0m                   
┃ [34m│  [0m[34m│  [0m[34m├─ [0m[32m✔ unit-wireplumber.service-disabled[0m [90m[0m               
┃ [34m│  [0m[34m│  [0m[34m│  [0m         [34m┌─ [0m[32m✔ home-manager-path[0m [90m⏱ 5s[0m               
┃ [34m│  [0m[34m│  [0m[34m│  [0m      [34m┌─ [0m[33m[1m⏵ hm_fontconfigconf.d10hmfonts.conf[0m[0m       
┃ [34m│  [0m[34m│  [0m[34m│  [0m   [34m┌─ [0m[34m⏸ home-manager-files[0m                         
┃ [34m│  [0m[34m│  [0m[34m│  [0m[34m┌─ [0m[34m⏸ home-manager-generation[0m                       
┃ [34m│  [0m[34m│  [0m[34m├─ [0m[34m⏸ unit-home-manager-licht.service[0m                  
┃ [34m│  [0m[34m├─ [0m[34m⏸ system-units[0m                                        
┃ [34m├─ [0m[34m⏸ etc[0m                                                    
┃ [34m├─ [0m[33m[1m⏵ perl-5.42.0-env[0m[0m ⏱ 6s (∅ 18s)                           
┃ [34m⏸ nixos-system-licht-26.05.20260907.93108a5[0m                 [0m
┣━━━ [1mBuilds          [0m │ [1mDownloads      [0m │ [1mHost                   [0m
┃    [33m⏵ [1m2[0m[0m │ [32m✔ [1m17[0m[0m │     │ [33m   [0m │ [32m   [0m │     │ [35m      localhost        [0m
┃    [33m   [0m │ [32m    [0m │     │ [33m↓ [1m1[0m[0m │ [32m↓ [1m9[0m[0m │     │ [35mcache.nixos.org (https)[0m
┗━ ∑ [33m⏵ [1m2[0m[0m │ [32m✔ [1m17[0m[0m │ [34m⏸ [1m8[0m[0m │ [33m↓ [1m1[0m[0m │ [32m↓ [1m9[0m[0m │ [34m⏸ 0[0m │ [1m⏱ 51s                  [0m[?2026l[?2026h[2K[1F[2K[1F[2K[1F[2K[1F[2K[1F[2K[1F[2K[1F[2K[1F[2K[1F[2K[1F[2K[1F[2K[1F[2K[1F[2K[1F[2K[1F[2K[1F[2K[1F[2K[1F[2K[1F[2K[1F[2K[1F[2K[1F[2K[1F[2K[1F[2K[0m┏━ [1mDependency Graph[0m:
┃ [34m┌─ [0m[32m✔ ensure-all-wrappers-paths-exist[0m [90m[0m                       
┃ [34m├─ [0m[32m✔ stage-2-init.sh[0m [90m[0m                                       
┃ [34m├─ [0m[34m⏸ activate[0m[90m waiting for [0m[33m1 ↓[0m                               
┃ [34m│  [0m   [34m┌─ [0m[1m[33m↓ ⏵ texinfo-7.2[0m[0m ⏱ 16s 6.8MiB/13.7MiB               [1m 49.4%[0m
┃ [34m│  [0m[34m┌─ [0m[34m⏸ user-environment[0m                                    
┃ [34m│  [0m[34m│  [0m[34m┌─ [0m[32m✔ unit-console-getty.service-disabled[0m [90m[0m             
┃ [34m│  [0m[34m│  [0m[34m├─ [0m[32m✔ unit-pipewire-pulse.service-disabled[0m [90m[0m            
┃ [34m│  [0m[34m│  [0m[34m├─ [0m[32m✔ unit-pipewire-pulse.socket-disabled[0m [90m[0m             
┃ [34m│  [0m[34m│  [0m[34m├─ [0m[32m✔ unit-pipewire.service-disabled[0m [90m[0m                  
┃ [34m│  [0m[34m│  [0m[34m├─ [0m[32m✔ unit-pipewire.socket-disabled[0m [90m[0m                   
┃ [34m│  [0m[34m│  [0m[34m├─ [0m[32m✔ unit-wireplumber.service-disabled[0m [90m[0m               
┃ [34m│  [0m[34m│  [0m[34m│  [0m         [34m┌─ [0m[32m✔ home-manager-path[0m [90m⏱ 5s[0m               
┃ [34m│  [0m[34m│  [0m[34m│  [0m      [34m┌─ [0m[32m✔ hm_fontconfigconf.d10hmfonts.conf[0m [90m[0m      
┃ [34m│  [0m[34m│  [0m[34m│  [0m   [34m┌─ [0m[34m⏸ home-manager-files[0m                         
┃ [34m│  [0m[34m│  [0m[34m│  [0m[34m┌─ [0m[34m⏸ home-manager-generation[0m                       
┃ [34m│  [0m[34m│  [0m[34m├─ [0m[34m⏸ unit-home-manager-licht.service[0m                  
┃ [34m│  [0m[34m├─ [0m[34m⏸ system-units[0m                                        
┃ [34m├─ [0m[34m⏸ etc[0m                                                    
┃ [34m├─ [0m[33m[1m⏵ perl-5.42.0-env[0m[0m ⏱ 6s (∅ 18s)                           
┃ [34m⏸ nixos-system-licht-26.05.20260907.93108a5[0m                 [0m
┣━━━ [1mBuilds          [0m │ [1mDownloads      [0m │ [1mHost                   [0m
┃    [33m⏵ [1m1[0m[0m │ [32m✔ [1m18[0m[0m │     │ [33m   [0m │ [32m   [0m │     │ [35m      localhost        [0m
┃    [33m   [0m │ [32m    [0m │     │ [33m↓ [1m1[0m[0m │ [32m↓ [1m9[0m[0m │     │ [35mcache.nixos.org (https)[0m
┗━ ∑ [33m⏵ [1m1[0m[0m │ [32m✔ [1m18[0m[0m │ [34m⏸ [1m8[0m[0m │ [33m↓ [1m1[0m[0m │ [32m↓ [1m9[0m[0m │ [34m⏸ 0[0m │ [1m⏱ 51s                  [0m[?2026l[?2026h[2K[1F[2K[1F[2K[1F[2K[1F[2K[1F[2K[1F[2K[1F[2K[1F[2K[1F[2K[1F[2K[1F[2K[1F[2K[1F[2K[1F[2K[1F[2K[1F[2K[1F[2K[1F[2K[1F[2K[1F[2K[1F[2K[1F[2K[1F[2K[1F[2K[0m┏━ [1mDependency Graph[0m:
┃ [34m┌─ [0m[32m✔ ensure-all-wrappers-paths-exist[0m [90m[0m                       
┃ [34m├─ [0m[32m✔ stage-2-init.sh[0m [90m[0m                                       
┃ [34m├─ [0m[34m⏸ activate[0m[90m waiting for [0m[33m1 ↓[0m                               
┃ [34m│  [0m   [34m┌─ [0m[32m✔ unit-console-getty.service-disabled[0m [90m[0m             
┃ [34m│  [0m   [34m├─ [0m[32m✔ unit-pipewire-pulse.service-disabled[0m [90m[0m            
┃ [34m│  [0m   [34m├─ [0m[32m✔ unit-pipewire-pulse.socket-disabled[0m [90m[0m             
┃ [34m│  [0m   [34m├─ [0m[32m✔ unit-pipewire.service-disabled[0m [90m[0m                  
┃ [34m│  [0m   [34m├─ [0m[32m✔ unit-pipewire.socket-disabled[0m [90m[0m                   
┃ [34m│  [0m   [34m├─ [0m[32m✔ unit-wireplumber.service-disabled[0m [90m[0m               
┃ [34m│  [0m   [34m│  [0m      [34m┌─ [0m[32m✔ hm_fontconfigconf.d10hmfonts.conf[0m [90m[0m      
┃ [34m│  [0m   [34m│  [0m   [34m┌─ [0m[34m⏸ home-manager-files[0m                         
┃ [34m│  [0m   [34m│  [0m[34m┌─ [0m[34m⏸ home-manager-generation[0m                       
┃ [34m│  [0m   [34m├─ [0m[34m⏸ unit-home-manager-licht.service[0m                  
┃ [34m│  [0m[34m┌─ [0m[34m⏸ system-units[0m                                        
┃ [34m│  [0m[34m│  [0m[34m┌─ [0m[32m✔ home-manager-path[0m [90m⏱ 5s[0m                           
┃ [34m│  [0m[34m│  [0m[34m├─ [0m[1m[33m↓ ⏵ texinfo-7.2[0m[0m ⏱ 16s 6.8MiB/13.7MiB               [1m 49.4%[0m
┃ [34m│  [0m[34m├─ [0m[34m⏸ user-environment[0m                                    
┃ [34m├─ [0m[34m⏸ etc[0m                                                    
┃ [34m├─ [0m[33m[1m⏵ perl-5.42.0-env[0m[0m ⏱ 6s (∅ 18s)                           
┃ [34m⏸ nixos-system-licht-26.05.20260907.93108a5[0m                 [0m
┣━━━ [1mBuilds          [0m │ [1mDownloads      [0m │ [1mHost                   [0m
┃    [33m⏵ [1m1[0m[0m │ [32m✔ [1m18[0m[0m │     │ [33m   [0m │ [32m   [0m │     │ [35m      localhost        [0m
┃    [33m   [0m │ [32m    [0m │     │ [33m↓ [1m1[0m[0m │ [32m↓ [1m9[0m[0m │     │ [35mcache.nixos.org (https)[0m
┗━ ∑ [33m⏵ [1m1[0m[0m │ [32m✔ [1m18[0m[0m │ [34m⏸ [1m8[0m[0m │ [33m↓ [1m1[0m[0m │ [32m↓ [1m9[0m[0m │ [34m⏸ 0[0m │ [1m⏱ 51s                  [0m[?2026l[?2026h[2K[1F[2K[1F[2K[1F[2K[1F[2K[1F[2K[1F[2K[1F[2K[1F[2K[1F[2K[1F[2K[1F[2K[1F[2K[1F[2K[1F[2K[1F[2K[1F[2K[1F[2K[1F[2K[1F[2K[1F[2K[1F[2K[1F[2K[1F[2K[1F[2K[0m┏━ [1mDependency Graph[0m:
┃ [34m┌─ [0m[32m✔ ensure-all-wrappers-paths-exist[0m [90m[0m                       
┃ [34m├─ [0m[32m✔ stage-2-init.sh[0m [90m[0m                                       
┃ [34m├─ [0m[34m⏸ activate[0m[90m waiting for [0m[33m1 ↓[0m                               
┃ [34m│  [0m   [34m┌─ [0m[32m✔ unit-console-getty.service-disabled[0m [90m[0m             
┃ [34m│  [0m   [34m├─ [0m[32m✔ unit-pipewire-pulse.service-disabled[0m [90m[0m            
┃ [34m│  [0m   [34m├─ [0m[32m✔ unit-pipewire-pulse.socket-disabled[0m [90m[0m             
┃ [34m│  [0m   [34m├─ [0m[32m✔ unit-pipewire.service-disabled[0m [90m[0m                  
┃ [34m│  [0m   [34m├─ [0m[32m✔ unit-pipewire.socket-disabled[0m [90m[0m                   
┃ [34m│  [0m   [34m├─ [0m[32m✔ unit-wireplumber.service-disabled[0m [90m[0m               
┃ [34m│  [0m   [34m│  [0m      [34m┌─ [0m[32m✔ hm_fontconfigconf.d10hmfonts.conf[0m [90m[0m      
┃ [34m│  [0m   [34m│  [0m   [34m┌─ [0m[34m⏸ home-manager-files[0m                         
┃ [34m│  [0m   [34m│  [0m[34m┌─ [0m[34m⏸ home-manager-generation[0m                       
┃ [34m│  [0m   [34m├─ [0m[34m⏸ unit-home-manager-licht.service[0m                  
┃ [34m│  [0m[34m┌─ [0m[34m⏸ system-units[0m                                        
┃ [34m│  [0m[34m│  [0m[34m┌─ [0m[32m✔ home-manager-path[0m [90m⏱ 5s[0m                           
┃ [34m│  [0m[34m│  [0m[34m├─ [0m[1m[33m↓ ⏵ texinfo-7.2[0m[0m ⏱ 16s 6.9MiB/13.7MiB               [1m 50.3%[0m
┃ [34m│  [0m[34m├─ [0m[34m⏸ user-environment[0m                                    
┃ [34m├─ [0m[34m⏸ etc[0m                                                    
┃ [34m├─ [0m[33m[1m⏵ perl-5.42.0-env[0m[0m ⏱ 6s (∅ 18s)                           
┃ [34m⏸ nixos-system-licht-26.05.20260907.93108a5[0m                 [0m
┣━━━ [1mBuilds          [0m │ [1mDownloads      [0m │ [1mHost                   [0m
┃    [33m⏵ [1m1[0m[0m │ [32m✔ [1m18[0m[0m │     │ [33m   [0m │ [32m   [0m │     │ [35m      localhost        [0m
┃    [33m   [0m │ [32m    [0m │     │ [33m↓ [1m1[0m[0m │ [32m↓ [1m9[0m[0m │     │ [35mcache.nixos.org (https)[0m
┗━ ∑ [33m⏵ [1m1[0m[0m │ [32m✔ [1m18[0m[0m │ [34m⏸ [1m8[0m[0m │ [33m↓ [1m1[0m[0m │ [32m↓ [1m9[0m[0m │ [34m⏸ 0[0m │ [1m⏱ 51s                  [0m[?2026l[?2026h[2K[1F[2K[1F[2K[1F[2K[1F[2K[1F[2K[1F[2K[1F[2K[1F[2K[1F[2K[1F[2K[1F[2K[1F[2K[1F[2K[1F[2K[1F[2K[1F[2K[1F[2K[1F[2K[1F[2K[1F[2K[1F[2K[1F[2K[1F[2K[1F[2K[0m[34mhome-manager-files> [0mbuilding '/nix/store/p67i6rs3l2p0amq0cnajnas800md61xn-home-manager-files.drv'
[0m┏━ [1mDependency Graph[0m:
┃ [34m┌─ [0m[32m✔ ensure-all-wrappers-paths-exist[0m [90m[0m                       
┃ [34m├─ [0m[32m✔ stage-2-init.sh[0m [90m[0m                                       
┃ [34m├─ [0m[34m⏸ activate[0m[90m waiting for [0m[33m1 ⏵[0m [33m1 ↓[0m                           
┃ [34m│  [0m   [34m┌─ [0m[32m✔ unit-console-getty.service-disabled[0m [90m[0m             
┃ [34m│  [0m   [34m├─ [0m[32m✔ unit-pipewire-pulse.service-disabled[0m [90m[0m            
┃ [34m│  [0m   [34m├─ [0m[32m✔ unit-pipewire-pulse.socket-disabled[0m [90m[0m             
┃ [34m│  [0m   [34m├─ [0m[32m✔ unit-pipewire.service-disabled[0m [90m[0m                  
┃ [34m│  [0m   [34m├─ [0m[32m✔ unit-pipewire.socket-disabled[0m [90m[0m                   
┃ [34m│  [0m   [34m├─ [0m[32m✔ unit-wireplumber.service-disabled[0m [90m[0m               
┃ [34m│  [0m   [34m│  [0m      [34m┌─ [0m[32m✔ hm_fontconfigconf.d10hmfonts.conf[0m [90m[0m      
┃ [34m│  [0m   [34m│  [0m   [34m┌─ [0m[33m[1m⏵ home-manager-files[0m[0m                         
┃ [34m│  [0m   [34m│  [0m[34m┌─ [0m[34m⏸ home-manager-generation[0m                       
┃ [34m│  [0m   [34m├─ [0m[34m⏸ unit-home-manager-licht.service[0m                  
┃ [34m│  [0m[34m┌─ [0m[34m⏸ system-units[0m                                        
┃ [34m│  [0m[34m│  [0m[34m┌─ [0m[32m✔ home-manager-path[0m [90m⏱ 5s[0m                           
┃ [34m│  [0m[34m│  [0m[34m├─ [0m[1m[33m↓ ⏵ texinfo-7.2[0m[0m ⏱ 16s 6.9MiB/13.7MiB               [1m 50.3%[0m
┃ [34m│  [0m[34m├─ [0m[34m⏸ user-environment[0m                                    
┃ [34m├─ [0m[34m⏸ etc[0m                                                    
┃ [34m├─ [0m[33m[1m⏵ perl-5.42.0-env[0m[0m ⏱ 6s (∅ 18s)                           
┃ [34m⏸ nixos-system-licht-26.05.20260907.93108a5[0m                 [0m
┣━━━ [1mBuilds          [0m │ [1mDownloads      [0m │ [1mHost                   [0m
┃    [33m⏵ [1m2[0m[0m │ [32m✔ [1m18[0m[0m │     │ [33m   [0m │ [32m   [0m │     │ [35m      localhost        [0m
┃    [33m   [0m │ [32m    [0m │     │ [33m↓ [1m1[0m[0m │ [32m↓ [1m9[0m[0m │     │ [35mcache.nixos.org (https)[0m
┗━ ∑ [33m⏵ [1m2[0m[0m │ [32m✔ [1m18[0m[0m │ [34m⏸ [1m7[0m[0m │ [33m↓ [1m1[0m[0m │ [32m↓ [1m9[0m[0m │ [34m⏸ 0[0m │ [1m⏱ 51s                  [0m[?2026l[?2026h[2K[1F[2K[1F[2K[1F[2K[1F[2K[1F[2K[1F[2K[1F[2K[1F[2K[1F[2K[1F[2K[1F[2K[1F[2K[1F[2K[1F[2K[1F[2K[1F[2K[1F[2K[1F[2K[1F[2K[1F[2K[1F[2K[1F[2K[1F[2K[1F[2K[0m┏━ [1mDependency Graph[0m:
┃ [34m┌─ [0m[32m✔ ensure-all-wrappers-paths-exist[0m [90m[0m                       
┃ [34m├─ [0m[32m✔ stage-2-init.sh[0m [90m[0m                                       
┃ [34m├─ [0m[34m⏸ activate[0m[90m waiting for [0m[33m1 ⏵[0m [33m1 ↓[0m                           
┃ [34m│  [0m   [34m┌─ [0m[1m[33m↓ ⏵ texinfo-7.2[0m[0m ⏱ 16s 6.9MiB/13.7MiB               [1m 50.3%[0m
┃ [34m│  [0m[34m┌─ [0m[34m⏸ user-environment[0m                                    
┃ [34m│  [0m[34m│  [0m[34m┌─ [0m[32m✔ unit-console-getty.service-disabled[0m [90m[0m             
┃ [34m│  [0m[34m│  [0m[34m├─ [0m[32m✔ unit-pipewire-pulse.service-disabled[0m [90m[0m            
┃ [34m│  [0m[34m│  [0m[34m├─ [0m[32m✔ unit-pipewire-pulse.socket-disabled[0m [90m[0m             
┃ [34m│  [0m[34m│  [0m[34m├─ [0m[32m✔ unit-pipewire.service-disabled[0m [90m[0m                  
┃ [34m│  [0m[34m│  [0m[34m├─ [0m[32m✔ unit-pipewire.socket-disabled[0m [90m[0m                   
┃ [34m│  [0m[34m│  [0m[34m├─ [0m[32m✔ unit-wireplumber.service-disabled[0m [90m[0m               
┃ [34m│  [0m[34m│  [0m[34m│  [0m         [34m┌─ [0m[32m✔ home-manager-path[0m [90m⏱ 5s[0m               
┃ [34m│  [0m[34m│  [0m[34m│  [0m      [34m┌─ [0m[32m✔ hm_fontconfigconf.d10hmfonts.conf[0m [90m[0m      
┃ [34m│  [0m[34m│  [0m[34m│  [0m   [34m┌─ [0m[33m[1m⏵ home-manager-files[0m[0m                         
┃ [34m│  [0m[34m│  [0m[34m│  [0m[34m┌─ [0m[34m⏸ home-manager-generation[0m                       
┃ [34m│  [0m[34m│  [0m[34m├─ [0m[34m⏸ unit-home-manager-licht.service[0m                  
┃ [34m│  [0m[34m├─ [0m[34m⏸ system-units[0m                                        
┃ [34m├─ [0m[34m⏸ etc[0m                                                    
┃ [34m├─ [0m[33m[1m⏵ perl-5.42.0-env[0m[0m ⏱ 6s (∅ 18s)                           
┃ [34m⏸ nixos-system-licht-26.05.20260907.93108a5[0m                 [0m
┣━━━ [1mBuilds          [0m │ [1mDownloads      [0m │ [1mHost                   [0m
┃    [33m⏵ [1m2[0m[0m │ [32m✔ [1m18[0m[0m │     │ [33m   [0m │ [32m   [0m │     │ [35m      localhost        [0m
┃    [33m   [0m │ [32m    [0m │     │ [33m↓ [1m1[0m[0m │ [32m↓ [1m9[0m[0m │     │ [35mcache.nixos.org (https)[0m
┗━ ∑ [33m⏵ [1m2[0m[0m │ [32m✔ [1m18[0m[0m │ [34m⏸ [1m7[0m[0m │ [33m↓ [1m1[0m[0m │ [32m↓ [1m9[0m[0m │ [34m⏸ 0[0m │ [1m⏱ 51s                  [0m[?2026l[?2026h[2K[1F[2K[1F[2K[1F[2K[1F[2K[1F[2K[1F[2K[1F[2K[1F[2K[1F[2K[1F[2K[1F[2K[1F[2K[1F[2K[1F[2K[1F[2K[1F[2K[1F[2K[1F[2K[1F[2K[1F[2K[1F[2K[1F[2K[1F[2K[1F[2K[0m┏━ [1mDependency Graph[0m:
┃ [34m┌─ [0m[32m✔ ensure-all-wrappers-paths-exist[0m [90m[0m                       
┃ [34m├─ [0m[32m✔ stage-2-init.sh[0m [90m[0m                                       
┃ [34m├─ [0m[34m⏸ activate[0m[90m waiting for [0m[33m1 ⏵[0m [33m1 ↓[0m                           
┃ [34m│  [0m   [34m┌─ [0m[1m[33m↓ ⏵ texinfo-7.2[0m[0m ⏱ 16s 7.0MiB/13.7MiB               [1m 51.2%[0m
┃ [34m│  [0m[34m┌─ [0m[34m⏸ user-environment[0m                                    
┃ [34m│  [0m[34m│  [0m[34m┌─ [0m[32m✔ unit-console-getty.service-disabled[0m [90m[0m             
┃ [34m│  [0m[34m│  [0m[34m├─ [0m[32m✔ unit-pipewire-pulse.service-disabled[0m [90m[0m            
┃ [34m│  [0m[34m│  [0m[34m├─ [0m[32m✔ unit-pipewire-pulse.socket-disabled[0m [90m[0m             
┃ [34m│  [0m[34m│  [0m[34m├─ [0m[32m✔ unit-pipewire.service-disabled[0m [90m[0m                  
┃ [34m│  [0m[34m│  [0m[34m├─ [0m[32m✔ unit-pipewire.socket-disabled[0m [90m[0m                   
┃ [34m│  [0m[34m│  [0m[34m├─ [0m[32m✔ unit-wireplumber.service-disabled[0m [90m[0m               
┃ [34m│  [0m[34m│  [0m[34m│  [0m         [34m┌─ [0m[32m✔ home-manager-path[0m [90m⏱ 5s[0m               
┃ [34m│  [0m[34m│  [0m[34m│  [0m      [34m┌─ [0m[32m✔ hm_fontconfigconf.d10hmfonts.conf[0m [90m[0m      
┃ [34m│  [0m[34m│  [0m[34m│  [0m   [34m┌─ [0m[33m[1m⏵ home-manager-files[0m[0m                         
┃ [34m│  [0m[34m│  [0m[34m│  [0m[34m┌─ [0m[34m⏸ home-manager-generation[0m                       
┃ [34m│  [0m[34m│  [0m[34m├─ [0m[34m⏸ unit-home-manager-licht.service[0m                  
┃ [34m│  [0m[34m├─ [0m[34m⏸ system-units[0m                                        
┃ [34m├─ [0m[34m⏸ etc[0m                                                    
┃ [34m├─ [0m[33m[1m⏵ perl-5.42.0-env[0m[0m ⏱ 6s (∅ 18s)                           
┃ [34m⏸ nixos-system-licht-26.05.20260907.93108a5[0m                 [0m
┣━━━ [1mBuilds          [0m │ [1mDownloads      [0m │ [1mHost                   [0m
┃    [33m⏵ [1m2[0m[0m │ [32m✔ [1m18[0m[0m │     │ [33m   [0m │ [32m   [0m │     │ [35m      localhost        [0m
┃    [33m   [0m │ [32m    [0m │     │ [33m↓ [1m1[0m[0m │ [32m↓ [1m9[0m[0m │     │ [35mcache.nixos.org (https)[0m
┗━ ∑ [33m⏵ [1m2[0m[0m │ [32m✔ [1m18[0m[0m │ [34m⏸ [1m7[0m[0m │ [33m↓ [1m1[0m[0m │ [32m↓ [1m9[0m[0m │ [34m⏸ 0[0m │ [1m⏱ 51s                  [0m[?2026l[?2026h[2K[1F[2K[1F[2K[1F[2K[1F[2K[1F[2K[1F[2K[1F[2K[1F[2K[1F[2K[1F[2K[1F[2K[1F[2K[1F[2K[1F[2K[1F[2K[1F[2K[1F[2K[1F[2K[1F[2K[1F[2K[1F[2K[1F[2K[1F[2K[1F[2K[0m┏━ [1mDependency Graph[0m:
┃ [34m┌─ [0m[32m✔ ensure-all-wrappers-paths-exist[0m [90m[0m                       
┃ [34m├─ [0m[32m✔ stage-2-init.sh[0m [90m[0m                                       
┃ [34m├─ [0m[34m⏸ activate[0m[90m waiting for [0m[33m1 ⏵[0m [33m1 ↓[0m                           
┃ [34m│  [0m   [34m┌─ [0m[1m[33m↓ ⏵ texinfo-7.2[0m[0m ⏱ 16s 7.1MiB/13.7MiB               [1m 52.2%[0m
┃ [34m│  [0m[34m┌─ [0m[34m⏸ user-environment[0m                                    
┃ [34m│  [0m[34m│  [0m[34m┌─ [0m[32m✔ unit-console-getty.service-disabled[0m [90m[0m             
┃ [34m│  [0m[34m│  [0m[34m├─ [0m[32m✔ unit-pipewire-pulse.service-disabled[0m [90m[0m            
┃ [34m│  [0m[34m│  [0m[34m├─ [0m[32m✔ unit-pipewire-pulse.socket-disabled[0m [90m[0m             
┃ [34m│  [0m[34m│  [0m[34m├─ [0m[32m✔ unit-pipewire.service-disabled[0m [90m[0m                  
┃ [34m│  [0m[34m│  [0m[34m├─ [0m[32m✔ unit-pipewire.socket-disabled[0m [90m[0m                   
┃ [34m│  [0m[34m│  [0m[34m├─ [0m[32m✔ unit-wireplumber.service-disabled[0m [90m[0m               
┃ [34m│  [0m[34m│  [0m[34m│  [0m         [34m┌─ [0m[32m✔ home-manager-path[0m [90m⏱ 5s[0m               
┃ [34m│  [0m[34m│  [0m[34m│  [0m      [34m┌─ [0m[32m✔ hm_fontconfigconf.d10hmfonts.conf[0m [90m[0m      
┃ [34m│  [0m[34m│  [0m[34m│  [0m   [34m┌─ [0m[33m[1m⏵ home-manager-files[0m[0m                         
┃ [34m│  [0m[34m│  [0m[34m│  [0m[34m┌─ [0m[34m⏸ home-manager-generation[0m                       
┃ [34m│  [0m[34m│  [0m[34m├─ [0m[34m⏸ unit-home-manager-licht.service[0m                  
┃ [34m│  [0m[34m├─ [0m[34m⏸ system-units[0m                                        
┃ [34m├─ [0m[34m⏸ etc[0m                                                    
┃ [34m├─ [0m[33m[1m⏵ perl-5.42.0-env[0m[0m ⏱ 6s (∅ 18s)                           
┃ [34m⏸ nixos-system-licht-26.05.20260907.93108a5[0m                 [0m
┣━━━ [1mBuilds          [0m │ [1mDownloads      [0m │ [1mHost                   [0m
┃    [33m⏵ [1m2[0m[0m │ [32m✔ [1m18[0m[0m │     │ [33m   [0m │ [32m   [0m │     │ [35m      localhost        [0m
┃    [33m   [0m │ [32m    [0m │     │ [33m↓ [1m1[0m[0m │ [32m↓ [1m9[0m[0m │     │ [35mcache.nixos.org (https)[0m
┗━ ∑ [33m⏵ [1m2[0m[0m │ [32m✔ [1m18[0m[0m │ [34m⏸ [1m7[0m[0m │ [33m↓ [1m1[0m[0m │ [32m↓ [1m9[0m[0m │ [34m⏸ 0[0m │ [1m⏱ 51s                  [0m[?2026l[?2026h[2K[1F[2K[1F[2K[1F[2K[1F[2K[1F[2K[1F[2K[1F[2K[1F[2K[1F[2K[1F[2K[1F[2K[1F[2K[1F[2K[1F[2K[1F[2K[1F[2K[1F[2K[1F[2K[1F[2K[1F[2K[1F[2K[1F[2K[1F[2K[1F[2K[0m┏━ [1mDependency Graph[0m:
┃ [34m┌─ [0m[32m✔ ensure-all-wrappers-paths-exist[0m [90m[0m                       
┃ [34m├─ [0m[32m✔ stage-2-init.sh[0m [90m[0m                                       
┃ [34m├─ [0m[34m⏸ activate[0m[90m waiting for [0m[33m1 ⏵[0m [33m1 ↓[0m                           
┃ [34m│  [0m   [34m┌─ [0m[1m[33m↓ ⏵ texinfo-7.2[0m[0m ⏱ 16s 7.1MiB/13.7MiB               [1m 52.2%[0m
┃ [34m│  [0m[34m┌─ [0m[34m⏸ user-environment[0m                                    
┃ [34m│  [0m[34m│  [0m[34m┌─ [0m[32m✔ unit-console-getty.service-disabled[0m [90m[0m             
┃ [34m│  [0m[34m│  [0m[34m├─ [0m[32m✔ unit-pipewire-pulse.service-disabled[0m [90m[0m            
┃ [34m│  [0m[34m│  [0m[34m├─ [0m[32m✔ unit-pipewire-pulse.socket-disabled[0m [90m[0m             
┃ [34m│  [0m[34m│  [0m[34m├─ [0m[32m✔ unit-pipewire.service-disabled[0m [90m[0m                  
┃ [34m│  [0m[34m│  [0m[34m├─ [0m[32m✔ unit-pipewire.socket-disabled[0m [90m[0m                   
┃ [34m│  [0m[34m│  [0m[34m├─ [0m[32m✔ unit-wireplumber.service-disabled[0m [90m[0m               
┃ [34m│  [0m[34m│  [0m[34m│  [0m         [34m┌─ [0m[32m✔ home-manager-path[0m [90m⏱ 5s[0m               
┃ [34m│  [0m[34m│  [0m[34m│  [0m      [34m┌─ [0m[32m✔ hm_fontconfigconf.d10hmfonts.conf[0m [90m[0m      
┃ [34m│  [0m[34m│  [0m[34m│  [0m   [34m┌─ [0m[33m[1m⏵ home-manager-files[0m[0m                         
┃ [34m│  [0m[34m│  [0m[34m│  [0m[34m┌─ [0m[34m⏸ home-manager-generation[0m                       
┃ [34m│  [0m[34m│  [0m[34m├─ [0m[34m⏸ unit-home-manager-licht.service[0m                  
┃ [34m│  [0m[34m├─ [0m[34m⏸ system-units[0m                                        
┃ [34m├─ [0m[34m⏸ etc[0m                                                    
┃ [34m├─ [0m[33m[1m⏵ perl-5.42.0-env[0m[0m ⏱ 6s (∅ 18s)                           
┃ [34m⏸ nixos-system-licht-26.05.20260907.93108a5[0m                 [0m
┣━━━ [1mBuilds          [0m │ [1mDownloads      [0m │ [1mHost                   [0m
┃    [33m⏵ [1m2[0m[0m │ [32m✔ [1m18[0m[0m │     │ [33m   [0m │ [32m   [0m │     │ [35m      localhost        [0m
┃    [33m   [0m │ [32m    [0m │     │ [33m↓ [1m1[0m[0m │ [32m↓ [1m9[0m[0m │     │ [35mcache.nixos.org (https)[0m
┗━ ∑ [33m⏵ [1m2[0m[0m │ [32m✔ [1m18[0m[0m │ [34m⏸ [1m7[0m[0m │ [33m↓ [1m1[0m[0m │ [32m↓ [1m9[0m[0m │ [34m⏸ 0[0m │ [1m⏱ 51s                  [0m[?2026l[?2026h[2K[1F[2K[1F[2K[1F[2K[1F[2K[1F[2K[1F[2K[1F[2K[1F[2K[1F[2K[1F[2K[1F[2K[1F[2K[1F[2K[1F[2K[1F[2K[1F[2K[1F[2K[1F[2K[1F[2K[1F[2K[1F[2K[1F[2K[1F[2K[1F[2K[0m┏━ [1mDependency Graph[0m:
┃ [34m┌─ [0m[32m✔ ensure-all-wrappers-paths-exist[0m [90m[0m                       
┃ [34m├─ [0m[32m✔ stage-2-init.sh[0m [90m[0m                                       
┃ [34m├─ [0m[34m⏸ activate[0m[90m waiting for [0m[33m1 ⏵[0m [33m1 ↓[0m                           
┃ [34m│  [0m   [34m┌─ [0m[1m[33m↓ ⏵ texinfo-7.2[0m[0m ⏱ 16s 7.1MiB/13.7MiB               [1m 52.2%[0m
┃ [34m│  [0m[34m┌─ [0m[34m⏸ user-environment[0m                                    
┃ [34m│  [0m[34m│  [0m[34m┌─ [0m[32m✔ unit-console-getty.service-disabled[0m [90m[0m             
┃ [34m│  [0m[34m│  [0m[34m├─ [0m[32m✔ unit-pipewire-pulse.service-disabled[0m [90m[0m            
┃ [34m│  [0m[34m│  [0m[34m├─ [0m[32m✔ unit-pipewire-pulse.socket-disabled[0m [90m[0m             
┃ [34m│  [0m[34m│  [0m[34m├─ [0m[32m✔ unit-pipewire.service-disabled[0m [90m[0m                  
┃ [34m│  [0m[34m│  [0m[34m├─ [0m[32m✔ unit-pipewire.socket-disabled[0m [90m[0m                   
┃ [34m│  [0m[34m│  [0m[34m├─ [0m[32m✔ unit-wireplumber.service-disabled[0m [90m[0m               
┃ [34m│  [0m[34m│  [0m[34m│  [0m         [34m┌─ [0m[32m✔ home-manager-path[0m [90m⏱ 5s[0m               
┃ [34m│  [0m[34m│  [0m[34m│  [0m      [34m┌─ [0m[32m✔ hm_fontconfigconf.d10hmfonts.conf[0m [90m[0m      
┃ [34m│  [0m[34m│  [0m[34m│  [0m   [34m┌─ [0m[33m[1m⏵ home-manager-files[0m[0m                         
┃ [34m│  [0m[34m│  [0m[34m│  [0m[34m┌─ [0m[34m⏸ home-manager-generation[0m                       
┃ [34m│  [0m[34m│  [0m[34m├─ [0m[34m⏸ unit-home-manager-licht.service[0m                  
┃ [34m│  [0m[34m├─ [0m[34m⏸ system-units[0m                                        
┃ [34m├─ [0m[34m⏸ etc[0m                                                    
┃ [34m├─ [0m[33m[1m⏵ perl-5.42.0-env[0m[0m ⏱ 6s (∅ 18s)                           
┃ [34m⏸ nixos-system-licht-26.05.20260907.93108a5[0m                 [0m
┣━━━ [1mBuilds          [0m │ [1mDownloads      [0m │ [1mHost                   [0m
┃    [33m⏵ [1m2[0m[0m │ [32m✔ [1m18[0m[0m │     │ [33m   [0m │ [32m   [0m │     │ [35m      localhost        [0m
┃    [33m   [0m │ [32m    [0m │     │ [33m↓ [1m1[0m[0m │ [32m↓ [1m9[0m[0m │     │ [35mcache.nixos.org (https)[0m
┗━ ∑ [33m⏵ [1m2[0m[0m │ [32m✔ [1m18[0m[0m │ [34m⏸ [1m7[0m[0m │ [33m↓ [1m1[0m[0m │ [32m↓ [1m9[0m[0m │ [34m⏸ 0[0m │ [1m⏱ 51s                  [0m[?2026l[?2026h[2K[1F[2K[1F[2K[1F[2K[1F[2K[1F[2K[1F[2K[1F[2K[1F[2K[1F[2K[1F[2K[1F[2K[1F[2K[1F[2K[1F[2K[1F[2K[1F[2K[1F[2K[1F[2K[1F[2K[1F[2K[1F[2K[1F[2K[1F[2K[1F[2K[0m[34mhome-manager-files> [0m.config/kitty/kitty.conf conflicts with recursively symlinked file
[0m┏━ [1mDependency Graph[0m:
┃ [34m┌─ [0m[32m✔ ensure-all-wrappers-paths-exist[0m [90m[0m                       
┃ [34m├─ [0m[32m✔ stage-2-init.sh[0m [90m[0m                                       
┃ [34m├─ [0m[34m⏸ activate[0m[90m waiting for [0m[33m1 ⏵[0m [33m1 ↓[0m                           
┃ [34m│  [0m   [34m┌─ [0m[1m[33m↓ ⏵ texinfo-7.2[0m[0m ⏱ 16s 7.2MiB/13.7MiB               [1m 53.1%[0m
┃ [34m│  [0m[34m┌─ [0m[34m⏸ user-environment[0m                                    
┃ [34m│  [0m[34m│  [0m[34m┌─ [0m[32m✔ unit-console-getty.service-disabled[0m [90m[0m             
┃ [34m│  [0m[34m│  [0m[34m├─ [0m[32m✔ unit-pipewire-pulse.service-disabled[0m [90m[0m            
┃ [34m│  [0m[34m│  [0m[34m├─ [0m[32m✔ unit-pipewire-pulse.socket-disabled[0m [90m[0m             
┃ [34m│  [0m[34m│  [0m[34m├─ [0m[32m✔ unit-pipewire.service-disabled[0m [90m[0m                  
┃ [34m│  [0m[34m│  [0m[34m├─ [0m[32m✔ unit-pipewire.socket-disabled[0m [90m[0m                   
┃ [34m│  [0m[34m│  [0m[34m├─ [0m[32m✔ unit-wireplumber.service-disabled[0m [90m[0m               
┃ [34m│  [0m[34m│  [0m[34m│  [0m         [34m┌─ [0m[32m✔ home-manager-path[0m [90m⏱ 5s[0m               
┃ [34m│  [0m[34m│  [0m[34m│  [0m      [34m┌─ [0m[32m✔ hm_fontconfigconf.d10hmfonts.conf[0m [90m[0m      
┃ [34m│  [0m[34m│  [0m[34m│  [0m   [34m┌─ [0m[33m[1m⏵ home-manager-files[0m[0m                         
┃ [34m│  [0m[34m│  [0m[34m│  [0m[34m┌─ [0m[34m⏸ home-manager-generation[0m                       
┃ [34m│  [0m[34m│  [0m[34m├─ [0m[34m⏸ unit-home-manager-licht.service[0m                  
┃ [34m│  [0m[34m├─ [0m[34m⏸ system-units[0m                                        
┃ [34m├─ [0m[34m⏸ etc[0m                                                    
┃ [34m├─ [0m[33m[1m⏵ perl-5.42.0-env[0m[0m ⏱ 6s (∅ 18s)                           
┃ [34m⏸ nixos-system-licht-26.05.20260907.93108a5[0m                 [0m
┣━━━ [1mBuilds          [0m │ [1mDownloads      [0m │ [1mHost                   [0m
┃    [33m⏵ [1m2[0m[0m │ [32m✔ [1m18[0m[0m │     │ [33m   [0m │ [32m   [0m │     │ [35m      localhost        [0m
┃    [33m   [0m │ [32m    [0m │     │ [33m↓ [1m1[0m[0m │ [32m↓ [1m9[0m[0m │     │ [35mcache.nixos.org (https)[0m
┗━ ∑ [33m⏵ [1m2[0m[0m │ [32m✔ [1m18[0m[0m │ [34m⏸ [1m7[0m[0m │ [33m↓ [1m1[0m[0m │ [32m↓ [1m9[0m[0m │ [34m⏸ 0[0m │ [1m⏱ 51s                  [0m[?2026l[?2026h[2K[1F[2K[1F[2K[1F[2K[1F[2K[1F[2K[1F[2K[1F[2K[1F[2K[1F[2K[1F[2K[1F[2K[1F[2K[1F[2K[1F[2K[1F[2K[1F[2K[1F[2K[1F[2K[1F[2K[1F[2K[1F[2K[1F[2K[1F[2K[1F[2K[0m┏━ [1mDependency Graph[0m:
┃ [34m┌─ [0m[32m✔ ensure-all-wrappers-paths-exist[0m [90m[0m                       
┃ [34m├─ [0m[32m✔ stage-2-init.sh[0m [90m[0m                                       
┃ [34m├─ [0m[34m⏸ activate[0m[90m waiting for [0m[33m1 ⏵[0m [33m1 ↓[0m                           
┃ [34m│  [0m   [34m┌─ [0m[1m[33m↓ ⏵ texinfo-7.2[0m[0m ⏱ 16s 7.2MiB/13.7MiB               [1m 53.1%[0m
┃ [34m│  [0m[34m┌─ [0m[34m⏸ user-environment[0m                                    
┃ [34m│  [0m[34m│  [0m[34m┌─ [0m[32m✔ unit-console-getty.service-disabled[0m [90m[0m             
┃ [34m│  [0m[34m│  [0m[34m├─ [0m[32m✔ unit-pipewire-pulse.service-disabled[0m [90m[0m            
┃ [34m│  [0m[34m│  [0m[34m├─ [0m[32m✔ unit-pipewire-pulse.socket-disabled[0m [90m[0m             
┃ [34m│  [0m[34m│  [0m[34m├─ [0m[32m✔ unit-pipewire.service-disabled[0m [90m[0m                  
┃ [34m│  [0m[34m│  [0m[34m├─ [0m[32m✔ unit-pipewire.socket-disabled[0m [90m[0m                   
┃ [34m│  [0m[34m│  [0m[34m├─ [0m[32m✔ unit-wireplumber.service-disabled[0m [90m[0m               
┃ [34m│  [0m[34m│  [0m[34m│  [0m         [34m┌─ [0m[32m✔ home-manager-path[0m [90m⏱ 5s[0m               
┃ [34m│  [0m[34m│  [0m[34m│  [0m      [34m┌─ [0m[32m✔ hm_fontconfigconf.d10hmfonts.conf[0m [90m[0m      
┃ [34m│  [0m[34m│  [0m[34m│  [0m   [34m┌─ [0m[33m[1m⏵ home-manager-files[0m[0m                         
┃ [34m│  [0m[34m│  [0m[34m│  [0m[34m┌─ [0m[34m⏸ home-manager-generation[0m                       
┃ [34m│  [0m[34m│  [0m[34m├─ [0m[34m⏸ unit-home-manager-licht.service[0m                  
┃ [34m│  [0m[34m├─ [0m[34m⏸ system-units[0m                                        
┃ [34m├─ [0m[34m⏸ etc[0m                                                    
┃ [34m├─ [0m[33m[1m⏵ perl-5.42.0-env[0m[0m ⏱ 6s (∅ 18s)                           
┃ [34m⏸ nixos-system-licht-26.05.20260907.93108a5[0m                 [0m
┣━━━ [1mBuilds          [0m │ [1mDownloads      [0m │ [1mHost                   [0m
┃    [33m⏵ [1m2[0m[0m │ [32m✔ [1m18[0m[0m │     │ [33m   [0m │ [32m   [0m │     │ [35m      localhost        [0m
┃    [33m   [0m │ [32m    [0m │     │ [33m↓ [1m1[0m[0m │ [32m↓ [1m9[0m[0m │     │ [35mcache.nixos.org (https)[0m
┗━ ∑ [33m⏵ [1m2[0m[0m │ [32m✔ [1m18[0m[0m │ [34m⏸ [1m7[0m[0m │ [33m↓ [1m1[0m[0m │ [32m↓ [1m9[0m[0m │ [34m⏸ 0[0m │ [1m⏱ 51s                  [0m[?2026l[?2026h[2K[1F[2K[1F[2K[1F[2K[1F[2K[1F[2K[1F[2K[1F[2K[1F[2K[1F[2K[1F[2K[1F[2K[1F[2K[1F[2K[1F[2K[1F[2K[1F[2K[1F[2K[1F[2K[1F[2K[1F[2K[1F[2K[1F[2K[1F[2K[1F[2K[0m┏━ [1mDependency Graph[0m:
┃ [34m┌─ [0m[32m✔ ensure-all-wrappers-paths-exist[0m [90m[0m                       
┃ [34m├─ [0m[32m✔ stage-2-init.sh[0m [90m[0m                                       
┃ [34m├─ [0m[34m⏸ activate[0m[90m waiting for [0m[33m1 ⏵[0m [33m1 ↓[0m                           
┃ [34m│  [0m   [34m┌─ [0m[1m[33m↓ ⏵ texinfo-7.2[0m[0m ⏱ 16s 7.2MiB/13.7MiB               [1m 53.1%[0m
┃ [34m│  [0m[34m┌─ [0m[34m⏸ user-environment[0m                                    
┃ [34m│  [0m[34m│  [0m[34m┌─ [0m[32m✔ unit-console-getty.service-disabled[0m [90m[0m             
┃ [34m│  [0m[34m│  [0m[34m├─ [0m[32m✔ unit-pipewire-pulse.service-disabled[0m [90m[0m            
┃ [34m│  [0m[34m│  [0m[34m├─ [0m[32m✔ unit-pipewire-pulse.socket-disabled[0m [90m[0m             
┃ [34m│  [0m[34m│  [0m[34m├─ [0m[32m✔ unit-pipewire.service-disabled[0m [90m[0m                  
┃ [34m│  [0m[34m│  [0m[34m├─ [0m[32m✔ unit-pipewire.socket-disabled[0m [90m[0m                   
┃ [34m│  [0m[34m│  [0m[34m├─ [0m[32m✔ unit-wireplumber.service-disabled[0m [90m[0m               
┃ [34m│  [0m[34m│  [0m[34m│  [0m         [34m┌─ [0m[32m✔ home-manager-path[0m [90m⏱ 5s[0m               
┃ [34m│  [0m[34m│  [0m[34m│  [0m      [34m┌─ [0m[32m✔ hm_fontconfigconf.d10hmfonts.conf[0m [90m[0m      
┃ [34m│  [0m[34m│  [0m[34m│  [0m   [34m┌─ [0m[33m[1m⏵ home-manager-files[0m[0m                         
┃ [34m│  [0m[34m│  [0m[34m│  [0m[34m┌─ [0m[34m⏸ home-manager-generation[0m                       
┃ [34m│  [0m[34m│  [0m[34m├─ [0m[34m⏸ unit-home-manager-licht.service[0m                  
┃ [34m│  [0m[34m├─ [0m[34m⏸ system-units[0m                                        
┃ [34m├─ [0m[34m⏸ etc[0m                                                    
┃ [34m├─ [0m[33m[1m⏵ perl-5.42.0-env[0m[0m ⏱ 6s (∅ 18s)                           
┃ [34m⏸ nixos-system-licht-26.05.20260907.93108a5[0m                 [0m
┣━━━ [1mBuilds          [0m │ [1mDownloads      [0m │ [1mHost                   [0m
┃    [33m⏵ [1m2[0m[0m │ [32m✔ [1m18[0m[0m │     │ [33m   [0m │ [32m   [0m │     │ [35m      localhost        [0m
┃    [33m   [0m │ [32m    [0m │     │ [33m↓ [1m1[0m[0m │ [32m↓ [1m9[0m[0m │     │ [35mcache.nixos.org (https)[0m
┗━ ∑ [33m⏵ [1m2[0m[0m │ [32m✔ [1m18[0m[0m │ [34m⏸ [1m7[0m[0m │ [33m↓ [1m1[0m[0m │ [32m↓ [1m9[0m[0m │ [34m⏸ 0[0m │ [1m⏱ 52s                  [0m[?2026l[?2026h[2K[1F[2K[1F[2K[1F[2K[1F[2K[1F[2K[1F[2K[1F[2K[1F[2K[1F[2K[1F[2K[1F[2K[1F[2K[1F[2K[1F[2K[1F[2K[1F[2K[1F[2K[1F[2K[1F[2K[1F[2K[1F[2K[1F[2K[1F[2K[1F[2K[0m┏━ [1mDependency Graph[0m:
┃ [34m┌─ [0m[32m✔ ensure-all-wrappers-paths-exist[0m [90m[0m                       
┃ [34m├─ [0m[32m✔ stage-2-init.sh[0m [90m[0m                                       
┃ [34m├─ [0m[34m⏸ activate[0m[90m waiting for [0m[33m1 ⏵[0m [33m1 ↓[0m                           
┃ [34m│  [0m   [34m┌─ [0m[1m[33m↓ ⏵ texinfo-7.2[0m[0m ⏱ 16s 7.4MiB/13.7MiB               [1m 54.0%[0m
┃ [34m│  [0m[34m┌─ [0m[34m⏸ user-environment[0m                                    
┃ [34m│  [0m[34m│  [0m[34m┌─ [0m[32m✔ unit-console-getty.service-disabled[0m [90m[0m             
┃ [34m│  [0m[34m│  [0m[34m├─ [0m[32m✔ unit-pipewire-pulse.service-disabled[0m [90m[0m            
┃ [34m│  [0m[34m│  [0m[34m├─ [0m[32m✔ unit-pipewire-pulse.socket-disabled[0m [90m[0m             
┃ [34m│  [0m[34m│  [0m[34m├─ [0m[32m✔ unit-pipewire.service-disabled[0m [90m[0m                  
┃ [34m│  [0m[34m│  [0m[34m├─ [0m[32m✔ unit-pipewire.socket-disabled[0m [90m[0m                   
┃ [34m│  [0m[34m│  [0m[34m├─ [0m[32m✔ unit-wireplumber.service-disabled[0m [90m[0m               
┃ [34m│  [0m[34m│  [0m[34m│  [0m         [34m┌─ [0m[32m✔ home-manager-path[0m [90m⏱ 5s[0m               
┃ [34m│  [0m[34m│  [0m[34m│  [0m      [34m┌─ [0m[32m✔ hm_fontconfigconf.d10hmfonts.conf[0m [90m[0m      
┃ [34m│  [0m[34m│  [0m[34m│  [0m   [34m┌─ [0m[33m[1m⏵ home-manager-files[0m[0m                         
┃ [34m│  [0m[34m│  [0m[34m│  [0m[34m┌─ [0m[34m⏸ home-manager-generation[0m                       
┃ [34m│  [0m[34m│  [0m[34m├─ [0m[34m⏸ unit-home-manager-licht.service[0m                  
┃ [34m│  [0m[34m├─ [0m[34m⏸ system-units[0m                                        
┃ [34m├─ [0m[34m⏸ etc[0m                                                    
┃ [34m├─ [0m[33m[1m⏵ perl-5.42.0-env[0m[0m ⏱ 7s (∅ 18s)                           
┃ [34m⏸ nixos-system-licht-26.05.20260907.93108a5[0m                 [0m
┣━━━ [1mBuilds          [0m │ [1mDownloads      [0m │ [1mHost                   [0m
┃    [33m⏵ [1m2[0m[0m │ [32m✔ [1m18[0m[0m │     │ [33m   [0m │ [32m   [0m │     │ [35m      localhost        [0m
┃    [33m   [0m │ [32m    [0m │     │ [33m↓ [1m1[0m[0m │ [32m↓ [1m9[0m[0m │     │ [35mcache.nixos.org (https)[0m
┗━ ∑ [33m⏵ [1m2[0m[0m │ [32m✔ [1m18[0m[0m │ [34m⏸ [1m7[0m[0m │ [33m↓ [1m1[0m[0m │ [32m↓ [1m9[0m[0m │ [34m⏸ 0[0m │ [1m⏱ 52s                  [0m[?2026l[?2026h[2K[1F[2K[1F[2K[1F[2K[1F[2K[1F[2K[1F[2K[1F[2K[1F[2K[1F[2K[1F[2K[1F[2K[1F[2K[1F[2K[1F[2K[1F[2K[1F[2K[1F[2K[1F[2K[1F[2K[1F[2K[1F[2K[1F[2K[1F[2K[1F[2K[0m┏━ [1mDependency Graph[0m:
┃ [34m┌─ [0m[32m✔ ensure-all-wrappers-paths-exist[0m [90m[0m                       
┃ [34m├─ [0m[32m✔ stage-2-init.sh[0m [90m[0m                                       
┃ [34m├─ [0m[34m⏸ activate[0m[90m waiting for [0m[33m1 ⏵[0m [33m1 ↓[0m                           
┃ [34m│  [0m   [34m┌─ [0m[1m[33m↓ ⏵ texinfo-7.2[0m[0m ⏱ 17s 7.5MiB/13.7MiB               [1m 54.9%[0m
┃ [34m│  [0m[34m┌─ [0m[34m⏸ user-environment[0m                                    
┃ [34m│  [0m[34m│  [0m[34m┌─ [0m[32m✔ unit-console-getty.service-disabled[0m [90m[0m             
┃ [34m│  [0m[34m│  [0m[34m├─ [0m[32m✔ unit-pipewire-pulse.service-disabled[0m [90m[0m            
┃ [34m│  [0m[34m│  [0m[34m├─ [0m[32m✔ unit-pipewire-pulse.socket-disabled[0m [90m[0m             
┃ [34m│  [0m[34m│  [0m[34m├─ [0m[32m✔ unit-pipewire.service-disabled[0m [90m[0m                  
┃ [34m│  [0m[34m│  [0m[34m├─ [0m[32m✔ unit-pipewire.socket-disabled[0m [90m[0m                   
┃ [34m│  [0m[34m│  [0m[34m├─ [0m[32m✔ unit-wireplumber.service-disabled[0m [90m[0m               
┃ [34m│  [0m[34m│  [0m[34m│  [0m         [34m┌─ [0m[32m✔ home-manager-path[0m [90m⏱ 5s[0m               
┃ [34m│  [0m[34m│  [0m[34m│  [0m      [34m┌─ [0m[32m✔ hm_fontconfigconf.d10hmfonts.conf[0m [90m[0m      
┃ [34m│  [0m[34m│  [0m[34m│  [0m   [34m┌─ [0m[33m[1m⏵ home-manager-files[0m[0m                         
┃ [34m│  [0m[34m│  [0m[34m│  [0m[34m┌─ [0m[34m⏸ home-manager-generation[0m                       
┃ [34m│  [0m[34m│  [0m[34m├─ [0m[34m⏸ unit-home-manager-licht.service[0m                  
┃ [34m│  [0m[34m├─ [0m[34m⏸ system-units[0m                                        
┃ [34m├─ [0m[34m⏸ etc[0m                                                    
┃ [34m├─ [0m[33m[1m⏵ perl-5.42.0-env[0m[0m ⏱ 7s (∅ 18s)                           
┃ [34m⏸ nixos-system-licht-26.05.20260907.93108a5[0m                 [0m
┣━━━ [1mBuilds          [0m │ [1mDownloads      [0m │ [1mHost                   [0m
┃    [33m⏵ [1m2[0m[0m │ [32m✔ [1m18[0m[0m │     │ [33m   [0m │ [32m   [0m │     │ [35m      localhost        [0m
┃    [33m   [0m │ [32m    [0m │     │ [33m↓ [1m1[0m[0m │ [32m↓ [1m9[0m[0m │     │ [35mcache.nixos.org (https)[0m
┗━ ∑ [33m⏵ [1m2[0m[0m │ [32m✔ [1m18[0m[0m │ [34m⏸ [1m7[0m[0m │ [33m↓ [1m1[0m[0m │ [32m↓ [1m9[0m[0m │ [34m⏸ 0[0m │ [1m⏱ 52s                  [0m[?2026l[?2026h[2K[1F[2K[1F[2K[1F[2K[1F[2K[1F[2K[1F[2K[1F[2K[1F[2K[1F[2K[1F[2K[1F[2K[1F[2K[1F[2K[1F[2K[1F[2K[1F[2K[1F[2K[1F[2K[1F[2K[1F[2K[1F[2K[1F[2K[1F[2K[1F[2K[0m┏━ [1mDependency Graph[0m:
┃ [34m┌─ [0m[32m✔ ensure-all-wrappers-paths-exist[0m [90m[0m                       
┃ [34m├─ [0m[32m✔ stage-2-init.sh[0m [90m[0m                                       
┃ [34m├─ [0m[34m⏸ activate[0m[90m waiting for [0m[33m1 ⏵[0m [33m1 ↓[0m                           
┃ [34m│  [0m   [34m┌─ [0m[1m[33m↓ ⏵ texinfo-7.2[0m[0m ⏱ 17s 7.5MiB/13.7MiB               [1m 54.9%[0m
┃ [34m│  [0m[34m┌─ [0m[34m⏸ user-environment[0m                                    
┃ [34m│  [0m[34m│  [0m[34m┌─ [0m[32m✔ unit-console-getty.service-disabled[0m [90m[0m             
┃ [34m│  [0m[34m│  [0m[34m├─ [0m[32m✔ unit-pipewire-pulse.service-disabled[0m [90m[0m            
┃ [34m│  [0m[34m│  [0m[34m├─ [0m[32m✔ unit-pipewire-pulse.socket-disabled[0m [90m[0m             
┃ [34m│  [0m[34m│  [0m[34m├─ [0m[32m✔ unit-pipewire.service-disabled[0m [90m[0m                  
┃ [34m│  [0m[34m│  [0m[34m├─ [0m[32m✔ unit-pipewire.socket-disabled[0m [90m[0m                   
┃ [34m│  [0m[34m│  [0m[34m├─ [0m[32m✔ unit-wireplumber.service-disabled[0m [90m[0m               
┃ [34m│  [0m[34m│  [0m[34m│  [0m         [34m┌─ [0m[32m✔ home-manager-path[0m [90m⏱ 5s[0m               
┃ [34m│  [0m[34m│  [0m[34m│  [0m      [34m┌─ [0m[32m✔ hm_fontconfigconf.d10hmfonts.conf[0m [90m[0m      
┃ [34m│  [0m[34m│  [0m[34m│  [0m   [34m┌─ [0m[33m[1m⏵ home-manager-files[0m[0m                         
┃ [34m│  [0m[34m│  [0m[34m│  [0m[34m┌─ [0m[34m⏸ home-manager-generation[0m                       
┃ [34m│  [0m[34m│  [0m[34m├─ [0m[34m⏸ unit-home-manager-licht.service[0m                  
┃ [34m│  [0m[34m├─ [0m[34m⏸ system-units[0m                                        
┃ [34m├─ [0m[34m⏸ etc[0m                                                    
┃ [34m├─ [0m[33m[1m⏵ perl-5.42.0-env[0m[0m ⏱ 7s (∅ 18s)                           
┃ [34m⏸ nixos-system-licht-26.05.20260907.93108a5[0m                 [0m
┣━━━ [1mBuilds          [0m │ [1mDownloads      [0m │ [1mHost                   [0m
┃    [33m⏵ [1m2[0m[0m │ [32m✔ [1m18[0m[0m │     │ [33m   [0m │ [32m   [0m │     │ [35m      localhost        [0m
┃    [33m   [0m │ [32m    [0m │     │ [33m↓ [1m1[0m[0m │ [32m↓ [1m9[0m[0m │     │ [35mcache.nixos.org (https)[0m
┗━ ∑ [33m⏵ [1m2[0m[0m │ [32m✔ [1m18[0m[0m │ [34m⏸ [1m7[0m[0m │ [33m↓ [1m1[0m[0m │ [32m↓ [1m9[0m[0m │ [34m⏸ 0[0m │ [1m⏱ 52s                  [0m[?2026l[?2026h[2K[1F[2K[1F[2K[1F[2K[1F[2K[1F[2K[1F[2K[1F[2K[1F[2K[1F[2K[1F[2K[1F[2K[1F[2K[1F[2K[1F[2K[1F[2K[1F[2K[1F[2K[1F[2K[1F[2K[1F[2K[1F[2K[1F[2K[1F[2K[1F[2K[0m┏━ [1mDependency Graph[0m:
┃ [34m┌─ [0m[32m✔ ensure-all-wrappers-paths-exist[0m [90m[0m                       
┃ [34m├─ [0m[32m✔ stage-2-init.sh[0m [90m[0m                                       
┃ [34m├─ [0m[34m⏸ activate[0m[90m waiting for [0m[33m1 ↓[0m                               
┃ [34m│  [0m   [34m┌─ [0m[1m[33m↓ ⏵ texinfo-7.2[0m[0m ⏱ 17s 7.6MiB/13.7MiB               [1m 55.8%[0m
┃ [34m│  [0m[34m┌─ [0m[34m⏸ user-environment[0m                                    
┃ [34m│  [0m[34m│  [0m[34m┌─ [0m[32m✔ unit-console-getty.service-disabled[0m [90m[0m             
┃ [34m│  [0m[34m│  [0m[34m├─ [0m[32m✔ unit-pipewire-pulse.service-disabled[0m [90m[0m            
┃ [34m│  [0m[34m│  [0m[34m├─ [0m[32m✔ unit-pipewire-pulse.socket-disabled[0m [90m[0m             
┃ [34m│  [0m[34m│  [0m[34m├─ [0m[32m✔ unit-pipewire.service-disabled[0m [90m[0m                  
┃ [34m│  [0m[34m│  [0m[34m├─ [0m[32m✔ unit-pipewire.socket-disabled[0m [90m[0m                   
┃ [34m│  [0m[34m│  [0m[34m├─ [0m[32m✔ unit-wireplumber.service-disabled[0m [90m[0m               
┃ [34m│  [0m[34m│  [0m[34m│  [0m         [34m┌─ [0m[32m✔ home-manager-path[0m [90m⏱ 5s[0m               
┃ [34m│  [0m[34m│  [0m[34m│  [0m      [34m┌─ [0m[32m✔ hm_fontconfigconf.d10hmfonts.conf[0m [90m[0m      
┃ [34m│  [0m[34m│  [0m[34m│  [0m   [34m┌─ [0m[32m✔ home-manager-files[0m [90m[0m                        
┃ [34m│  [0m[34m│  [0m[34m│  [0m[34m┌─ [0m[34m⏸ home-manager-generation[0m                       
┃ [34m│  [0m[34m│  [0m[34m├─ [0m[34m⏸ unit-home-manager-licht.service[0m                  
┃ [34m│  [0m[34m├─ [0m[34m⏸ system-units[0m                                        
┃ [34m├─ [0m[34m⏸ etc[0m                                                    
┃ [34m├─ [0m[33m[1m⏵ perl-5.42.0-env[0m[0m ⏱ 7s (∅ 18s)                           
┃ [34m⏸ nixos-system-licht-26.05.20260907.93108a5[0m                 [0m
┣━━━ [1mBuilds          [0m │ [1mDownloads      [0m │ [1mHost                   [0m
┃    [33m⏵ [1m1[0m[0m │ [32m✔ [1m19[0m[0m │     │ [33m   [0m │ [32m   [0m │     │ [35m      localhost        [0m
┃    [33m   [0m │ [32m    [0m │     │ [33m↓ [1m1[0m[0m │ [32m↓ [1m9[0m[0m │     │ [35mcache.nixos.org (https)[0m
┗━ ∑ [33m⏵ [1m1[0m[0m │ [32m✔ [1m19[0m[0m │ [34m⏸ [1m7[0m[0m │ [33m↓ [1m1[0m[0m │ [32m↓ [1m9[0m[0m │ [34m⏸ 0[0m │ [1m⏱ 52s                  [0m[?2026l[?2026h[2K[1F[2K[1F[2K[1F[2K[1F[2K[1F[2K[1F[2K[1F[2K[1F[2K[1F[2K[1F[2K[1F[2K[1F[2K[1F[2K[1F[2K[1F[2K[1F[2K[1F[2K[1F[2K[1F[2K[1F[2K[1F[2K[1F[2K[1F[2K[1F[2K[0m┏━ [1mDependency Graph[0m:
┃ [34m┌─ [0m[32m✔ ensure-all-wrappers-paths-exist[0m [90m[0m                       
┃ [34m├─ [0m[32m✔ stage-2-init.sh[0m [90m[0m                                       
┃ [34m├─ [0m[34m⏸ activate[0m[90m waiting for [0m[33m1 ↓[0m                               
┃ [34m│  [0m   [34m┌─ [0m[32m✔ unit-console-getty.service-disabled[0m [90m[0m             
┃ [34m│  [0m   [34m├─ [0m[32m✔ unit-pipewire-pulse.service-disabled[0m [90m[0m            
┃ [34m│  [0m   [34m├─ [0m[32m✔ unit-pipewire-pulse.socket-disabled[0m [90m[0m             
┃ [34m│  [0m   [34m├─ [0m[32m✔ unit-pipewire.service-disabled[0m [90m[0m                  
┃ [34m│  [0m   [34m├─ [0m[32m✔ unit-pipewire.socket-disabled[0m [90m[0m                   
┃ [34m│  [0m   [34m├─ [0m[32m✔ unit-wireplumber.service-disabled[0m [90m[0m               
┃ [34m│  [0m   [34m│  [0m      [34m┌─ [0m[32m✔ hm_fontconfigconf.d10hmfonts.conf[0m [90m[0m      
┃ [34m│  [0m   [34m│  [0m   [34m┌─ [0m[32m✔ home-manager-files[0m [90m[0m                        
┃ [34m│  [0m   [34m│  [0m[34m┌─ [0m[34m⏸ home-manager-generation[0m                       
┃ [34m│  [0m   [34m├─ [0m[34m⏸ unit-home-manager-licht.service[0m                  
┃ [34m│  [0m[34m┌─ [0m[34m⏸ system-units[0m                                        
┃ [34m│  [0m[34m│  [0m[34m┌─ [0m[32m✔ home-manager-path[0m [90m⏱ 5s[0m                           
┃ [34m│  [0m[34m│  [0m[34m├─ [0m[1m[33m↓ ⏵ texinfo-7.2[0m[0m ⏱ 17s 7.6MiB/13.7MiB               [1m 55.8%[0m
┃ [34m│  [0m[34m├─ [0m[34m⏸ user-environment[0m                                    
┃ [34m├─ [0m[34m⏸ etc[0m                                                    
┃ [34m├─ [0m[33m[1m⏵ perl-5.42.0-env[0m[0m ⏱ 7s (∅ 18s)                           
┃ [34m⏸ nixos-system-licht-26.05.20260907.93108a5[0m                 [0m
┣━━━ [1mBuilds          [0m │ [1mDownloads      [0m │ [1mHost                   [0m
┃    [33m⏵ [1m1[0m[0m │ [32m✔ [1m19[0m[0m │     │ [33m   [0m │ [32m   [0m │     │ [35m      localhost        [0m
┃    [33m   [0m │ [32m    [0m │     │ [33m↓ [1m1[0m[0m │ [32m↓ [1m9[0m[0m │     │ [35mcache.nixos.org (https)[0m
┗━ ∑ [33m⏵ [1m1[0m[0m │ [32m✔ [1m19[0m[0m │ [34m⏸ [1m7[0m[0m │ [33m↓ [1m1[0m[0m │ [32m↓ [1m9[0m[0m │ [34m⏸ 0[0m │ [1m⏱ 52s                  [0m[?2026l[?2026h[2K[1F[2K[1F[2K[1F[2K[1F[2K[1F[2K[1F[2K[1F[2K[1F[2K[1F[2K[1F[2K[1F[2K[1F[2K[1F[2K[1F[2K[1F[2K[1F[2K[1F[2K[1F[2K[1F[2K[1F[2K[1F[2K[1F[2K[1F[2K[1F[2K[0m┏━ [1mDependency Graph[0m:
┃ [34m┌─ [0m[32m✔ ensure-all-wrappers-paths-exist[0m [90m[0m                       
┃ [34m├─ [0m[32m✔ stage-2-init.sh[0m [90m[0m                                       
┃ [34m├─ [0m[34m⏸ activate[0m[90m waiting for [0m[33m1 ↓[0m                               
┃ [34m│  [0m   [34m┌─ [0m[32m✔ unit-console-getty.service-disabled[0m [90m[0m             
┃ [34m│  [0m   [34m├─ [0m[32m✔ unit-pipewire-pulse.service-disabled[0m [90m[0m            
┃ [34m│  [0m   [34m├─ [0m[32m✔ unit-pipewire-pulse.socket-disabled[0m [90m[0m             
┃ [34m│  [0m   [34m├─ [0m[32m✔ unit-pipewire.service-disabled[0m [90m[0m                  
┃ [34m│  [0m   [34m├─ [0m[32m✔ unit-pipewire.socket-disabled[0m [90m[0m                   
┃ [34m│  [0m   [34m├─ [0m[32m✔ unit-wireplumber.service-disabled[0m [90m[0m               
┃ [34m│  [0m   [34m│  [0m      [34m┌─ [0m[32m✔ hm_fontconfigconf.d10hmfonts.conf[0m [90m[0m      
┃ [34m│  [0m   [34m│  [0m   [34m┌─ [0m[32m✔ home-manager-files[0m [90m[0m                        
┃ [34m│  [0m   [34m│  [0m[34m┌─ [0m[34m⏸ home-manager-generation[0m                       
┃ [34m│  [0m   [34m├─ [0m[34m⏸ unit-home-manager-licht.service[0m                  
┃ [34m│  [0m[34m┌─ [0m[34m⏸ system-units[0m                                        
┃ [34m│  [0m[34m│  [0m[34m┌─ [0m[32m✔ home-manager-path[0m [90m⏱ 5s[0m                           
┃ [34m│  [0m[34m│  [0m[34m├─ [0m[1m[33m↓ ⏵ texinfo-7.2[0m[0m ⏱ 17s 7.6MiB/13.7MiB               [1m 55.8%[0m
┃ [34m│  [0m[34m├─ [0m[34m⏸ user-environment[0m                                    
┃ [34m├─ [0m[34m⏸ etc[0m                                                    
┃ [34m├─ [0m[33m[1m⏵ perl-5.42.0-env[0m[0m ⏱ 7s (∅ 18s)                           
┃ [34m⏸ nixos-system-licht-26.05.20260907.93108a5[0m                 [0m
┣━━━ [1mBuilds          [0m │ [1mDownloads      [0m │ [1mHost                   [0m
┃    [33m⏵ [1m1[0m[0m │ [32m✔ [1m19[0m[0m │     │ [33m   [0m │ [32m   [0m │     │ [35m      localhost        [0m
┃    [33m   [0m │ [32m    [0m │     │ [33m↓ [1m1[0m[0m │ [32m↓ [1m9[0m[0m │     │ [35mcache.nixos.org (https)[0m
┗━ ∑ [33m⏵ [1m1[0m[0m │ [32m✔ [1m19[0m[0m │ [34m⏸ [1m7[0m[0m │ [33m↓ [1m1[0m[0m │ [32m↓ [1m9[0m[0m │ [34m⏸ 0[0m │ [1m⏱ 52s                  [0m[?2026l[?2026h[2K[1F[2K[1F[2K[1F[2K[1F[2K[1F[2K[1F[2K[1F[2K[1F[2K[1F[2K[1F[2K[1F[2K[1F[2K[1F[2K[1F[2K[1F[2K[1F[2K[1F[2K[1F[2K[1F[2K[1F[2K[1F[2K[1F[2K[1F[2K[1F[2K[0m[34mhome-manager-generation> [0mbuilding '/nix/store/ccsi0mj54pfr7a478ri30xpcp2kkr0ad-home-manager-generation.drv'
[0m┏━ [1mDependency Graph[0m:
┃ [34m┌─ [0m[32m✔ ensure-all-wrappers-paths-exist[0m [90m[0m                       
┃ [34m├─ [0m[32m✔ stage-2-init.sh[0m [90m[0m                                       
┃ [34m├─ [0m[34m⏸ activate[0m[90m waiting for [0m[33m1 ⏵[0m [33m1 ↓[0m                           
┃ [34m│  [0m   [34m┌─ [0m[32m✔ unit-console-getty.service-disabled[0m [90m[0m             
┃ [34m│  [0m   [34m├─ [0m[32m✔ unit-pipewire-pulse.service-disabled[0m [90m[0m            
┃ [34m│  [0m   [34m├─ [0m[32m✔ unit-pipewire-pulse.socket-disabled[0m [90m[0m             
┃ [34m│  [0m   [34m├─ [0m[32m✔ unit-pipewire.service-disabled[0m [90m[0m                  
┃ [34m│  [0m   [34m├─ [0m[32m✔ unit-pipewire.socket-disabled[0m [90m[0m                   
┃ [34m│  [0m   [34m├─ [0m[32m✔ unit-wireplumber.service-disabled[0m [90m[0m               
┃ [34m│  [0m   [34m│  [0m      [34m┌─ [0m[32m✔ hm_fontconfigconf.d10hmfonts.conf[0m [90m[0m      
┃ [34m│  [0m   [34m│  [0m   [34m┌─ [0m[32m✔ home-manager-files[0m [90m[0m                        
┃ [34m│  [0m   [34m│  [0m[34m┌─ [0m[33m[1m⏵ home-manager-generation[0m[0m                       
┃ [34m│  [0m   [34m├─ [0m[34m⏸ unit-home-manager-licht.service[0m                  
┃ [34m│  [0m[34m┌─ [0m[34m⏸ system-units[0m                                        
┃ [34m│  [0m[34m│  [0m[34m┌─ [0m[32m✔ home-manager-path[0m [90m⏱ 5s[0m                           
┃ [34m│  [0m[34m│  [0m[34m├─ [0m[1m[33m↓ ⏵ texinfo-7.2[0m[0m ⏱ 17s 7.8MiB/13.7MiB               [1m 56.7%[0m
┃ [34m│  [0m[34m├─ [0m[34m⏸ user-environment[0m                                    
┃ [34m├─ [0m[34m⏸ etc[0m                                                    
┃ [34m├─ [0m[33m[1m⏵ perl-5.42.0-env[0m[0m ⏱ 7s (∅ 18s)                           
┃ [34m⏸ nixos-system-licht-26.05.20260907.93108a5[0m                 [0m
┣━━━ [1mBuilds          [0m │ [1mDownloads      [0m │ [1mHost                   [0m
┃    [33m⏵ [1m2[0m[0m │ [32m✔ [1m19[0m[0m │     │ [33m   [0m │ [32m   [0m │     │ [35m      localhost        [0m
┃    [33m   [0m │ [32m    [0m │     │ [33m↓ [1m1[0m[0m │ [32m↓ [1m9[0m[0m │     │ [35mcache.nixos.org (https)[0m
┗━ ∑ [33m⏵ [1m2[0m[0m │ [32m✔ [1m19[0m[0m │ [34m⏸ [1m6[0m[0m │ [33m↓ [1m1[0m[0m │ [32m↓ [1m9[0m[0m │ [34m⏸ 0[0m │ [1m⏱ 52s                  [0m[?2026l[?2026h[2K[1F[2K[1F[2K[1F[2K[1F[2K[1F[2K[1F[2K[1F[2K[1F[2K[1F[2K[1F[2K[1F[2K[1F[2K[1F[2K[1F[2K[1F[2K[1F[2K[1F[2K[1F[2K[1F[2K[1F[2K[1F[2K[1F[2K[1F[2K[1F[2K[0m┏━ [1mDependency Graph[0m:
┃ [34m┌─ [0m[32m✔ ensure-all-wrappers-paths-exist[0m [90m[0m                       
┃ [34m├─ [0m[32m✔ stage-2-init.sh[0m [90m[0m                                       
┃ [34m├─ [0m[34m⏸ activate[0m[90m waiting for [0m[33m1 ⏵[0m [33m1 ↓[0m                           
┃ [34m│  [0m   [34m┌─ [0m[1m[33m↓ ⏵ texinfo-7.2[0m[0m ⏱ 17s 7.8MiB/13.7MiB               [1m 57.2%[0m
┃ [34m│  [0m[34m┌─ [0m[34m⏸ user-environment[0m                                    
┃ [34m│  [0m[34m│  [0m[34m┌─ [0m[32m✔ unit-console-getty.service-disabled[0m [90m[0m             
┃ [34m│  [0m[34m│  [0m[34m├─ [0m[32m✔ unit-pipewire-pulse.service-disabled[0m [90m[0m            
┃ [34m│  [0m[34m│  [0m[34m├─ [0m[32m✔ unit-pipewire-pulse.socket-disabled[0m [90m[0m             
┃ [34m│  [0m[34m│  [0m[34m├─ [0m[32m✔ unit-pipewire.service-disabled[0m [90m[0m                  
┃ [34m│  [0m[34m│  [0m[34m├─ [0m[32m✔ unit-pipewire.socket-disabled[0m [90m[0m                   
┃ [34m│  [0m[34m│  [0m[34m├─ [0m[32m✔ unit-wireplumber.service-disabled[0m [90m[0m               
┃ [34m│  [0m[34m│  [0m[34m│  [0m         [34m┌─ [0m[32m✔ home-manager-path[0m [90m⏱ 5s[0m               
┃ [34m│  [0m[34m│  [0m[34m│  [0m      [34m┌─ [0m[32m✔ hm_fontconfigconf.d10hmfonts.conf[0m [90m[0m      
┃ [34m│  [0m[34m│  [0m[34m│  [0m   [34m┌─ [0m[32m✔ home-manager-files[0m [90m[0m                        
┃ [34m│  [0m[34m│  [0m[34m│  [0m[34m┌─ [0m[33m[1m⏵ home-manager-generation[0m[0m                       
┃ [34m│  [0m[34m│  [0m[34m├─ [0m[34m⏸ unit-home-manager-licht.service[0m                  
┃ [34m│  [0m[34m├─ [0m[34m⏸ system-units[0m                                        
┃ [34m├─ [0m[34m⏸ etc[0m                                                    
┃ [34m├─ [0m[33m[1m⏵ perl-5.42.0-env[0m[0m ⏱ 7s (∅ 18s)                           
┃ [34m⏸ nixos-system-licht-26.05.20260907.93108a5[0m                 [0m
┣━━━ [1mBuilds          [0m │ [1mDownloads      [0m │ [1mHost                   [0m
┃    [33m⏵ [1m2[0m[0m │ [32m✔ [1m19[0m[0m │     │ [33m   [0m │ [32m   [0m │     │ [35m      localhost        [0m
┃    [33m   [0m │ [32m    [0m │     │ [33m↓ [1m1[0m[0m │ [32m↓ [1m9[0m[0m │     │ [35mcache.nixos.org (https)[0m
┗━ ∑ [33m⏵ [1m2[0m[0m │ [32m✔ [1m19[0m[0m │ [34m⏸ [1m6[0m[0m │ [33m↓ [1m1[0m[0m │ [32m↓ [1m9[0m[0m │ [34m⏸ 0[0m │ [1m⏱ 52s                  [0m[?2026l[?2026h[2K[1F[2K[1F[2K[1F[2K[1F[2K[1F[2K[1F[2K[1F[2K[1F[2K[1F[2K[1F[2K[1F[2K[1F[2K[1F[2K[1F[2K[1F[2K[1F[2K[1F[2K[1F[2K[1F[2K[1F[2K[1F[2K[1F[2K[1F[2K[1F[2K[0m┏━ [1mDependency Graph[0m:
┃ [34m┌─ [0m[32m✔ ensure-all-wrappers-paths-exist[0m [90m[0m                       
┃ [34m├─ [0m[32m✔ stage-2-init.sh[0m [90m[0m                                       
┃ [34m├─ [0m[34m⏸ activate[0m[90m waiting for [0m[33m1 ⏵[0m [33m1 ↓[0m                           
┃ [34m│  [0m   [34m┌─ [0m[1m[33m↓ ⏵ texinfo-7.2[0m[0m ⏱ 17s 7.9MiB/13.7MiB               [1m 57.6%[0m
┃ [34m│  [0m[34m┌─ [0m[34m⏸ user-environment[0m                                    
┃ [34m│  [0m[34m│  [0m[34m┌─ [0m[32m✔ unit-console-getty.service-disabled[0m [90m[0m             
┃ [34m│  [0m[34m│  [0m[34m├─ [0m[32m✔ unit-pipewire-pulse.service-disabled[0m [90m[0m            
┃ [34m│  [0m[34m│  [0m[34m├─ [0m[32m✔ unit-pipewire-pulse.socket-disabled[0m [90m[0m             
┃ [34m│  [0m[34m│  [0m[34m├─ [0m[32m✔ unit-pipewire.service-disabled[0m [90m[0m                  
┃ [34m│  [0m[34m│  [0m[34m├─ [0m[32m✔ unit-pipewire.socket-disabled[0m [90m[0m                   
┃ [34m│  [0m[34m│  [0m[34m├─ [0m[32m✔ unit-wireplumber.service-disabled[0m [90m[0m               
┃ [34m│  [0m[34m│  [0m[34m│  [0m         [34m┌─ [0m[32m✔ home-manager-path[0m [90m⏱ 5s[0m               
┃ [34m│  [0m[34m│  [0m[34m│  [0m      [34m┌─ [0m[32m✔ hm_fontconfigconf.d10hmfonts.conf[0m [90m[0m      
┃ [34m│  [0m[34m│  [0m[34m│  [0m   [34m┌─ [0m[32m✔ home-manager-files[0m [90m[0m                        
┃ [34m│  [0m[34m│  [0m[34m│  [0m[34m┌─ [0m[33m[1m⏵ home-manager-generation[0m[0m                       
┃ [34m│  [0m[34m│  [0m[34m├─ [0m[34m⏸ unit-home-manager-licht.service[0m                  
┃ [34m│  [0m[34m├─ [0m[34m⏸ system-units[0m                                        
┃ [34m├─ [0m[34m⏸ etc[0m                                                    
┃ [34m├─ [0m[33m[1m⏵ perl-5.42.0-env[0m[0m ⏱ 7s (∅ 18s)                           
┃ [34m⏸ nixos-system-licht-26.05.20260907.93108a5[0m                 [0m
┣━━━ [1mBuilds          [0m │ [1mDownloads      [0m │ [1mHost                   [0m
┃    [33m⏵ [1m2[0m[0m │ [32m✔ [1m19[0m[0m │     │ [33m   [0m │ [32m   [0m │     │ [35m      localhost        [0m
┃    [33m   [0m │ [32m    [0m │     │ [33m↓ [1m1[0m[0m │ [32m↓ [1m9[0m[0m │     │ [35mcache.nixos.org (https)[0m
┗━ ∑ [33m⏵ [1m2[0m[0m │ [32m✔ [1m19[0m[0m │ [34m⏸ [1m6[0m[0m │ [33m↓ [1m1[0m[0m │ [32m↓ [1m9[0m[0m │ [34m⏸ 0[0m │ [1m⏱ 52s                  [0m[?2026l[?2026h[2K[1F[2K[1F[2K[1F[2K[1F[2K[1F[2K[1F[2K[1F[2K[1F[2K[1F[2K[1F[2K[1F[2K[1F[2K[1F[2K[1F[2K[1F[2K[1F[2K[1F[2K[1F[2K[1F[2K[1F[2K[1F[2K[1F[2K[1F[2K[1F[2K[0m┏━ [1mDependency Graph[0m:
┃ [34m┌─ [0m[32m✔ ensure-all-wrappers-paths-exist[0m [90m[0m                       
┃ [34m├─ [0m[32m✔ stage-2-init.sh[0m [90m[0m                                       
┃ [34m├─ [0m[34m⏸ activate[0m[90m waiting for [0m[33m1 ↓[0m                               
┃ [34m│  [0m   [34m┌─ [0m[1m[33m↓ ⏵ texinfo-7.2[0m[0m ⏱ 17s 7.9MiB/13.7MiB               [1m 57.6%[0m
┃ [34m│  [0m[34m┌─ [0m[34m⏸ user-environment[0m                                    
┃ [34m│  [0m[34m│  [0m[34m┌─ [0m[32m✔ unit-console-getty.service-disabled[0m [90m[0m             
┃ [34m│  [0m[34m│  [0m[34m├─ [0m[32m✔ unit-pipewire-pulse.service-disabled[0m [90m[0m            
┃ [34m│  [0m[34m│  [0m[34m├─ [0m[32m✔ unit-pipewire-pulse.socket-disabled[0m [90m[0m             
┃ [34m│  [0m[34m│  [0m[34m├─ [0m[32m✔ unit-pipewire.service-disabled[0m [90m[0m                  
┃ [34m│  [0m[34m│  [0m[34m├─ [0m[32m✔ unit-pipewire.socket-disabled[0m [90m[0m                   
┃ [34m│  [0m[34m│  [0m[34m├─ [0m[32m✔ unit-wireplumber.service-disabled[0m [90m[0m               
┃ [34m│  [0m[34m│  [0m[34m│  [0m         [34m┌─ [0m[32m✔ home-manager-path[0m [90m⏱ 5s[0m               
┃ [34m│  [0m[34m│  [0m[34m│  [0m      [34m┌─ [0m[32m✔ hm_fontconfigconf.d10hmfonts.conf[0m [90m[0m      
┃ [34m│  [0m[34m│  [0m[34m│  [0m   [34m┌─ [0m[32m✔ home-manager-files[0m [90m[0m                        
┃ [34m│  [0m[34m│  [0m[34m│  [0m[34m┌─ [0m[32m✔ home-manager-generation[0m [90m[0m                      
┃ [34m│  [0m[34m│  [0m[34m├─ [0m[34m⏸ unit-home-manager-licht.service[0m                  
┃ [34m│  [0m[34m├─ [0m[34m⏸ system-units[0m                                        
┃ [34m├─ [0m[34m⏸ etc[0m                                                    
┃ [34m├─ [0m[33m[1m⏵ perl-5.42.0-env[0m[0m ⏱ 7s (∅ 18s)                           
┃ [34m⏸ nixos-system-licht-26.05.20260907.93108a5[0m                 [0m
┣━━━ [1mBuilds          [0m │ [1mDownloads      [0m │ [1mHost                   [0m
┃    [33m⏵ [1m1[0m[0m │ [32m✔ [1m20[0m[0m │     │ [33m   [0m │ [32m   [0m │     │ [35m      localhost        [0m
┃    [33m   [0m │ [32m    [0m │     │ [33m↓ [1m1[0m[0m │ [32m↓ [1m9[0m[0m │     │ [35mcache.nixos.org (https)[0m
┗━ ∑ [33m⏵ [1m1[0m[0m │ [32m✔ [1m20[0m[0m │ [34m⏸ [1m6[0m[0m │ [33m↓ [1m1[0m[0m │ [32m↓ [1m9[0m[0m │ [34m⏸ 0[0m │ [1m⏱ 52s                  [0m[?2026l[?2026h[2K[1F[2K[1F[2K[1F[2K[1F[2K[1F[2K[1F[2K[1F[2K[1F[2K[1F[2K[1F[2K[1F[2K[1F[2K[1F[2K[1F[2K[1F[2K[1F[2K[1F[2K[1F[2K[1F[2K[1F[2K[1F[2K[1F[2K[1F[2K[1F[2K[0m┏━ [1mDependency Graph[0m:
┃ [34m┌─ [0m[32m✔ ensure-all-wrappers-paths-exist[0m [90m[0m                       
┃ [34m├─ [0m[32m✔ stage-2-init.sh[0m [90m[0m                                       
┃ [34m├─ [0m[34m⏸ activate[0m[90m waiting for [0m[33m1 ↓[0m                               
┃ [34m│  [0m   [34m┌─ [0m[32m✔ unit-console-getty.service-disabled[0m [90m[0m             
┃ [34m│  [0m   [34m├─ [0m[32m✔ unit-pipewire-pulse.service-disabled[0m [90m[0m            
┃ [34m│  [0m   [34m├─ [0m[32m✔ unit-pipewire-pulse.socket-disabled[0m [90m[0m             
┃ [34m│  [0m   [34m├─ [0m[32m✔ unit-pipewire.service-disabled[0m [90m[0m                  
┃ [34m│  [0m   [34m├─ [0m[32m✔ unit-pipewire.socket-disabled[0m [90m[0m                   
┃ [34m│  [0m   [34m├─ [0m[32m✔ unit-wireplumber.service-disabled[0m [90m[0m               
┃ [34m│  [0m   [34m│  [0m      [34m┌─ [0m[32m✔ hm_fontconfigconf.d10hmfonts.conf[0m [90m[0m      
┃ [34m│  [0m   [34m│  [0m   [34m┌─ [0m[32m✔ home-manager-files[0m [90m[0m                        
┃ [34m│  [0m   [34m│  [0m[34m┌─ [0m[32m✔ home-manager-generation[0m [90m[0m                      
┃ [34m│  [0m   [34m├─ [0m[34m⏸ unit-home-manager-licht.service[0m                  
┃ [34m│  [0m[34m┌─ [0m[34m⏸ system-units[0m                                        
┃ [34m│  [0m[34m│  [0m[34m┌─ [0m[32m✔ home-manager-path[0m [90m⏱ 5s[0m                           
┃ [34m│  [0m[34m│  [0m[34m├─ [0m[1m[33m↓ ⏵ texinfo-7.2[0m[0m ⏱ 17s 8.0MiB/13.7MiB               [1m 58.6%[0m
┃ [34m│  [0m[34m├─ [0m[34m⏸ user-environment[0m                                    
┃ [34m├─ [0m[34m⏸ etc[0m                                                    
┃ [34m├─ [0m[33m[1m⏵ perl-5.42.0-env[0m[0m ⏱ 7s (∅ 18s)                           
┃ [34m⏸ nixos-system-licht-26.05.20260907.93108a5[0m                 [0m
┣━━━ [1mBuilds          [0m │ [1mDownloads      [0m │ [1mHost                   [0m
┃    [33m⏵ [1m1[0m[0m │ [32m✔ [1m20[0m[0m │     │ [33m   [0m │ [32m   [0m │     │ [35m      localhost        [0m
┃    [33m   [0m │ [32m    [0m │     │ [33m↓ [1m1[0m[0m │ [32m↓ [1m9[0m[0m │     │ [35mcache.nixos.org (https)[0m
┗━ ∑ [33m⏵ [1m1[0m[0m │ [32m✔ [1m20[0m[0m │ [34m⏸ [1m6[0m[0m │ [33m↓ [1m1[0m[0m │ [32m↓ [1m9[0m[0m │ [34m⏸ 0[0m │ [1m⏱ 52s                  [0m[?2026l[?2026h[2K[1F[2K[1F[2K[1F[2K[1F[2K[1F[2K[1F[2K[1F[2K[1F[2K[1F[2K[1F[2K[1F[2K[1F[2K[1F[2K[1F[2K[1F[2K[1F[2K[1F[2K[1F[2K[1F[2K[1F[2K[1F[2K[1F[2K[1F[2K[1F[2K[0m┏━ [1mDependency Graph[0m:
┃ [34m┌─ [0m[32m✔ ensure-all-wrappers-paths-exist[0m [90m[0m                       
┃ [34m├─ [0m[32m✔ stage-2-init.sh[0m [90m[0m                                       
┃ [34m├─ [0m[34m⏸ activate[0m[90m waiting for [0m[33m1 ↓[0m                               
┃ [34m│  [0m   [34m┌─ [0m[32m✔ unit-console-getty.service-disabled[0m [90m[0m             
┃ [34m│  [0m   [34m├─ [0m[32m✔ unit-pipewire-pulse.service-disabled[0m [90m[0m            
┃ [34m│  [0m   [34m├─ [0m[32m✔ unit-pipewire-pulse.socket-disabled[0m [90m[0m             
┃ [34m│  [0m   [34m├─ [0m[32m✔ unit-pipewire.service-disabled[0m [90m[0m                  
┃ [34m│  [0m   [34m├─ [0m[32m✔ unit-pipewire.socket-disabled[0m [90m[0m                   
┃ [34m│  [0m   [34m├─ [0m[32m✔ unit-wireplumber.service-disabled[0m [90m[0m               
┃ [34m│  [0m   [34m│  [0m      [34m┌─ [0m[32m✔ hm_fontconfigconf.d10hmfonts.conf[0m [90m[0m      
┃ [34m│  [0m   [34m│  [0m   [34m┌─ [0m[32m✔ home-manager-files[0m [90m[0m                        
┃ [34m│  [0m   [34m│  [0m[34m┌─ [0m[32m✔ home-manager-generation[0m [90m[0m                      
┃ [34m│  [0m   [34m├─ [0m[34m⏸ unit-home-manager-licht.service[0m                  
┃ [34m│  [0m[34m┌─ [0m[34m⏸ system-units[0m                                        
┃ [34m│  [0m[34m│  [0m[34m┌─ [0m[32m✔ home-manager-path[0m [90m⏱ 5s[0m                           
┃ [34m│  [0m[34m│  [0m[34m├─ [0m[1m[33m↓ ⏵ texinfo-7.2[0m[0m ⏱ 17s 8.1MiB/13.7MiB               [1m 59.5%[0m
┃ [34m│  [0m[34m├─ [0m[34m⏸ user-environment[0m                                    
┃ [34m├─ [0m[34m⏸ etc[0m                                                    
┃ [34m├─ [0m[33m[1m⏵ perl-5.42.0-env[0m[0m ⏱ 7s (∅ 18s)                           
┃ [34m⏸ nixos-system-licht-26.05.20260907.93108a5[0m                 [0m
┣━━━ [1mBuilds          [0m │ [1mDownloads      [0m │ [1mHost                   [0m
┃    [33m⏵ [1m1[0m[0m │ [32m✔ [1m20[0m[0m │     │ [33m   [0m │ [32m   [0m │     │ [35m      localhost        [0m
┃    [33m   [0m │ [32m    [0m │     │ [33m↓ [1m1[0m[0m │ [32m↓ [1m9[0m[0m │     │ [35mcache.nixos.org (https)[0m
┗━ ∑ [33m⏵ [1m1[0m[0m │ [32m✔ [1m20[0m[0m │ [34m⏸ [1m6[0m[0m │ [33m↓ [1m1[0m[0m │ [32m↓ [1m9[0m[0m │ [34m⏸ 0[0m │ [1m⏱ 52s                  [0m[?2026l[?2026h[2K[1F[2K[1F[2K[1F[2K[1F[2K[1F[2K[1F[2K[1F[2K[1F[2K[1F[2K[1F[2K[1F[2K[1F[2K[1F[2K[1F[2K[1F[2K[1F[2K[1F[2K[1F[2K[1F[2K[1F[2K[1F[2K[1F[2K[1F[2K[1F[2K[0m[34munit-home-manager-licht.service> [0mbuilding '/nix/store/yw3f2pyq1glcc57hamw7hk4bwc1vrwxh-unit-home-manager-licht.service.drv'
[0m┏━ [1mDependency Graph[0m:
┃ [34m┌─ [0m[32m✔ ensure-all-wrappers-paths-exist[0m [90m[0m                       
┃ [34m├─ [0m[32m✔ stage-2-init.sh[0m [90m[0m                                       
┃ [34m├─ [0m[34m⏸ activate[0m[90m waiting for [0m[33m1 ⏵[0m [33m1 ↓[0m                           
┃ [34m│  [0m   [34m┌─ [0m[32m✔ unit-console-getty.service-disabled[0m [90m[0m             
┃ [34m│  [0m   [34m├─ [0m[32m✔ unit-pipewire-pulse.service-disabled[0m [90m[0m            
┃ [34m│  [0m   [34m├─ [0m[32m✔ unit-pipewire-pulse.socket-disabled[0m [90m[0m             
┃ [34m│  [0m   [34m├─ [0m[32m✔ unit-pipewire.service-disabled[0m [90m[0m                  
┃ [34m│  [0m   [34m├─ [0m[32m✔ unit-pipewire.socket-disabled[0m [90m[0m                   
┃ [34m│  [0m   [34m├─ [0m[32m✔ unit-wireplumber.service-disabled[0m [90m[0m               
┃ [34m│  [0m   [34m│  [0m      [34m┌─ [0m[32m✔ hm_fontconfigconf.d10hmfonts.conf[0m [90m[0m      
┃ [34m│  [0m   [34m│  [0m   [34m┌─ [0m[32m✔ home-manager-files[0m [90m[0m                        
┃ [34m│  [0m   [34m│  [0m[34m┌─ [0m[32m✔ home-manager-generation[0m [90m[0m                      
┃ [34m│  [0m   [34m├─ [0m[33m[1m⏵ unit-home-manager-licht.service[0m[0m                  
┃ [34m│  [0m[34m┌─ [0m[34m⏸ system-units[0m                                        
┃ [34m│  [0m[34m│  [0m[34m┌─ [0m[32m✔ home-manager-path[0m [90m⏱ 5s[0m                           
┃ [34m│  [0m[34m│  [0m[34m├─ [0m[1m[33m↓ ⏵ texinfo-7.2[0m[0m ⏱ 17s 8.1MiB/13.7MiB               [1m 59.5%[0m
┃ [34m│  [0m[34m├─ [0m[34m⏸ user-environment[0m                                    
┃ [34m├─ [0m[34m⏸ etc[0m                                                    
┃ [34m├─ [0m[33m[1m⏵ perl-5.42.0-env[0m[0m ⏱ 7s (∅ 18s)                           
┃ [34m⏸ nixos-system-licht-26.05.20260907.93108a5[0m                 [0m
┣━━━ [1mBuilds          [0m │ [1mDownloads      [0m │ [1mHost                   [0m
┃    [33m⏵ [1m2[0m[0m │ [32m✔ [1m20[0m[0m │     │ [33m   [0m │ [32m   [0m │     │ [35m      localhost        [0m
┃    [33m   [0m │ [32m    [0m │     │ [33m↓ [1m1[0m[0m │ [32m↓ [1m9[0m[0m │     │ [35mcache.nixos.org (https)[0m
┗━ ∑ [33m⏵ [1m2[0m[0m │ [32m✔ [1m20[0m[0m │ [34m⏸ [1m5[0m[0m │ [33m↓ [1m1[0m[0m │ [32m↓ [1m9[0m[0m │ [34m⏸ 0[0m │ [1m⏱ 52s                  [0m[?2026l[?2026h[2K[1F[2K[1F[2K[1F[2K[1F[2K[1F[2K[1F[2K[1F[2K[1F[2K[1F[2K[1F[2K[1F[2K[1F[2K[1F[2K[1F[2K[1F[2K[1F[2K[1F[2K[1F[2K[1F[2K[1F[2K[1F[2K[1F[2K[1F[2K[1F[2K[0m┏━ [1mDependency Graph[0m:
┃ [34m┌─ [0m[32m✔ ensure-all-wrappers-paths-exist[0m [90m[0m                       
┃ [34m├─ [0m[32m✔ stage-2-init.sh[0m [90m[0m                                       
┃ [34m├─ [0m[34m⏸ activate[0m[90m waiting for [0m[33m1 ⏵[0m [33m1 ↓[0m                           
┃ [34m│  [0m   [34m┌─ [0m[1m[33m↓ ⏵ texinfo-7.2[0m[0m ⏱ 17s 8.1MiB/13.7MiB               [1m 59.5%[0m
┃ [34m│  [0m[34m┌─ [0m[34m⏸ user-environment[0m                                    
┃ [34m│  [0m[34m│  [0m[34m┌─ [0m[32m✔ unit-console-getty.service-disabled[0m [90m[0m             
┃ [34m│  [0m[34m│  [0m[34m├─ [0m[32m✔ unit-pipewire-pulse.service-disabled[0m [90m[0m            
┃ [34m│  [0m[34m│  [0m[34m├─ [0m[32m✔ unit-pipewire-pulse.socket-disabled[0m [90m[0m             
┃ [34m│  [0m[34m│  [0m[34m├─ [0m[32m✔ unit-pipewire.service-disabled[0m [90m[0m                  
┃ [34m│  [0m[34m│  [0m[34m├─ [0m[32m✔ unit-pipewire.socket-disabled[0m [90m[0m                   
┃ [34m│  [0m[34m│  [0m[34m├─ [0m[32m✔ unit-wireplumber.service-disabled[0m [90m[0m               
┃ [34m│  [0m[34m│  [0m[34m│  [0m         [34m┌─ [0m[32m✔ home-manager-path[0m [90m⏱ 5s[0m               
┃ [34m│  [0m[34m│  [0m[34m│  [0m      [34m┌─ [0m[32m✔ hm_fontconfigconf.d10hmfonts.conf[0m [90m[0m      
┃ [34m│  [0m[34m│  [0m[34m│  [0m   [34m┌─ [0m[32m✔ home-manager-files[0m [90m[0m                        
┃ [34m│  [0m[34m│  [0m[34m│  [0m[34m┌─ [0m[32m✔ home-manager-generation[0m [90m[0m                      
┃ [34m│  [0m[34m│  [0m[34m├─ [0m[33m[1m⏵ unit-home-manager-licht.service[0m[0m                  
┃ [34m│  [0m[34m├─ [0m[34m⏸ system-units[0m                                        
┃ [34m├─ [0m[34m⏸ etc[0m                                                    
┃ [34m├─ [0m[32m✔ perl-5.42.0-env[0m [90m⏱ 7s[0m                                   
┃ [34m⏸ nixos-system-licht-26.05.20260907.93108a5[0m                 [0m
┣━━━ [1mBuilds          [0m │ [1mDownloads      [0m │ [1mHost                   [0m
┃    [33m⏵ [1m1[0m[0m │ [32m✔ [1m21[0m[0m │     │ [33m   [0m │ [32m   [0m │     │ [35m      localhost        [0m
┃    [33m   [0m │ [32m    [0m │     │ [33m↓ [1m1[0m[0m │ [32m↓ [1m9[0m[0m │     │ [35mcache.nixos.org (https)[0m
┗━ ∑ [33m⏵ [1m1[0m[0m │ [32m✔ [1m21[0m[0m │ [34m⏸ [1m5[0m[0m │ [33m↓ [1m1[0m[0m │ [32m↓ [1m9[0m[0m │ [34m⏸ 0[0m │ [1m⏱ 52s                  [0m[?2026l[?2026h[2K[1F[2K[1F[2K[1F[2K[1F[2K[1F[2K[1F[2K[1F[2K[1F[2K[1F[2K[1F[2K[1F[2K[1F[2K[1F[2K[1F[2K[1F[2K[1F[2K[1F[2K[1F[2K[1F[2K[1F[2K[1F[2K[1F[2K[1F[2K[1F[2K[0m┏━ [1mDependency Graph[0m:
┃ [34m┌─ [0m[32m✔ ensure-all-wrappers-paths-exist[0m [90m[0m                       
┃ [34m├─ [0m[32m✔ stage-2-init.sh[0m [90m[0m                                       
┃ [34m├─ [0m[32m✔ perl-5.42.0-env[0m [90m⏱ 7s[0m                                   
┃ [34m├─ [0m[34m⏸ activate[0m[90m waiting for [0m[33m1 ↓[0m                               
┃ [34m│  [0m   [34m┌─ [0m[1m[33m↓ ⏵ texinfo-7.2[0m[0m ⏱ 17s 8.2MiB/13.7MiB               [1m 60.4%[0m
┃ [34m│  [0m[34m┌─ [0m[34m⏸ user-environment[0m                                    
┃ [34m│  [0m[34m│  [0m[34m┌─ [0m[32m✔ unit-console-getty.service-disabled[0m [90m[0m             
┃ [34m│  [0m[34m│  [0m[34m├─ [0m[32m✔ unit-pipewire-pulse.service-disabled[0m [90m[0m            
┃ [34m│  [0m[34m│  [0m[34m├─ [0m[32m✔ unit-pipewire-pulse.socket-disabled[0m [90m[0m             
┃ [34m│  [0m[34m│  [0m[34m├─ [0m[32m✔ unit-pipewire.service-disabled[0m [90m[0m                  
┃ [34m│  [0m[34m│  [0m[34m├─ [0m[32m✔ unit-pipewire.socket-disabled[0m [90m[0m                   
┃ [34m│  [0m[34m│  [0m[34m├─ [0m[32m✔ unit-wireplumber.service-disabled[0m [90m[0m               
┃ [34m│  [0m[34m│  [0m[34m│  [0m         [34m┌─ [0m[32m✔ home-manager-path[0m [90m⏱ 5s[0m               
┃ [34m│  [0m[34m│  [0m[34m│  [0m      [34m┌─ [0m[32m✔ hm_fontconfigconf.d10hmfonts.conf[0m [90m[0m      
┃ [34m│  [0m[34m│  [0m[34m│  [0m   [34m┌─ [0m[32m✔ home-manager-files[0m [90m[0m                        
┃ [34m│  [0m[34m│  [0m[34m│  [0m[34m┌─ [0m[32m✔ home-manager-generation[0m [90m[0m                      
┃ [34m│  [0m[34m│  [0m[34m├─ [0m[32m✔ unit-home-manager-licht.service[0m [90m[0m                 
┃ [34m│  [0m[34m├─ [0m[34m⏸ system-units[0m                                        
┃ [34m├─ [0m[34m⏸ etc[0m                                                    
┃ [34m⏸ nixos-system-licht-26.05.20260907.93108a5[0m                 [0m
┣━━━ [1mBuilds          [0m │ [1mDownloads      [0m │ [1mHost                   [0m
┃    [33m   [0m │ [32m✔ [1m22[0m[0m │     │ [33m   [0m │ [32m   [0m │     │ [35m      localhost        [0m
┃    [33m   [0m │ [32m    [0m │     │ [33m↓ [1m1[0m[0m │ [32m↓ [1m9[0m[0m │     │ [35mcache.nixos.org (https)[0m
┗━ ∑ [33m⏵ 0[0m │ [32m✔ [1m22[0m[0m │ [34m⏸ [1m5[0m[0m │ [33m↓ [1m1[0m[0m │ [32m↓ [1m9[0m[0m │ [34m⏸ 0[0m │ [1m⏱ 53s                  [0m[?2026l[?2026h[2K[1F[2K[1F[2K[1F[2K[1F[2K[1F[2K[1F[2K[1F[2K[1F[2K[1F[2K[1F[2K[1F[2K[1F[2K[1F[2K[1F[2K[1F[2K[1F[2K[1F[2K[1F[2K[1F[2K[1F[2K[1F[2K[1F[2K[1F[2K[1F[2K[0m┏━ [1mDependency Graph[0m:
┃ [34m┌─ [0m[32m✔ ensure-all-wrappers-paths-exist[0m [90m[0m                       
┃ [34m├─ [0m[32m✔ stage-2-init.sh[0m [90m[0m                                       
┃ [34m├─ [0m[32m✔ perl-5.42.0-env[0m [90m⏱ 7s[0m                                   
┃ [34m├─ [0m[34m⏸ activate[0m[90m waiting for [0m[33m1 ↓[0m                               
┃ [34m│  [0m   [34m┌─ [0m[32m✔ unit-console-getty.service-disabled[0m [90m[0m             
┃ [34m│  [0m   [34m├─ [0m[32m✔ unit-pipewire-pulse.service-disabled[0m [90m[0m            
┃ [34m│  [0m   [34m├─ [0m[32m✔ unit-pipewire-pulse.socket-disabled[0m [90m[0m             
┃ [34m│  [0m   [34m├─ [0m[32m✔ unit-pipewire.service-disabled[0m [90m[0m                  
┃ [34m│  [0m   [34m├─ [0m[32m✔ unit-pipewire.socket-disabled[0m [90m[0m                   
┃ [34m│  [0m   [34m├─ [0m[32m✔ unit-wireplumber.service-disabled[0m [90m[0m               
┃ [34m│  [0m   [34m│  [0m      [34m┌─ [0m[32m✔ hm_fontconfigconf.d10hmfonts.conf[0m [90m[0m      
┃ [34m│  [0m   [34m│  [0m   [34m┌─ [0m[32m✔ home-manager-files[0m [90m[0m                        
┃ [34m│  [0m   [34m│  [0m[34m┌─ [0m[32m✔ home-manager-generation[0m [90m[0m                      
┃ [34m│  [0m   [34m├─ [0m[32m✔ unit-home-manager-licht.service[0m [90m[0m                 
┃ [34m│  [0m[34m┌─ [0m[34m⏸ system-units[0m                                        
┃ [34m│  [0m[34m│  [0m[34m┌─ [0m[32m✔ home-manager-path[0m [90m⏱ 5s[0m                           
┃ [34m│  [0m[34m│  [0m[34m├─ [0m[1m[33m↓ ⏵ texinfo-7.2[0m[0m ⏱ 17s 8.2MiB/13.7MiB               [1m 60.4%[0m
┃ [34m│  [0m[34m├─ [0m[34m⏸ user-environment[0m                                    
┃ [34m├─ [0m[34m⏸ etc[0m                                                    
┃ [34m⏸ nixos-system-licht-26.05.20260907.93108a5[0m                 [0m
┣━━━ [1mBuilds          [0m │ [1mDownloads      [0m │ [1mHost                   [0m
┃    [33m   [0m │ [32m✔ [1m22[0m[0m │     │ [33m   [0m │ [32m   [0m │     │ [35m      localhost        [0m
┃    [33m   [0m │ [32m    [0m │     │ [33m↓ [1m1[0m[0m │ [32m↓ [1m9[0m[0m │     │ [35mcache.nixos.org (https)[0m
┗━ ∑ [33m⏵ 0[0m │ [32m✔ [1m22[0m[0m │ [34m⏸ [1m5[0m[0m │ [33m↓ [1m1[0m[0m │ [32m↓ [1m9[0m[0m │ [34m⏸ 0[0m │ [1m⏱ 53s                  [0m[?2026l[?2026h[2K[1F[2K[1F[2K[1F[2K[1F[2K[1F[2K[1F[2K[1F[2K[1F[2K[1F[2K[1F[2K[1F[2K[1F[2K[1F[2K[1F[2K[1F[2K[1F[2K[1F[2K[1F[2K[1F[2K[1F[2K[1F[2K[1F[2K[1F[2K[1F[2K[0m┏━ [1mDependency Graph[0m:
┃ [34m┌─ [0m[32m✔ ensure-all-wrappers-paths-exist[0m [90m[0m                       
┃ [34m├─ [0m[32m✔ stage-2-init.sh[0m [90m[0m                                       
┃ [34m├─ [0m[32m✔ perl-5.42.0-env[0m [90m⏱ 7s[0m                                   
┃ [34m├─ [0m[34m⏸ activate[0m[90m waiting for [0m[33m1 ↓[0m                               
┃ [34m│  [0m   [34m┌─ [0m[32m✔ unit-console-getty.service-disabled[0m [90m[0m             
┃ [34m│  [0m   [34m├─ [0m[32m✔ unit-pipewire-pulse.service-disabled[0m [90m[0m            
┃ [34m│  [0m   [34m├─ [0m[32m✔ unit-pipewire-pulse.socket-disabled[0m [90m[0m             
┃ [34m│  [0m   [34m├─ [0m[32m✔ unit-pipewire.service-disabled[0m [90m[0m                  
┃ [34m│  [0m   [34m├─ [0m[32m✔ unit-pipewire.socket-disabled[0m [90m[0m                   
┃ [34m│  [0m   [34m├─ [0m[32m✔ unit-wireplumber.service-disabled[0m [90m[0m               
┃ [34m│  [0m   [34m│  [0m      [34m┌─ [0m[32m✔ hm_fontconfigconf.d10hmfonts.conf[0m [90m[0m      
┃ [34m│  [0m   [34m│  [0m   [34m┌─ [0m[32m✔ home-manager-files[0m [90m[0m                        
┃ [34m│  [0m   [34m│  [0m[34m┌─ [0m[32m✔ home-manager-generation[0m [90m[0m                      
┃ [34m│  [0m   [34m├─ [0m[32m✔ unit-home-manager-licht.service[0m [90m[0m                 
┃ [34m│  [0m[34m┌─ [0m[34m⏸ system-units[0m                                        
┃ [34m│  [0m[34m│  [0m[34m┌─ [0m[32m✔ home-manager-path[0m [90m⏱ 5s[0m                           
┃ [34m│  [0m[34m│  [0m[34m├─ [0m[1m[33m↓ ⏵ texinfo-7.2[0m[0m ⏱ 18s 8.2MiB/13.7MiB               [1m 60.4%[0m
┃ [34m│  [0m[34m├─ [0m[34m⏸ user-environment[0m                                    
┃ [34m├─ [0m[34m⏸ etc[0m                                                    
┃ [34m⏸ nixos-system-licht-26.05.20260907.93108a5[0m                 [0m
┣━━━ [1mBuilds          [0m │ [1mDownloads      [0m │ [1mHost                   [0m
┃    [33m   [0m │ [32m✔ [1m22[0m[0m │     │ [33m   [0m │ [32m   [0m │     │ [35m      localhost        [0m
┃    [33m   [0m │ [32m    [0m │     │ [33m↓ [1m1[0m[0m │ [32m↓ [1m9[0m[0m │     │ [35mcache.nixos.org (https)[0m
┗━ ∑ [33m⏵ 0[0m │ [32m✔ [1m22[0m[0m │ [34m⏸ [1m5[0m[0m │ [33m↓ [1m1[0m[0m │ [32m↓ [1m9[0m[0m │ [34m⏸ 0[0m │ [1m⏱ 53s                  [0m[?2026l[?2026h[2K[1F[2K[1F[2K[1F[2K[1F[2K[1F[2K[1F[2K[1F[2K[1F[2K[1F[2K[1F[2K[1F[2K[1F[2K[1F[2K[1F[2K[1F[2K[1F[2K[1F[2K[1F[2K[1F[2K[1F[2K[1F[2K[1F[2K[1F[2K[1F[2K[0m┏━ [1mDependency Graph[0m:
┃ [34m┌─ [0m[32m✔ ensure-all-wrappers-paths-exist[0m [90m[0m                       
┃ [34m├─ [0m[32m✔ stage-2-init.sh[0m [90m[0m                                       
┃ [34m├─ [0m[32m✔ perl-5.42.0-env[0m [90m⏱ 7s[0m                                   
┃ [34m├─ [0m[34m⏸ activate[0m[90m waiting for [0m[33m1 ↓[0m                               
┃ [34m│  [0m   [34m┌─ [0m[32m✔ unit-console-getty.service-disabled[0m [90m[0m             
┃ [34m│  [0m   [34m├─ [0m[32m✔ unit-pipewire-pulse.service-disabled[0m [90m[0m            
┃ [34m│  [0m   [34m├─ [0m[32m✔ unit-pipewire-pulse.socket-disabled[0m [90m[0m             
┃ [34m│  [0m   [34m├─ [0m[32m✔ unit-pipewire.service-disabled[0m [90m[0m                  
┃ [34m│  [0m   [34m├─ [0m[32m✔ unit-pipewire.socket-disabled[0m [90m[0m                   
┃ [34m│  [0m   [34m├─ [0m[32m✔ unit-wireplumber.service-disabled[0m [90m[0m               
┃ [34m│  [0m   [34m│  [0m      [34m┌─ [0m[32m✔ hm_fontconfigconf.d10hmfonts.conf[0m [90m[0m      
┃ [34m│  [0m   [34m│  [0m   [34m┌─ [0m[32m✔ home-manager-files[0m [90m[0m                        
┃ [34m│  [0m   [34m│  [0m[34m┌─ [0m[32m✔ home-manager-generation[0m [90m[0m                      
┃ [34m│  [0m   [34m├─ [0m[32m✔ unit-home-manager-licht.service[0m [90m[0m                 
┃ [34m│  [0m[34m┌─ [0m[34m⏸ system-units[0m                                        
┃ [34m│  [0m[34m│  [0m[34m┌─ [0m[32m✔ home-manager-path[0m [90m⏱ 5s[0m                           
┃ [34m│  [0m[34m│  [0m[34m├─ [0m[1m[33m↓ ⏵ texinfo-7.2[0m[0m ⏱ 18s 8.4MiB/13.7MiB               [1m 61.3%[0m
┃ [34m│  [0m[34m├─ [0m[34m⏸ user-environment[0m                                    
┃ [34m├─ [0m[34m⏸ etc[0m                                                    
┃ [34m⏸ nixos-system-licht-26.05.20260907.93108a5[0m                 [0m
┣━━━ [1mBuilds          [0m │ [1mDownloads      [0m │ [1mHost                   [0m
┃    [33m   [0m │ [32m✔ [1m22[0m[0m │     │ [33m   [0m │ [32m   [0m │     │ [35m      localhost        [0m
┃    [33m   [0m │ [32m    [0m │     │ [33m↓ [1m1[0m[0m │ [32m↓ [1m9[0m[0m │     │ [35mcache.nixos.org (https)[0m
┗━ ∑ [33m⏵ 0[0m │ [32m✔ [1m22[0m[0m │ [34m⏸ [1m5[0m[0m │ [33m↓ [1m1[0m[0m │ [32m↓ [1m9[0m[0m │ [34m⏸ 0[0m │ [1m⏱ 53s                  [0m[?2026l[?2026h[2K[1F[2K[1F[2K[1F[2K[1F[2K[1F[2K[1F[2K[1F[2K[1F[2K[1F[2K[1F[2K[1F[2K[1F[2K[1F[2K[1F[2K[1F[2K[1F[2K[1F[2K[1F[2K[1F[2K[1F[2K[1F[2K[1F[2K[1F[2K[1F[2K[0m[34msystem-units> [0mbuilding '/nix/store/r3v2y33m203qns85k899crz0cxcalak9-system-units.drv'
[0m┏━ [1mDependency Graph[0m:
┃ [34m┌─ [0m[32m✔ ensure-all-wrappers-paths-exist[0m [90m[0m                       
┃ [34m├─ [0m[32m✔ stage-2-init.sh[0m [90m[0m                                       
┃ [34m├─ [0m[32m✔ perl-5.42.0-env[0m [90m⏱ 7s[0m                                   
┃ [34m├─ [0m[34m⏸ activate[0m[90m waiting for [0m[33m1 ⏵[0m [33m1 ↓[0m                           
┃ [34m│  [0m   [34m┌─ [0m[32m✔ unit-console-getty.service-disabled[0m [90m[0m             
┃ [34m│  [0m   [34m├─ [0m[32m✔ unit-pipewire-pulse.service-disabled[0m [90m[0m            
┃ [34m│  [0m   [34m├─ [0m[32m✔ unit-pipewire-pulse.socket-disabled[0m [90m[0m             
┃ [34m│  [0m   [34m├─ [0m[32m✔ unit-pipewire.service-disabled[0m [90m[0m                  
┃ [34m│  [0m   [34m├─ [0m[32m✔ unit-pipewire.socket-disabled[0m [90m[0m                   
┃ [34m│  [0m   [34m├─ [0m[32m✔ unit-wireplumber.service-disabled[0m [90m[0m               
┃ [34m│  [0m   [34m│  [0m      [34m┌─ [0m[32m✔ hm_fontconfigconf.d10hmfonts.conf[0m [90m[0m      
┃ [34m│  [0m   [34m│  [0m   [34m┌─ [0m[32m✔ home-manager-files[0m [90m[0m                        
┃ [34m│  [0m   [34m│  [0m[34m┌─ [0m[32m✔ home-manager-generation[0m [90m[0m                      
┃ [34m│  [0m   [34m├─ [0m[32m✔ unit-home-manager-licht.service[0m [90m[0m                 
┃ [34m│  [0m[34m┌─ [0m[33m[1m⏵ system-units[0m[0m                                        
┃ [34m│  [0m[34m│  [0m[34m┌─ [0m[32m✔ home-manager-path[0m [90m⏱ 5s[0m                           
┃ [34m│  [0m[34m│  [0m[34m├─ [0m[1m[33m↓ ⏵ texinfo-7.2[0m[0m ⏱ 18s 8.5MiB/13.7MiB               [1m 62.2%[0m
┃ [34m│  [0m[34m├─ [0m[34m⏸ user-environment[0m                                    
┃ [34m├─ [0m[34m⏸ etc[0m                                                    
┃ [34m⏸ nixos-system-licht-26.05.20260907.93108a5[0m                 [0m
┣━━━ [1mBuilds          [0m │ [1mDownloads      [0m │ [1mHost                   [0m
┃    [33m⏵ [1m1[0m[0m │ [32m✔ [1m22[0m[0m │     │ [33m   [0m │ [32m   [0m │     │ [35m      localhost        [0m
┃    [33m   [0m │ [32m    [0m │     │ [33m↓ [1m1[0m[0m │ [32m↓ [1m9[0m[0m │     │ [35mcache.nixos.org (https)[0m
┗━ ∑ [33m⏵ [1m1[0m[0m │ [32m✔ [1m22[0m[0m │ [34m⏸ [1m4[0m[0m │ [33m↓ [1m1[0m[0m │ [32m↓ [1m9[0m[0m │ [34m⏸ 0[0m │ [1m⏱ 53s                  [0m[?2026l[?2026h[2K[1F[2K[1F[2K[1F[2K[1F[2K[1F[2K[1F[2K[1F[2K[1F[2K[1F[2K[1F[2K[1F[2K[1F[2K[1F[2K[1F[2K[1F[2K[1F[2K[1F[2K[1F[2K[1F[2K[1F[2K[1F[2K[1F[2K[1F[2K[1F[2K[0m┏━ [1mDependency Graph[0m:
┃ [34m┌─ [0m[32m✔ ensure-all-wrappers-paths-exist[0m [90m[0m                       
┃ [34m├─ [0m[32m✔ stage-2-init.sh[0m [90m[0m                                       
┃ [34m├─ [0m[32m✔ perl-5.42.0-env[0m [90m⏱ 7s[0m                                   
┃ [34m├─ [0m[34m⏸ activate[0m[90m waiting for [0m[33m1 ⏵[0m [33m1 ↓[0m                           
┃ [34m│  [0m   [34m┌─ [0m[1m[33m↓ ⏵ texinfo-7.2[0m[0m ⏱ 18s 8.5MiB/13.7MiB               [1m 62.2%[0m
┃ [34m│  [0m[34m┌─ [0m[34m⏸ user-environment[0m                                    
┃ [34m│  [0m[34m│  [0m[34m┌─ [0m[32m✔ unit-console-getty.service-disabled[0m [90m[0m             
┃ [34m│  [0m[34m│  [0m[34m├─ [0m[32m✔ unit-pipewire-pulse.service-disabled[0m [90m[0m            
┃ [34m│  [0m[34m│  [0m[34m├─ [0m[32m✔ unit-pipewire-pulse.socket-disabled[0m [90m[0m             
┃ [34m│  [0m[34m│  [0m[34m├─ [0m[32m✔ unit-pipewire.service-disabled[0m [90m[0m                  
┃ [34m│  [0m[34m│  [0m[34m├─ [0m[32m✔ unit-pipewire.socket-disabled[0m [90m[0m                   
┃ [34m│  [0m[34m│  [0m[34m├─ [0m[32m✔ unit-wireplumber.service-disabled[0m [90m[0m               
┃ [34m│  [0m[34m│  [0m[34m│  [0m         [34m┌─ [0m[32m✔ home-manager-path[0m [90m⏱ 5s[0m               
┃ [34m│  [0m[34m│  [0m[34m│  [0m      [34m┌─ [0m[32m✔ hm_fontconfigconf.d10hmfonts.conf[0m [90m[0m      
┃ [34m│  [0m[34m│  [0m[34m│  [0m   [34m┌─ [0m[32m✔ home-manager-files[0m [90m[0m                        
┃ [34m│  [0m[34m│  [0m[34m│  [0m[34m┌─ [0m[32m✔ home-manager-generation[0m [90m[0m                      
┃ [34m│  [0m[34m│  [0m[34m├─ [0m[32m✔ unit-home-manager-licht.service[0m [90m[0m                 
┃ [34m│  [0m[34m├─ [0m[33m[1m⏵ system-units[0m[0m                                        
┃ [34m├─ [0m[34m⏸ etc[0m                                                    
┃ [34m⏸ nixos-system-licht-26.05.20260907.93108a5[0m                 [0m
┣━━━ [1mBuilds          [0m │ [1mDownloads      [0m │ [1mHost                   [0m
┃    [33m⏵ [1m1[0m[0m │ [32m✔ [1m22[0m[0m │     │ [33m   [0m │ [32m   [0m │     │ [35m      localhost        [0m
┃    [33m   [0m │ [32m    [0m │     │ [33m↓ [1m1[0m[0m │ [32m↓ [1m9[0m[0m │     │ [35mcache.nixos.org (https)[0m
┗━ ∑ [33m⏵ [1m1[0m[0m │ [32m✔ [1m22[0m[0m │ [34m⏸ [1m4[0m[0m │ [33m↓ [1m1[0m[0m │ [32m↓ [1m9[0m[0m │ [34m⏸ 0[0m │ [1m⏱ 53s                  [0m[?2026l[?2026h[2K[1F[2K[1F[2K[1F[2K[1F[2K[1F[2K[1F[2K[1F[2K[1F[2K[1F[2K[1F[2K[1F[2K[1F[2K[1F[2K[1F[2K[1F[2K[1F[2K[1F[2K[1F[2K[1F[2K[1F[2K[1F[2K[1F[2K[1F[2K[1F[2K[0m┏━ [1mDependency Graph[0m:
┃ [34m┌─ [0m[32m✔ ensure-all-wrappers-paths-exist[0m [90m[0m                       
┃ [34m├─ [0m[32m✔ stage-2-init.sh[0m [90m[0m                                       
┃ [34m├─ [0m[32m✔ perl-5.42.0-env[0m [90m⏱ 7s[0m                                   
┃ [34m├─ [0m[34m⏸ activate[0m[90m waiting for [0m[33m1 ⏵[0m [33m1 ↓[0m                           
┃ [34m│  [0m   [34m┌─ [0m[1m[33m↓ ⏵ texinfo-7.2[0m[0m ⏱ 18s 8.5MiB/13.7MiB               [1m 62.2%[0m
┃ [34m│  [0m[34m┌─ [0m[34m⏸ user-environment[0m                                    
┃ [34m│  [0m[34m│  [0m[34m┌─ [0m[32m✔ unit-console-getty.service-disabled[0m [90m[0m             
┃ [34m│  [0m[34m│  [0m[34m├─ [0m[32m✔ unit-pipewire-pulse.service-disabled[0m [90m[0m            
┃ [34m│  [0m[34m│  [0m[34m├─ [0m[32m✔ unit-pipewire-pulse.socket-disabled[0m [90m[0m             
┃ [34m│  [0m[34m│  [0m[34m├─ [0m[32m✔ unit-pipewire.service-disabled[0m [90m[0m                  
┃ [34m│  [0m[34m│  [0m[34m├─ [0m[32m✔ unit-pipewire.socket-disabled[0m [90m[0m                   
┃ [34m│  [0m[34m│  [0m[34m├─ [0m[32m✔ unit-wireplumber.service-disabled[0m [90m[0m               
┃ [34m│  [0m[34m│  [0m[34m│  [0m         [34m┌─ [0m[32m✔ home-manager-path[0m [90m⏱ 5s[0m               
┃ [34m│  [0m[34m│  [0m[34m│  [0m      [34m┌─ [0m[32m✔ hm_fontconfigconf.d10hmfonts.conf[0m [90m[0m      
┃ [34m│  [0m[34m│  [0m[34m│  [0m   [34m┌─ [0m[32m✔ home-manager-files[0m [90m[0m                        
┃ [34m│  [0m[34m│  [0m[34m│  [0m[34m┌─ [0m[32m✔ home-manager-generation[0m [90m[0m                      
┃ [34m│  [0m[34m│  [0m[34m├─ [0m[32m✔ unit-home-manager-licht.service[0m [90m[0m                 
┃ [34m│  [0m[34m├─ [0m[33m[1m⏵ system-units[0m[0m                                        
┃ [34m├─ [0m[34m⏸ etc[0m                                                    
┃ [34m⏸ nixos-system-licht-26.05.20260907.93108a5[0m                 [0m
┣━━━ [1mBuilds          [0m │ [1mDownloads      [0m │ [1mHost                   [0m
┃    [33m⏵ [1m1[0m[0m │ [32m✔ [1m22[0m[0m │     │ [33m   [0m │ [32m   [0m │     │ [35m      localhost        [0m
┃    [33m   [0m │ [32m    [0m │     │ [33m↓ [1m1[0m[0m │ [32m↓ [1m9[0m[0m │     │ [35mcache.nixos.org (https)[0m
┗━ ∑ [33m⏵ [1m1[0m[0m │ [32m✔ [1m22[0m[0m │ [34m⏸ [1m4[0m[0m │ [33m↓ [1m1[0m[0m │ [32m↓ [1m9[0m[0m │ [34m⏸ 0[0m │ [1m⏱ 53s                  [0m[?2026l[?2026h[2K[1F[2K[1F[2K[1F[2K[1F[2K[1F[2K[1F[2K[1F[2K[1F[2K[1F[2K[1F[2K[1F[2K[1F[2K[1F[2K[1F[2K[1F[2K[1F[2K[1F[2K[1F[2K[1F[2K[1F[2K[1F[2K[1F[2K[1F[2K[1F[2K[0m┏━ [1mDependency Graph[0m:
┃ [34m┌─ [0m[32m✔ ensure-all-wrappers-paths-exist[0m [90m[0m                       
┃ [34m├─ [0m[32m✔ stage-2-init.sh[0m [90m[0m                                       
┃ [34m├─ [0m[32m✔ perl-5.42.0-env[0m [90m⏱ 7s[0m                                   
┃ [34m├─ [0m[34m⏸ activate[0m[90m waiting for [0m[33m1 ⏵[0m [33m1 ↓[0m                           
┃ [34m│  [0m   [34m┌─ [0m[1m[33m↓ ⏵ texinfo-7.2[0m[0m ⏱ 18s 8.6MiB/13.7MiB               [1m 63.1%[0m
┃ [34m│  [0m[34m┌─ [0m[34m⏸ user-environment[0m                                    
┃ [34m│  [0m[34m│  [0m[34m┌─ [0m[32m✔ unit-console-getty.service-disabled[0m [90m[0m             
┃ [34m│  [0m[34m│  [0m[34m├─ [0m[32m✔ unit-pipewire-pulse.service-disabled[0m [90m[0m            
┃ [34m│  [0m[34m│  [0m[34m├─ [0m[32m✔ unit-pipewire-pulse.socket-disabled[0m [90m[0m             
┃ [34m│  [0m[34m│  [0m[34m├─ [0m[32m✔ unit-pipewire.service-disabled[0m [90m[0m                  
┃ [34m│  [0m[34m│  [0m[34m├─ [0m[32m✔ unit-pipewire.socket-disabled[0m [90m[0m                   
┃ [34m│  [0m[34m│  [0m[34m├─ [0m[32m✔ unit-wireplumber.service-disabled[0m [90m[0m               
┃ [34m│  [0m[34m│  [0m[34m│  [0m         [34m┌─ [0m[32m✔ home-manager-path[0m [90m⏱ 5s[0m               
┃ [34m│  [0m[34m│  [0m[34m│  [0m      [34m┌─ [0m[32m✔ hm_fontconfigconf.d10hmfonts.conf[0m [90m[0m      
┃ [34m│  [0m[34m│  [0m[34m│  [0m   [34m┌─ [0m[32m✔ home-manager-files[0m [90m[0m                        
┃ [34m│  [0m[34m│  [0m[34m│  [0m[34m┌─ [0m[32m✔ home-manager-generation[0m [90m[0m                      
┃ [34m│  [0m[34m│  [0m[34m├─ [0m[32m✔ unit-home-manager-licht.service[0m [90m[0m                 
┃ [34m│  [0m[34m├─ [0m[33m[1m⏵ system-units[0m[0m                                        
┃ [34m├─ [0m[34m⏸ etc[0m                                                    
┃ [34m⏸ nixos-system-licht-26.05.20260907.93108a5[0m                 [0m
┣━━━ [1mBuilds          [0m │ [1mDownloads      [0m │ [1mHost                   [0m
┃    [33m⏵ [1m1[0m[0m │ [32m✔ [1m22[0m[0m │     │ [33m   [0m │ [32m   [0m │     │ [35m      localhost        [0m
┃    [33m   [0m │ [32m    [0m │     │ [33m↓ [1m1[0m[0m │ [32m↓ [1m9[0m[0m │     │ [35mcache.nixos.org (https)[0m
┗━ ∑ [33m⏵ [1m1[0m[0m │ [32m✔ [1m22[0m[0m │ [34m⏸ [1m4[0m[0m │ [33m↓ [1m1[0m[0m │ [32m↓ [1m9[0m[0m │ [34m⏸ 0[0m │ [1m⏱ 53s                  [0m[?2026l[?2026h[2K[1F[2K[1F[2K[1F[2K[1F[2K[1F[2K[1F[2K[1F[2K[1F[2K[1F[2K[1F[2K[1F[2K[1F[2K[1F[2K[1F[2K[1F[2K[1F[2K[1F[2K[1F[2K[1F[2K[1F[2K[1F[2K[1F[2K[1F[2K[1F[2K[0m┏━ [1mDependency Graph[0m:
┃ [34m┌─ [0m[32m✔ ensure-all-wrappers-paths-exist[0m [90m[0m                       
┃ [34m├─ [0m[32m✔ stage-2-init.sh[0m [90m[0m                                       
┃ [34m├─ [0m[32m✔ perl-5.42.0-env[0m [90m⏱ 7s[0m                                   
┃ [34m├─ [0m[34m⏸ activate[0m[90m waiting for [0m[33m1 ⏵[0m [33m1 ↓[0m                           
┃ [34m│  [0m   [34m┌─ [0m[1m[33m↓ ⏵ texinfo-7.2[0m[0m ⏱ 18s 8.6MiB/13.7MiB               [1m 63.1%[0m
┃ [34m│  [0m[34m┌─ [0m[34m⏸ user-environment[0m                                    
┃ [34m│  [0m[34m│  [0m[34m┌─ [0m[32m✔ unit-console-getty.service-disabled[0m [90m[0m             
┃ [34m│  [0m[34m│  [0m[34m├─ [0m[32m✔ unit-pipewire-pulse.service-disabled[0m [90m[0m            
┃ [34m│  [0m[34m│  [0m[34m├─ [0m[32m✔ unit-pipewire-pulse.socket-disabled[0m [90m[0m             
┃ [34m│  [0m[34m│  [0m[34m├─ [0m[32m✔ unit-pipewire.service-disabled[0m [90m[0m                  
┃ [34m│  [0m[34m│  [0m[34m├─ [0m[32m✔ unit-pipewire.socket-disabled[0m [90m[0m                   
┃ [34m│  [0m[34m│  [0m[34m├─ [0m[32m✔ unit-wireplumber.service-disabled[0m [90m[0m               
┃ [34m│  [0m[34m│  [0m[34m│  [0m         [34m┌─ [0m[32m✔ home-manager-path[0m [90m⏱ 5s[0m               
┃ [34m│  [0m[34m│  [0m[34m│  [0m      [34m┌─ [0m[32m✔ hm_fontconfigconf.d10hmfonts.conf[0m [90m[0m      
┃ [34m│  [0m[34m│  [0m[34m│  [0m   [34m┌─ [0m[32m✔ home-manager-files[0m [90m[0m                        
┃ [34m│  [0m[34m│  [0m[34m│  [0m[34m┌─ [0m[32m✔ home-manager-generation[0m [90m[0m                      
┃ [34m│  [0m[34m│  [0m[34m├─ [0m[32m✔ unit-home-manager-licht.service[0m [90m[0m                 
┃ [34m│  [0m[34m├─ [0m[33m[1m⏵ system-units[0m[0m                                        
┃ [34m├─ [0m[34m⏸ etc[0m                                                    
┃ [34m⏸ nixos-system-licht-26.05.20260907.93108a5[0m                 [0m
┣━━━ [1mBuilds          [0m │ [1mDownloads      [0m │ [1mHost                   [0m
┃    [33m⏵ [1m1[0m[0m │ [32m✔ [1m22[0m[0m │     │ [33m   [0m │ [32m   [0m │     │ [35m      localhost        [0m
┃    [33m   [0m │ [32m    [0m │     │ [33m↓ [1m1[0m[0m │ [32m↓ [1m9[0m[0m │     │ [35mcache.nixos.org (https)[0m
┗━ ∑ [33m⏵ [1m1[0m[0m │ [32m✔ [1m22[0m[0m │ [34m⏸ [1m4[0m[0m │ [33m↓ [1m1[0m[0m │ [32m↓ [1m9[0m[0m │ [34m⏸ 0[0m │ [1m⏱ 53s                  [0m[?2026l[?2026h[2K[1F[2K[1F[2K[1F[2K[1F[2K[1F[2K[1F[2K[1F[2K[1F[2K[1F[2K[1F[2K[1F[2K[1F[2K[1F[2K[1F[2K[1F[2K[1F[2K[1F[2K[1F[2K[1F[2K[1F[2K[1F[2K[1F[2K[1F[2K[1F[2K[0m┏━ [1mDependency Graph[0m:
┃ [34m┌─ [0m[32m✔ ensure-all-wrappers-paths-exist[0m [90m[0m                       
┃ [34m├─ [0m[32m✔ stage-2-init.sh[0m [90m[0m                                       
┃ [34m├─ [0m[32m✔ perl-5.42.0-env[0m [90m⏱ 7s[0m                                   
┃ [34m├─ [0m[34m⏸ activate[0m[90m waiting for [0m[33m1 ⏵[0m [33m1 ↓[0m                           
┃ [34m│  [0m   [34m┌─ [0m[1m[33m↓ ⏵ texinfo-7.2[0m[0m ⏱ 18s 8.6MiB/13.7MiB               [1m 63.1%[0m
┃ [34m│  [0m[34m┌─ [0m[34m⏸ user-environment[0m                                    
┃ [34m│  [0m[34m│  [0m[34m┌─ [0m[32m✔ unit-console-getty.service-disabled[0m [90m[0m             
┃ [34m│  [0m[34m│  [0m[34m├─ [0m[32m✔ unit-pipewire-pulse.service-disabled[0m [90m[0m            
┃ [34m│  [0m[34m│  [0m[34m├─ [0m[32m✔ unit-pipewire-pulse.socket-disabled[0m [90m[0m             
┃ [34m│  [0m[34m│  [0m[34m├─ [0m[32m✔ unit-pipewire.service-disabled[0m [90m[0m                  
┃ [34m│  [0m[34m│  [0m[34m├─ [0m[32m✔ unit-pipewire.socket-disabled[0m [90m[0m                   
┃ [34m│  [0m[34m│  [0m[34m├─ [0m[32m✔ unit-wireplumber.service-disabled[0m [90m[0m               
┃ [34m│  [0m[34m│  [0m[34m│  [0m         [34m┌─ [0m[32m✔ home-manager-path[0m [90m⏱ 5s[0m               
┃ [34m│  [0m[34m│  [0m[34m│  [0m      [34m┌─ [0m[32m✔ hm_fontconfigconf.d10hmfonts.conf[0m [90m[0m      
┃ [34m│  [0m[34m│  [0m[34m│  [0m   [34m┌─ [0m[32m✔ home-manager-files[0m [90m[0m                        
┃ [34m│  [0m[34m│  [0m[34m│  [0m[34m┌─ [0m[32m✔ home-manager-generation[0m [90m[0m                      
┃ [34m│  [0m[34m│  [0m[34m├─ [0m[32m✔ unit-home-manager-licht.service[0m [90m[0m                 
┃ [34m│  [0m[34m├─ [0m[33m[1m⏵ system-units[0m[0m                                        
┃ [34m├─ [0m[34m⏸ etc[0m                                                    
┃ [34m⏸ nixos-system-licht-26.05.20260907.93108a5[0m                 [0m
┣━━━ [1mBuilds          [0m │ [1mDownloads      [0m │ [1mHost                   [0m
┃    [33m⏵ [1m1[0m[0m │ [32m✔ [1m22[0m[0m │     │ [33m   [0m │ [32m   [0m │     │ [35m      localhost        [0m
┃    [33m   [0m │ [32m    [0m │     │ [33m↓ [1m1[0m[0m │ [32m↓ [1m9[0m[0m │     │ [35mcache.nixos.org (https)[0m
┗━ ∑ [33m⏵ [1m1[0m[0m │ [32m✔ [1m22[0m[0m │ [34m⏸ [1m4[0m[0m │ [33m↓ [1m1[0m[0m │ [32m↓ [1m9[0m[0m │ [34m⏸ 0[0m │ [1m⏱ 53s                  [0m[?2026l[?2026h[2K[1F[2K[1F[2K[1F[2K[1F[2K[1F[2K[1F[2K[1F[2K[1F[2K[1F[2K[1F[2K[1F[2K[1F[2K[1F[2K[1F[2K[1F[2K[1F[2K[1F[2K[1F[2K[1F[2K[1F[2K[1F[2K[1F[2K[1F[2K[1F[2K[0m┏━ [1mDependency Graph[0m:
┃ [34m┌─ [0m[32m✔ ensure-all-wrappers-paths-exist[0m [90m[0m                       
┃ [34m├─ [0m[32m✔ stage-2-init.sh[0m [90m[0m                                       
┃ [34m├─ [0m[32m✔ perl-5.42.0-env[0m [90m⏱ 7s[0m                                   
┃ [34m├─ [0m[34m⏸ activate[0m[90m waiting for [0m[33m1 ⏵[0m [33m1 ↓[0m                           
┃ [34m│  [0m   [34m┌─ [0m[1m[33m↓ ⏵ texinfo-7.2[0m[0m ⏱ 18s 8.8MiB/13.7MiB               [1m 64.1%[0m
┃ [34m│  [0m[34m┌─ [0m[34m⏸ user-environment[0m                                    
┃ [34m│  [0m[34m│  [0m[34m┌─ [0m[32m✔ unit-console-getty.service-disabled[0m [90m[0m             
┃ [34m│  [0m[34m│  [0m[34m├─ [0m[32m✔ unit-pipewire-pulse.service-disabled[0m [90m[0m            
┃ [34m│  [0m[34m│  [0m[34m├─ [0m[32m✔ unit-pipewire-pulse.socket-disabled[0m [90m[0m             
┃ [34m│  [0m[34m│  [0m[34m├─ [0m[32m✔ unit-pipewire.service-disabled[0m [90m[0m                  
┃ [34m│  [0m[34m│  [0m[34m├─ [0m[32m✔ unit-pipewire.socket-disabled[0m [90m[0m                   
┃ [34m│  [0m[34m│  [0m[34m├─ [0m[32m✔ unit-wireplumber.service-disabled[0m [90m[0m               
┃ [34m│  [0m[34m│  [0m[34m│  [0m         [34m┌─ [0m[32m✔ home-manager-path[0m [90m⏱ 5s[0m               
┃ [34m│  [0m[34m│  [0m[34m│  [0m      [34m┌─ [0m[32m✔ hm_fontconfigconf.d10hmfonts.conf[0m [90m[0m      
┃ [34m│  [0m[34m│  [0m[34m│  [0m   [34m┌─ [0m[32m✔ home-manager-files[0m [90m[0m                        
┃ [34m│  [0m[34m│  [0m[34m│  [0m[34m┌─ [0m[32m✔ home-manager-generation[0m [90m[0m                      
┃ [34m│  [0m[34m│  [0m[34m├─ [0m[32m✔ unit-home-manager-licht.service[0m [90m[0m                 
┃ [34m│  [0m[34m├─ [0m[33m[1m⏵ system-units[0m[0m                                        
┃ [34m├─ [0m[34m⏸ etc[0m                                                    
┃ [34m⏸ nixos-system-licht-26.05.20260907.93108a5[0m                 [0m
┣━━━ [1mBuilds          [0m │ [1mDownloads      [0m │ [1mHost                   [0m
┃    [33m⏵ [1m1[0m[0m │ [32m✔ [1m22[0m[0m │     │ [33m   [0m │ [32m   [0m │     │ [35m      localhost        [0m
┃    [33m   [0m │ [32m    [0m │     │ [33m↓ [1m1[0m[0m │ [32m↓ [1m9[0m[0m │     │ [35mcache.nixos.org (https)[0m
┗━ ∑ [33m⏵ [1m1[0m[0m │ [32m✔ [1m22[0m[0m │ [34m⏸ [1m4[0m[0m │ [33m↓ [1m1[0m[0m │ [32m↓ [1m9[0m[0m │ [34m⏸ 0[0m │ [1m⏱ 53s                  [0m[?2026l[?2026h[2K[1F[2K[1F[2K[1F[2K[1F[2K[1F[2K[1F[2K[1F[2K[1F[2K[1F[2K[1F[2K[1F[2K[1F[2K[1F[2K[1F[2K[1F[2K[1F[2K[1F[2K[1F[2K[1F[2K[1F[2K[1F[2K[1F[2K[1F[2K[1F[2K[0m┏━ [1mDependency Graph[0m:
┃ [34m┌─ [0m[32m✔ ensure-all-wrappers-paths-exist[0m [90m[0m                       
┃ [34m├─ [0m[32m✔ stage-2-init.sh[0m [90m[0m                                       
┃ [34m├─ [0m[32m✔ perl-5.42.0-env[0m [90m⏱ 7s[0m                                   
┃ [34m├─ [0m[34m⏸ activate[0m[90m waiting for [0m[33m1 ⏵[0m [33m1 ↓[0m                           
┃ [34m│  [0m   [34m┌─ [0m[1m[33m↓ ⏵ texinfo-7.2[0m[0m ⏱ 18s 8.8MiB/13.7MiB               [1m 64.1%[0m
┃ [34m│  [0m[34m┌─ [0m[34m⏸ user-environment[0m                                    
┃ [34m│  [0m[34m│  [0m[34m┌─ [0m[32m✔ unit-console-getty.service-disabled[0m [90m[0m             
┃ [34m│  [0m[34m│  [0m[34m├─ [0m[32m✔ unit-pipewire-pulse.service-disabled[0m [90m[0m            
┃ [34m│  [0m[34m│  [0m[34m├─ [0m[32m✔ unit-pipewire-pulse.socket-disabled[0m [90m[0m             
┃ [34m│  [0m[34m│  [0m[34m├─ [0m[32m✔ unit-pipewire.service-disabled[0m [90m[0m                  
┃ [34m│  [0m[34m│  [0m[34m├─ [0m[32m✔ unit-pipewire.socket-disabled[0m [90m[0m                   
┃ [34m│  [0m[34m│  [0m[34m├─ [0m[32m✔ unit-wireplumber.service-disabled[0m [90m[0m               
┃ [34m│  [0m[34m│  [0m[34m│  [0m         [34m┌─ [0m[32m✔ home-manager-path[0m [90m⏱ 5s[0m               
┃ [34m│  [0m[34m│  [0m[34m│  [0m      [34m┌─ [0m[32m✔ hm_fontconfigconf.d10hmfonts.conf[0m [90m[0m      
┃ [34m│  [0m[34m│  [0m[34m│  [0m   [34m┌─ [0m[32m✔ home-manager-files[0m [90m[0m                        
┃ [34m│  [0m[34m│  [0m[34m│  [0m[34m┌─ [0m[32m✔ home-manager-generation[0m [90m[0m                      
┃ [34m│  [0m[34m│  [0m[34m├─ [0m[32m✔ unit-home-manager-licht.service[0m [90m[0m                 
┃ [34m│  [0m[34m├─ [0m[33m[1m⏵ system-units[0m[0m                                        
┃ [34m├─ [0m[34m⏸ etc[0m                                                    
┃ [34m⏸ nixos-system-licht-26.05.20260907.93108a5[0m                 [0m
┣━━━ [1mBuilds          [0m │ [1mDownloads      [0m │ [1mHost                   [0m
┃    [33m⏵ [1m1[0m[0m │ [32m✔ [1m22[0m[0m │     │ [33m   [0m │ [32m   [0m │     │ [35m      localhost        [0m
┃    [33m   [0m │ [32m    [0m │     │ [33m↓ [1m1[0m[0m │ [32m↓ [1m9[0m[0m │     │ [35mcache.nixos.org (https)[0m
┗━ ∑ [33m⏵ [1m1[0m[0m │ [32m✔ [1m22[0m[0m │ [34m⏸ [1m4[0m[0m │ [33m↓ [1m1[0m[0m │ [32m↓ [1m9[0m[0m │ [34m⏸ 0[0m │ [1m⏱ 53s                  [0m[?2026l[?2026h[2K[1F[2K[1F[2K[1F[2K[1F[2K[1F[2K[1F[2K[1F[2K[1F[2K[1F[2K[1F[2K[1F[2K[1F[2K[1F[2K[1F[2K[1F[2K[1F[2K[1F[2K[1F[2K[1F[2K[1F[2K[1F[2K[1F[2K[1F[2K[1F[2K[0m┏━ [1mDependency Graph[0m:
┃ [34m┌─ [0m[32m✔ ensure-all-wrappers-paths-exist[0m [90m[0m                       
┃ [34m├─ [0m[32m✔ stage-2-init.sh[0m [90m[0m                                       
┃ [34m├─ [0m[32m✔ perl-5.42.0-env[0m [90m⏱ 7s[0m                                   
┃ [34m├─ [0m[34m⏸ activate[0m[90m waiting for [0m[33m1 ⏵[0m [33m1 ↓[0m                           
┃ [34m│  [0m   [34m┌─ [0m[1m[33m↓ ⏵ texinfo-7.2[0m[0m ⏱ 18s 8.8MiB/13.7MiB               [1m 64.1%[0m
┃ [34m│  [0m[34m┌─ [0m[34m⏸ user-environment[0m                                    
┃ [34m│  [0m[34m│  [0m[34m┌─ [0m[32m✔ unit-console-getty.service-disabled[0m [90m[0m             
┃ [34m│  [0m[34m│  [0m[34m├─ [0m[32m✔ unit-pipewire-pulse.service-disabled[0m [90m[0m            
┃ [34m│  [0m[34m│  [0m[34m├─ [0m[32m✔ unit-pipewire-pulse.socket-disabled[0m [90m[0m             
┃ [34m│  [0m[34m│  [0m[34m├─ [0m[32m✔ unit-pipewire.service-disabled[0m [90m[0m                  
┃ [34m│  [0m[34m│  [0m[34m├─ [0m[32m✔ unit-pipewire.socket-disabled[0m [90m[0m                   
┃ [34m│  [0m[34m│  [0m[34m├─ [0m[32m✔ unit-wireplumber.service-disabled[0m [90m[0m               
┃ [34m│  [0m[34m│  [0m[34m│  [0m         [34m┌─ [0m[32m✔ home-manager-path[0m [90m⏱ 5s[0m               
┃ [34m│  [0m[34m│  [0m[34m│  [0m      [34m┌─ [0m[32m✔ hm_fontconfigconf.d10hmfonts.conf[0m [90m[0m      
┃ [34m│  [0m[34m│  [0m[34m│  [0m   [34m┌─ [0m[32m✔ home-manager-files[0m [90m[0m                        
┃ [34m│  [0m[34m│  [0m[34m│  [0m[34m┌─ [0m[32m✔ home-manager-generation[0m [90m[0m                      
┃ [34m│  [0m[34m│  [0m[34m├─ [0m[32m✔ unit-home-manager-licht.service[0m [90m[0m                 
┃ [34m│  [0m[34m├─ [0m[33m[1m⏵ system-units[0m[0m                                        
┃ [34m├─ [0m[34m⏸ etc[0m                                                    
┃ [34m⏸ nixos-system-licht-26.05.20260907.93108a5[0m                 [0m
┣━━━ [1mBuilds          [0m │ [1mDownloads      [0m │ [1mHost                   [0m
┃    [33m⏵ [1m1[0m[0m │ [32m✔ [1m22[0m[0m │     │ [33m   [0m │ [32m   [0m │     │ [35m      localhost        [0m
┃    [33m   [0m │ [32m    [0m │     │ [33m↓ [1m1[0m[0m │ [32m↓ [1m9[0m[0m │     │ [35mcache.nixos.org (https)[0m
┗━ ∑ [33m⏵ [1m1[0m[0m │ [32m✔ [1m22[0m[0m │ [34m⏸ [1m4[0m[0m │ [33m↓ [1m1[0m[0m │ [32m↓ [1m9[0m[0m │ [34m⏸ 0[0m │ [1m⏱ 53s                  [0m[?2026l[?2026h[2K[1F[2K[1F[2K[1F[2K[1F[2K[1F[2K[1F[2K[1F[2K[1F[2K[1F[2K[1F[2K[1F[2K[1F[2K[1F[2K[1F[2K[1F[2K[1F[2K[1F[2K[1F[2K[1F[2K[1F[2K[1F[2K[1F[2K[1F[2K[1F[2K[0m┏━ [1mDependency Graph[0m:
┃ [34m┌─ [0m[32m✔ ensure-all-wrappers-paths-exist[0m [90m[0m                       
┃ [34m├─ [0m[32m✔ stage-2-init.sh[0m [90m[0m                                       
┃ [34m├─ [0m[32m✔ perl-5.42.0-env[0m [90m⏱ 7s[0m                                   
┃ [34m├─ [0m[34m⏸ activate[0m[90m waiting for [0m[33m1 ⏵[0m [33m1 ↓[0m                           
┃ [34m│  [0m   [34m┌─ [0m[1m[33m↓ ⏵ texinfo-7.2[0m[0m ⏱ 18s 8.9MiB/13.7MiB               [1m 65.0%[0m
┃ [34m│  [0m[34m┌─ [0m[34m⏸ user-environment[0m                                    
┃ [34m│  [0m[34m│  [0m[34m┌─ [0m[32m✔ unit-console-getty.service-disabled[0m [90m[0m             
┃ [34m│  [0m[34m│  [0m[34m├─ [0m[32m✔ unit-pipewire-pulse.service-disabled[0m [90m[0m            
┃ [34m│  [0m[34m│  [0m[34m├─ [0m[32m✔ unit-pipewire-pulse.socket-disabled[0m [90m[0m             
┃ [34m│  [0m[34m│  [0m[34m├─ [0m[32m✔ unit-pipewire.service-disabled[0m [90m[0m                  
┃ [34m│  [0m[34m│  [0m[34m├─ [0m[32m✔ unit-pipewire.socket-disabled[0m [90m[0m                   
┃ [34m│  [0m[34m│  [0m[34m├─ [0m[32m✔ unit-wireplumber.service-disabled[0m [90m[0m               
┃ [34m│  [0m[34m│  [0m[34m│  [0m         [34m┌─ [0m[32m✔ home-manager-path[0m [90m⏱ 5s[0m               
┃ [34m│  [0m[34m│  [0m[34m│  [0m      [34m┌─ [0m[32m✔ hm_fontconfigconf.d10hmfonts.conf[0m [90m[0m      
┃ [34m│  [0m[34m│  [0m[34m│  [0m   [34m┌─ [0m[32m✔ home-manager-files[0m [90m[0m                        
┃ [34m│  [0m[34m│  [0m[34m│  [0m[34m┌─ [0m[32m✔ home-manager-generation[0m [90m[0m                      
┃ [34m│  [0m[34m│  [0m[34m├─ [0m[32m✔ unit-home-manager-licht.service[0m [90m[0m                 
┃ [34m│  [0m[34m├─ [0m[33m[1m⏵ system-units[0m[0m                                        
┃ [34m├─ [0m[34m⏸ etc[0m                                                    
┃ [34m⏸ nixos-system-licht-26.05.20260907.93108a5[0m                 [0m
┣━━━ [1mBuilds          [0m │ [1mDownloads      [0m │ [1mHost                   [0m
┃    [33m⏵ [1m1[0m[0m │ [32m✔ [1m22[0m[0m │     │ [33m   [0m │ [32m   [0m │     │ [35m      localhost        [0m
┃    [33m   [0m │ [32m    [0m │     │ [33m↓ [1m1[0m[0m │ [32m↓ [1m9[0m[0m │     │ [35mcache.nixos.org (https)[0m
┗━ ∑ [33m⏵ [1m1[0m[0m │ [32m✔ [1m22[0m[0m │ [34m⏸ [1m4[0m[0m │ [33m↓ [1m1[0m[0m │ [32m↓ [1m9[0m[0m │ [34m⏸ 0[0m │ [1m⏱ 53s                  [0m[?2026l[?2026h[2K[1F[2K[1F[2K[1F[2K[1F[2K[1F[2K[1F[2K[1F[2K[1F[2K[1F[2K[1F[2K[1F[2K[1F[2K[1F[2K[1F[2K[1F[2K[1F[2K[1F[2K[1F[2K[1F[2K[1F[2K[1F[2K[1F[2K[1F[2K[1F[2K[0m┏━ [1mDependency Graph[0m:
┃ [34m┌─ [0m[32m✔ ensure-all-wrappers-paths-exist[0m [90m[0m                       
┃ [34m├─ [0m[32m✔ stage-2-init.sh[0m [90m[0m                                       
┃ [34m├─ [0m[32m✔ perl-5.42.0-env[0m [90m⏱ 7s[0m                                   
┃ [34m├─ [0m[34m⏸ activate[0m[90m waiting for [0m[33m1 ⏵[0m [33m1 ↓[0m                           
┃ [34m│  [0m   [34m┌─ [0m[1m[33m↓ ⏵ texinfo-7.2[0m[0m ⏱ 18s 9.0MiB/13.7MiB               [1m 65.9%[0m
┃ [34m│  [0m[34m┌─ [0m[34m⏸ user-environment[0m                                    
┃ [34m│  [0m[34m│  [0m[34m┌─ [0m[32m✔ unit-console-getty.service-disabled[0m [90m[0m             
┃ [34m│  [0m[34m│  [0m[34m├─ [0m[32m✔ unit-pipewire-pulse.service-disabled[0m [90m[0m            
┃ [34m│  [0m[34m│  [0m[34m├─ [0m[32m✔ unit-pipewire-pulse.socket-disabled[0m [90m[0m             
┃ [34m│  [0m[34m│  [0m[34m├─ [0m[32m✔ unit-pipewire.service-disabled[0m [90m[0m                  
┃ [34m│  [0m[34m│  [0m[34m├─ [0m[32m✔ unit-pipewire.socket-disabled[0m [90m[0m                   
┃ [34m│  [0m[34m│  [0m[34m├─ [0m[32m✔ unit-wireplumber.service-disabled[0m [90m[0m               
┃ [34m│  [0m[34m│  [0m[34m│  [0m         [34m┌─ [0m[32m✔ home-manager-path[0m [90m⏱ 5s[0m               
┃ [34m│  [0m[34m│  [0m[34m│  [0m      [34m┌─ [0m[32m✔ hm_fontconfigconf.d10hmfonts.conf[0m [90m[0m      
┃ [34m│  [0m[34m│  [0m[34m│  [0m   [34m┌─ [0m[32m✔ home-manager-files[0m [90m[0m                        
┃ [34m│  [0m[34m│  [0m[34m│  [0m[34m┌─ [0m[32m✔ home-manager-generation[0m [90m[0m                      
┃ [34m│  [0m[34m│  [0m[34m├─ [0m[32m✔ unit-home-manager-licht.service[0m [90m[0m                 
┃ [34m│  [0m[34m├─ [0m[33m[1m⏵ system-units[0m[0m                                        
┃ [34m├─ [0m[34m⏸ etc[0m                                                    
┃ [34m⏸ nixos-system-licht-26.05.20260907.93108a5[0m                 [0m
┣━━━ [1mBuilds          [0m │ [1mDownloads      [0m │ [1mHost                   [0m
┃    [33m⏵ [1m1[0m[0m │ [32m✔ [1m22[0m[0m │     │ [33m   [0m │ [32m   [0m │     │ [35m      localhost        [0m
┃    [33m   [0m │ [32m    [0m │     │ [33m↓ [1m1[0m[0m │ [32m↓ [1m9[0m[0m │     │ [35mcache.nixos.org (https)[0m
┗━ ∑ [33m⏵ [1m1[0m[0m │ [32m✔ [1m22[0m[0m │ [34m⏸ [1m4[0m[0m │ [33m↓ [1m1[0m[0m │ [32m↓ [1m9[0m[0m │ [34m⏸ 0[0m │ [1m⏱ 53s                  [0m[?2026l[?2026h[2K[1F[2K[1F[2K[1F[2K[1F[2K[1F[2K[1F[2K[1F[2K[1F[2K[1F[2K[1F[2K[1F[2K[1F[2K[1F[2K[1F[2K[1F[2K[1F[2K[1F[2K[1F[2K[1F[2K[1F[2K[1F[2K[1F[2K[1F[2K[1F[2K[0m┏━ [1mDependency Graph[0m:
┃ [34m┌─ [0m[32m✔ ensure-all-wrappers-paths-exist[0m [90m[0m                       
┃ [34m├─ [0m[32m✔ stage-2-init.sh[0m [90m[0m                                       
┃ [34m├─ [0m[32m✔ perl-5.42.0-env[0m [90m⏱ 7s[0m                                   
┃ [34m├─ [0m[34m⏸ activate[0m[90m waiting for [0m[33m1 ⏵[0m [33m1 ↓[0m                           
┃ [34m│  [0m   [34m┌─ [0m[1m[33m↓ ⏵ texinfo-7.2[0m[0m ⏱ 18s 9.0MiB/13.7MiB               [1m 65.9%[0m
┃ [34m│  [0m[34m┌─ [0m[34m⏸ user-environment[0m                                    
┃ [34m│  [0m[34m│  [0m[34m┌─ [0m[32m✔ unit-console-getty.service-disabled[0m [90m[0m             
┃ [34m│  [0m[34m│  [0m[34m├─ [0m[32m✔ unit-pipewire-pulse.service-disabled[0m [90m[0m            
┃ [34m│  [0m[34m│  [0m[34m├─ [0m[32m✔ unit-pipewire-pulse.socket-disabled[0m [90m[0m             
┃ [34m│  [0m[34m│  [0m[34m├─ [0m[32m✔ unit-pipewire.service-disabled[0m [90m[0m                  
┃ [34m│  [0m[34m│  [0m[34m├─ [0m[32m✔ unit-pipewire.socket-disabled[0m [90m[0m                   
┃ [34m│  [0m[34m│  [0m[34m├─ [0m[32m✔ unit-wireplumber.service-disabled[0m [90m[0m               
┃ [34m│  [0m[34m│  [0m[34m│  [0m         [34m┌─ [0m[32m✔ home-manager-path[0m [90m⏱ 5s[0m               
┃ [34m│  [0m[34m│  [0m[34m│  [0m      [34m┌─ [0m[32m✔ hm_fontconfigconf.d10hmfonts.conf[0m [90m[0m      
┃ [34m│  [0m[34m│  [0m[34m│  [0m   [34m┌─ [0m[32m✔ home-manager-files[0m [90m[0m                        
┃ [34m│  [0m[34m│  [0m[34m│  [0m[34m┌─ [0m[32m✔ home-manager-generation[0m [90m[0m                      
┃ [34m│  [0m[34m│  [0m[34m├─ [0m[32m✔ unit-home-manager-licht.service[0m [90m[0m                 
┃ [34m│  [0m[34m├─ [0m[33m[1m⏵ system-units[0m[0m                                        
┃ [34m├─ [0m[34m⏸ etc[0m                                                    
┃ [34m⏸ nixos-system-licht-26.05.20260907.93108a5[0m                 [0m
┣━━━ [1mBuilds          [0m │ [1mDownloads      [0m │ [1mHost                   [0m
┃    [33m⏵ [1m1[0m[0m │ [32m✔ [1m22[0m[0m │     │ [33m   [0m │ [32m   [0m │     │ [35m      localhost        [0m
┃    [33m   [0m │ [32m    [0m │     │ [33m↓ [1m1[0m[0m │ [32m↓ [1m9[0m[0m │     │ [35mcache.nixos.org (https)[0m
┗━ ∑ [33m⏵ [1m1[0m[0m │ [32m✔ [1m22[0m[0m │ [34m⏸ [1m4[0m[0m │ [33m↓ [1m1[0m[0m │ [32m↓ [1m9[0m[0m │ [34m⏸ 0[0m │ [1m⏱ 53s                  [0m[?2026l[?2026h[2K[1F[2K[1F[2K[1F[2K[1F[2K[1F[2K[1F[2K[1F[2K[1F[2K[1F[2K[1F[2K[1F[2K[1F[2K[1F[2K[1F[2K[1F[2K[1F[2K[1F[2K[1F[2K[1F[2K[1F[2K[1F[2K[1F[2K[1F[2K[1F[2K[0m┏━ [1mDependency Graph[0m:
┃ [34m┌─ [0m[32m✔ ensure-all-wrappers-paths-exist[0m [90m[0m                       
┃ [34m├─ [0m[32m✔ stage-2-init.sh[0m [90m[0m                                       
┃ [34m├─ [0m[32m✔ perl-5.42.0-env[0m [90m⏱ 7s[0m                                   
┃ [34m├─ [0m[34m⏸ activate[0m[90m waiting for [0m[33m1 ⏵[0m [33m1 ↓[0m                           
┃ [34m│  [0m   [34m┌─ [0m[1m[33m↓ ⏵ texinfo-7.2[0m[0m ⏱ 18s 9.0MiB/13.7MiB               [1m 65.9%[0m
┃ [34m│  [0m[34m┌─ [0m[34m⏸ user-environment[0m                                    
┃ [34m│  [0m[34m│  [0m[34m┌─ [0m[32m✔ unit-console-getty.service-disabled[0m [90m[0m             
┃ [34m│  [0m[34m│  [0m[34m├─ [0m[32m✔ unit-pipewire-pulse.service-disabled[0m [90m[0m            
┃ [34m│  [0m[34m│  [0m[34m├─ [0m[32m✔ unit-pipewire-pulse.socket-disabled[0m [90m[0m             
┃ [34m│  [0m[34m│  [0m[34m├─ [0m[32m✔ unit-pipewire.service-disabled[0m [90m[0m                  
┃ [34m│  [0m[34m│  [0m[34m├─ [0m[32m✔ unit-pipewire.socket-disabled[0m [90m[0m                   
┃ [34m│  [0m[34m│  [0m[34m├─ [0m[32m✔ unit-wireplumber.service-disabled[0m [90m[0m               
┃ [34m│  [0m[34m│  [0m[34m│  [0m         [34m┌─ [0m[32m✔ home-manager-path[0m [90m⏱ 5s[0m               
┃ [34m│  [0m[34m│  [0m[34m│  [0m      [34m┌─ [0m[32m✔ hm_fontconfigconf.d10hmfonts.conf[0m [90m[0m      
┃ [34m│  [0m[34m│  [0m[34m│  [0m   [34m┌─ [0m[32m✔ home-manager-files[0m [90m[0m                        
┃ [34m│  [0m[34m│  [0m[34m│  [0m[34m┌─ [0m[32m✔ home-manager-generation[0m [90m[0m                      
┃ [34m│  [0m[34m│  [0m[34m├─ [0m[32m✔ unit-home-manager-licht.service[0m [90m[0m                 
┃ [34m│  [0m[34m├─ [0m[33m[1m⏵ system-units[0m[0m                                        
┃ [34m├─ [0m[34m⏸ etc[0m                                                    
┃ [34m⏸ nixos-system-licht-26.05.20260907.93108a5[0m                 [0m
┣━━━ [1mBuilds          [0m │ [1mDownloads      [0m │ [1mHost                   [0m
┃    [33m⏵ [1m1[0m[0m │ [32m✔ [1m22[0m[0m │     │ [33m   [0m │ [32m   [0m │     │ [35m      localhost        [0m
┃    [33m   [0m │ [32m    [0m │     │ [33m↓ [1m1[0m[0m │ [32m↓ [1m9[0m[0m │     │ [35mcache.nixos.org (https)[0m
┗━ ∑ [33m⏵ [1m1[0m[0m │ [32m✔ [1m22[0m[0m │ [34m⏸ [1m4[0m[0m │ [33m↓ [1m1[0m[0m │ [32m↓ [1m9[0m[0m │ [34m⏸ 0[0m │ [1m⏱ 54s                  [0m[?2026l[?2026h[2K[1F[2K[1F[2K[1F[2K[1F[2K[1F[2K[1F[2K[1F[2K[1F[2K[1F[2K[1F[2K[1F[2K[1F[2K[1F[2K[1F[2K[1F[2K[1F[2K[1F[2K[1F[2K[1F[2K[1F[2K[1F[2K[1F[2K[1F[2K[1F[2K[0m┏━ [1mDependency Graph[0m:
┃ [34m┌─ [0m[32m✔ ensure-all-wrappers-paths-exist[0m [90m[0m                       
┃ [34m├─ [0m[32m✔ stage-2-init.sh[0m [90m[0m                                       
┃ [34m├─ [0m[32m✔ perl-5.42.0-env[0m [90m⏱ 7s[0m                                   
┃ [34m├─ [0m[34m⏸ activate[0m[90m waiting for [0m[33m1 ⏵[0m [33m1 ↓[0m                           
┃ [34m│  [0m   [34m┌─ [0m[1m[33m↓ ⏵ texinfo-7.2[0m[0m ⏱ 18s 9.0MiB/13.7MiB               [1m 65.9%[0m
┃ [34m│  [0m[34m┌─ [0m[34m⏸ user-environment[0m                                    
┃ [34m│  [0m[34m│  [0m[34m┌─ [0m[32m✔ unit-console-getty.service-disabled[0m [90m[0m             
┃ [34m│  [0m[34m│  [0m[34m├─ [0m[32m✔ unit-pipewire-pulse.service-disabled[0m [90m[0m            
┃ [34m│  [0m[34m│  [0m[34m├─ [0m[32m✔ unit-pipewire-pulse.socket-disabled[0m [90m[0m             
┃ [34m│  [0m[34m│  [0m[34m├─ [0m[32m✔ unit-pipewire.service-disabled[0m [90m[0m                  
┃ [34m│  [0m[34m│  [0m[34m├─ [0m[32m✔ unit-pipewire.socket-disabled[0m [90m[0m                   
┃ [34m│  [0m[34m│  [0m[34m├─ [0m[32m✔ unit-wireplumber.service-disabled[0m [90m[0m               
┃ [34m│  [0m[34m│  [0m[34m│  [0m         [34m┌─ [0m[32m✔ home-manager-path[0m [90m⏱ 5s[0m               
┃ [34m│  [0m[34m│  [0m[34m│  [0m      [34m┌─ [0m[32m✔ hm_fontconfigconf.d10hmfonts.conf[0m [90m[0m      
┃ [34m│  [0m[34m│  [0m[34m│  [0m   [34m┌─ [0m[32m✔ home-manager-files[0m [90m[0m                        
┃ [34m│  [0m[34m│  [0m[34m│  [0m[34m┌─ [0m[32m✔ home-manager-generation[0m [90m[0m                      
┃ [34m│  [0m[34m│  [0m[34m├─ [0m[32m✔ unit-home-manager-licht.service[0m [90m[0m                 
┃ [34m│  [0m[34m├─ [0m[33m[1m⏵ system-units[0m[0m                                        
┃ [34m├─ [0m[34m⏸ etc[0m                                                    
┃ [34m⏸ nixos-system-licht-26.05.20260907.93108a5[0m                 [0m
┣━━━ [1mBuilds          [0m │ [1mDownloads      [0m │ [1mHost                   [0m
┃    [33m⏵ [1m1[0m[0m │ [32m✔ [1m22[0m[0m │     │ [33m   [0m │ [32m   [0m │     │ [35m      localhost        [0m
┃    [33m   [0m │ [32m    [0m │     │ [33m↓ [1m1[0m[0m │ [32m↓ [1m9[0m[0m │     │ [35mcache.nixos.org (https)[0m
┗━ ∑ [33m⏵ [1m1[0m[0m │ [32m✔ [1m22[0m[0m │ [34m⏸ [1m4[0m[0m │ [33m↓ [1m1[0m[0m │ [32m↓ [1m9[0m[0m │ [34m⏸ 0[0m │ [1m⏱ 54s                  [0m[?2026l[?2026h[2K[1F[2K[1F[2K[1F[2K[1F[2K[1F[2K[1F[2K[1F[2K[1F[2K[1F[2K[1F[2K[1F[2K[1F[2K[1F[2K[1F[2K[1F[2K[1F[2K[1F[2K[1F[2K[1F[2K[1F[2K[1F[2K[1F[2K[1F[2K[1F[2K[0m┏━ [1mDependency Graph[0m:
┃ [34m┌─ [0m[32m✔ ensure-all-wrappers-paths-exist[0m [90m[0m                       
┃ [34m├─ [0m[32m✔ stage-2-init.sh[0m [90m[0m                                       
┃ [34m├─ [0m[32m✔ perl-5.42.0-env[0m [90m⏱ 7s[0m                                   
┃ [34m├─ [0m[34m⏸ activate[0m[90m waiting for [0m[33m1 ⏵[0m [33m1 ↓[0m                           
┃ [34m│  [0m   [34m┌─ [0m[1m[33m↓ ⏵ texinfo-7.2[0m[0m ⏱ 18s 9.0MiB/13.7MiB               [1m 65.9%[0m
┃ [34m│  [0m[34m┌─ [0m[34m⏸ user-environment[0m                                    
┃ [34m│  [0m[34m│  [0m[34m┌─ [0m[32m✔ unit-console-getty.service-disabled[0m [90m[0m             
┃ [34m│  [0m[34m│  [0m[34m├─ [0m[32m✔ unit-pipewire-pulse.service-disabled[0m [90m[0m            
┃ [34m│  [0m[34m│  [0m[34m├─ [0m[32m✔ unit-pipewire-pulse.socket-disabled[0m [90m[0m             
┃ [34m│  [0m[34m│  [0m[34m├─ [0m[32m✔ unit-pipewire.service-disabled[0m [90m[0m                  
┃ [34m│  [0m[34m│  [0m[34m├─ [0m[32m✔ unit-pipewire.socket-disabled[0m [90m[0m                   
┃ [34m│  [0m[34m│  [0m[34m├─ [0m[32m✔ unit-wireplumber.service-disabled[0m [90m[0m               
┃ [34m│  [0m[34m│  [0m[34m│  [0m         [34m┌─ [0m[32m✔ home-manager-path[0m [90m⏱ 5s[0m               
┃ [34m│  [0m[34m│  [0m[34m│  [0m      [34m┌─ [0m[32m✔ hm_fontconfigconf.d10hmfonts.conf[0m [90m[0m      
┃ [34m│  [0m[34m│  [0m[34m│  [0m   [34m┌─ [0m[32m✔ home-manager-files[0m [90m[0m                        
┃ [34m│  [0m[34m│  [0m[34m│  [0m[34m┌─ [0m[32m✔ home-manager-generation[0m [90m[0m                      
┃ [34m│  [0m[34m│  [0m[34m├─ [0m[32m✔ unit-home-manager-licht.service[0m [90m[0m                 
┃ [34m│  [0m[34m├─ [0m[33m[1m⏵ system-units[0m[0m                                        
┃ [34m├─ [0m[34m⏸ etc[0m                                                    
┃ [34m⏸ nixos-system-licht-26.05.20260907.93108a5[0m                 [0m
┣━━━ [1mBuilds          [0m │ [1mDownloads      [0m │ [1mHost                   [0m
┃    [33m⏵ [1m1[0m[0m │ [32m✔ [1m22[0m[0m │     │ [33m   [0m │ [32m   [0m │     │ [35m      localhost        [0m
┃    [33m   [0m │ [32m    [0m │     │ [33m↓ [1m1[0m[0m │ [32m↓ [1m9[0m[0m │     │ [35mcache.nixos.org (https)[0m
┗━ ∑ [33m⏵ [1m1[0m[0m │ [32m✔ [1m22[0m[0m │ [34m⏸ [1m4[0m[0m │ [33m↓ [1m1[0m[0m │ [32m↓ [1m9[0m[0m │ [34m⏸ 0[0m │ [1m⏱ 54s                  [0m[?2026l[?2026h[2K[1F[2K[1F[2K[1F[2K[1F[2K[1F[2K[1F[2K[1F[2K[1F[2K[1F[2K[1F[2K[1F[2K[1F[2K[1F[2K[1F[2K[1F[2K[1F[2K[1F[2K[1F[2K[1F[2K[1F[2K[1F[2K[1F[2K[1F[2K[1F[2K[0m┏━ [1mDependency Graph[0m:
┃ [34m┌─ [0m[32m✔ ensure-all-wrappers-paths-exist[0m [90m[0m                       
┃ [34m├─ [0m[32m✔ stage-2-init.sh[0m [90m[0m                                       
┃ [34m├─ [0m[32m✔ perl-5.42.0-env[0m [90m⏱ 7s[0m                                   
┃ [34m├─ [0m[34m⏸ activate[0m[90m waiting for [0m[33m1 ⏵[0m [33m1 ↓[0m                           
┃ [34m│  [0m   [34m┌─ [0m[1m[33m↓ ⏵ texinfo-7.2[0m[0m ⏱ 19s 9.0MiB/13.7MiB               [1m 65.9%[0m
┃ [34m│  [0m[34m┌─ [0m[34m⏸ user-environment[0m                                    
┃ [34m│  [0m[34m│  [0m[34m┌─ [0m[32m✔ unit-console-getty.service-disabled[0m [90m[0m             
┃ [34m│  [0m[34m│  [0m[34m├─ [0m[32m✔ unit-pipewire-pulse.service-disabled[0m [90m[0m            
┃ [34m│  [0m[34m│  [0m[34m├─ [0m[32m✔ unit-pipewire-pulse.socket-disabled[0m [90m[0m             
┃ [34m│  [0m[34m│  [0m[34m├─ [0m[32m✔ unit-pipewire.service-disabled[0m [90m[0m                  
┃ [34m│  [0m[34m│  [0m[34m├─ [0m[32m✔ unit-pipewire.socket-disabled[0m [90m[0m                   
┃ [34m│  [0m[34m│  [0m[34m├─ [0m[32m✔ unit-wireplumber.service-disabled[0m [90m[0m               
┃ [34m│  [0m[34m│  [0m[34m│  [0m         [34m┌─ [0m[32m✔ home-manager-path[0m [90m⏱ 5s[0m               
┃ [34m│  [0m[34m│  [0m[34m│  [0m      [34m┌─ [0m[32m✔ hm_fontconfigconf.d10hmfonts.conf[0m [90m[0m      
┃ [34m│  [0m[34m│  [0m[34m│  [0m   [34m┌─ [0m[32m✔ home-manager-files[0m [90m[0m                        
┃ [34m│  [0m[34m│  [0m[34m│  [0m[34m┌─ [0m[32m✔ home-manager-generation[0m [90m[0m                      
┃ [34m│  [0m[34m│  [0m[34m├─ [0m[32m✔ unit-home-manager-licht.service[0m [90m[0m                 
┃ [34m│  [0m[34m├─ [0m[33m[1m⏵ system-units[0m[0m                                        
┃ [34m├─ [0m[34m⏸ etc[0m                                                    
┃ [34m⏸ nixos-system-licht-26.05.20260907.93108a5[0m                 [0m
┣━━━ [1mBuilds          [0m │ [1mDownloads      [0m │ [1mHost                   [0m
┃    [33m⏵ [1m1[0m[0m │ [32m✔ [1m22[0m[0m │     │ [33m   [0m │ [32m   [0m │     │ [35m      localhost        [0m
┃    [33m   [0m │ [32m    [0m │     │ [33m↓ [1m1[0m[0m │ [32m↓ [1m9[0m[0m │     │ [35mcache.nixos.org (https)[0m
┗━ ∑ [33m⏵ [1m1[0m[0m │ [32m✔ [1m22[0m[0m │ [34m⏸ [1m4[0m[0m │ [33m↓ [1m1[0m[0m │ [32m↓ [1m9[0m[0m │ [34m⏸ 0[0m │ [1m⏱ 54s                  [0m[?2026l[?2026h[2K[1F[2K[1F[2K[1F[2K[1F[2K[1F[2K[1F[2K[1F[2K[1F[2K[1F[2K[1F[2K[1F[2K[1F[2K[1F[2K[1F[2K[1F[2K[1F[2K[1F[2K[1F[2K[1F[2K[1F[2K[1F[2K[1F[2K[1F[2K[1F[2K[0m┏━ [1mDependency Graph[0m:
┃ [34m┌─ [0m[32m✔ ensure-all-wrappers-paths-exist[0m [90m[0m                       
┃ [34m├─ [0m[32m✔ stage-2-init.sh[0m [90m[0m                                       
┃ [34m├─ [0m[32m✔ perl-5.42.0-env[0m [90m⏱ 7s[0m                                   
┃ [34m├─ [0m[34m⏸ activate[0m[90m waiting for [0m[33m1 ⏵[0m [33m1 ↓[0m                           
┃ [34m│  [0m   [34m┌─ [0m[1m[33m↓ ⏵ texinfo-7.2[0m[0m ⏱ 19s 9.2MiB/13.7MiB               [1m 67.7%[0m
┃ [34m│  [0m[34m┌─ [0m[34m⏸ user-environment[0m                                    
┃ [34m│  [0m[34m│  [0m[34m┌─ [0m[32m✔ unit-console-getty.service-disabled[0m [90m[0m             
┃ [34m│  [0m[34m│  [0m[34m├─ [0m[32m✔ unit-pipewire-pulse.service-disabled[0m [90m[0m            
┃ [34m│  [0m[34m│  [0m[34m├─ [0m[32m✔ unit-pipewire-pulse.socket-disabled[0m [90m[0m             
┃ [34m│  [0m[34m│  [0m[34m├─ [0m[32m✔ unit-pipewire.service-disabled[0m [90m[0m                  
┃ [34m│  [0m[34m│  [0m[34m├─ [0m[32m✔ unit-pipewire.socket-disabled[0m [90m[0m                   
┃ [34m│  [0m[34m│  [0m[34m├─ [0m[32m✔ unit-wireplumber.service-disabled[0m [90m[0m               
┃ [34m│  [0m[34m│  [0m[34m│  [0m         [34m┌─ [0m[32m✔ home-manager-path[0m [90m⏱ 5s[0m               
┃ [34m│  [0m[34m│  [0m[34m│  [0m      [34m┌─ [0m[32m✔ hm_fontconfigconf.d10hmfonts.conf[0m [90m[0m      
┃ [34m│  [0m[34m│  [0m[34m│  [0m   [34m┌─ [0m[32m✔ home-manager-files[0m [90m[0m                        
┃ [34m│  [0m[34m│  [0m[34m│  [0m[34m┌─ [0m[32m✔ home-manager-generation[0m [90m[0m                      
┃ [34m│  [0m[34m│  [0m[34m├─ [0m[32m✔ unit-home-manager-licht.service[0m [90m[0m                 
┃ [34m│  [0m[34m├─ [0m[33m[1m⏵ system-units[0m[0m ⏱ 1s (∅ 2s)                            
┃ [34m├─ [0m[34m⏸ etc[0m                                                    
┃ [34m⏸ nixos-system-licht-26.05.20260907.93108a5[0m                 [0m
┣━━━ [1mBuilds          [0m │ [1mDownloads      [0m │ [1mHost                   [0m
┃    [33m⏵ [1m1[0m[0m │ [32m✔ [1m22[0m[0m │     │ [33m   [0m │ [32m   [0m │     │ [35m      localhost        [0m
┃    [33m   [0m │ [32m    [0m │     │ [33m↓ [1m1[0m[0m │ [32m↓ [1m9[0m[0m │     │ [35mcache.nixos.org (https)[0m
┗━ ∑ [33m⏵ [1m1[0m[0m │ [32m✔ [1m22[0m[0m │ [34m⏸ [1m4[0m[0m │ [33m↓ [1m1[0m[0m │ [32m↓ [1m9[0m[0m │ [34m⏸ 0[0m │ [1m⏱ 54s                  [0m[?2026l[?2026h[2K[1F[2K[1F[2K[1F[2K[1F[2K[1F[2K[1F[2K[1F[2K[1F[2K[1F[2K[1F[2K[1F[2K[1F[2K[1F[2K[1F[2K[1F[2K[1F[2K[1F[2K[1F[2K[1F[2K[1F[2K[1F[2K[1F[2K[1F[2K[1F[2K[0m┏━ [1mDependency Graph[0m:
┃ [34m┌─ [0m[32m✔ ensure-all-wrappers-paths-exist[0m [90m[0m                       
┃ [34m├─ [0m[32m✔ stage-2-init.sh[0m [90m[0m                                       
┃ [34m├─ [0m[32m✔ perl-5.42.0-env[0m [90m⏱ 7s[0m                                   
┃ [34m├─ [0m[34m⏸ activate[0m[90m waiting for [0m[33m1 ⏵[0m [33m1 ↓[0m                           
┃ [34m│  [0m   [34m┌─ [0m[1m[33m↓ ⏵ texinfo-7.2[0m[0m ⏱ 19s 9.4MiB/13.7MiB               [1m 68.6%[0m
┃ [34m│  [0m[34m┌─ [0m[34m⏸ user-environment[0m                                    
┃ [34m│  [0m[34m│  [0m[34m┌─ [0m[32m✔ unit-console-getty.service-disabled[0m [90m[0m             
┃ [34m│  [0m[34m│  [0m[34m├─ [0m[32m✔ unit-pipewire-pulse.service-disabled[0m [90m[0m            
┃ [34m│  [0m[34m│  [0m[34m├─ [0m[32m✔ unit-pipewire-pulse.socket-disabled[0m [90m[0m             
┃ [34m│  [0m[34m│  [0m[34m├─ [0m[32m✔ unit-pipewire.service-disabled[0m [90m[0m                  
┃ [34m│  [0m[34m│  [0m[34m├─ [0m[32m✔ unit-pipewire.socket-disabled[0m [90m[0m                   
┃ [34m│  [0m[34m│  [0m[34m├─ [0m[32m✔ unit-wireplumber.service-disabled[0m [90m[0m               
┃ [34m│  [0m[34m│  [0m[34m│  [0m         [34m┌─ [0m[32m✔ home-manager-path[0m [90m⏱ 5s[0m               
┃ [34m│  [0m[34m│  [0m[34m│  [0m      [34m┌─ [0m[32m✔ hm_fontconfigconf.d10hmfonts.conf[0m [90m[0m      
┃ [34m│  [0m[34m│  [0m[34m│  [0m   [34m┌─ [0m[32m✔ home-manager-files[0m [90m[0m                        
┃ [34m│  [0m[34m│  [0m[34m│  [0m[34m┌─ [0m[32m✔ home-manager-generation[0m [90m[0m                      
┃ [34m│  [0m[34m│  [0m[34m├─ [0m[32m✔ unit-home-manager-licht.service[0m [90m[0m                 
┃ [34m│  [0m[34m├─ [0m[33m[1m⏵ system-units[0m[0m ⏱ 1s (∅ 2s)                            
┃ [34m├─ [0m[34m⏸ etc[0m                                                    
┃ [34m⏸ nixos-system-licht-26.05.20260907.93108a5[0m                 [0m
┣━━━ [1mBuilds          [0m │ [1mDownloads      [0m │ [1mHost                   [0m
┃    [33m⏵ [1m1[0m[0m │ [32m✔ [1m22[0m[0m │     │ [33m   [0m │ [32m   [0m │     │ [35m      localhost        [0m
┃    [33m   [0m │ [32m    [0m │     │ [33m↓ [1m1[0m[0m │ [32m↓ [1m9[0m[0m │     │ [35mcache.nixos.org (https)[0m
┗━ ∑ [33m⏵ [1m1[0m[0m │ [32m✔ [1m22[0m[0m │ [34m⏸ [1m4[0m[0m │ [33m↓ [1m1[0m[0m │ [32m↓ [1m9[0m[0m │ [34m⏸ 0[0m │ [1m⏱ 54s                  [0m[?2026l[?2026h[2K[1F[2K[1F[2K[1F[2K[1F[2K[1F[2K[1F[2K[1F[2K[1F[2K[1F[2K[1F[2K[1F[2K[1F[2K[1F[2K[1F[2K[1F[2K[1F[2K[1F[2K[1F[2K[1F[2K[1F[2K[1F[2K[1F[2K[1F[2K[1F[2K[0m┏━ [1mDependency Graph[0m:
┃ [34m┌─ [0m[32m✔ ensure-all-wrappers-paths-exist[0m [90m[0m                       
┃ [34m├─ [0m[32m✔ stage-2-init.sh[0m [90m[0m                                       
┃ [34m├─ [0m[32m✔ perl-5.42.0-env[0m [90m⏱ 7s[0m                                   
┃ [34m├─ [0m[34m⏸ activate[0m[90m waiting for [0m[33m1 ⏵[0m [33m1 ↓[0m                           
┃ [34m│  [0m   [34m┌─ [0m[1m[33m↓ ⏵ texinfo-7.2[0m[0m ⏱ 19s 9.5MiB/13.7MiB               [1m 69.5%[0m
┃ [34m│  [0m[34m┌─ [0m[34m⏸ user-environment[0m                                    
┃ [34m│  [0m[34m│  [0m[34m┌─ [0m[32m✔ unit-console-getty.service-disabled[0m [90m[0m             
┃ [34m│  [0m[34m│  [0m[34m├─ [0m[32m✔ unit-pipewire-pulse.service-disabled[0m [90m[0m            
┃ [34m│  [0m[34m│  [0m[34m├─ [0m[32m✔ unit-pipewire-pulse.socket-disabled[0m [90m[0m             
┃ [34m│  [0m[34m│  [0m[34m├─ [0m[32m✔ unit-pipewire.service-disabled[0m [90m[0m                  
┃ [34m│  [0m[34m│  [0m[34m├─ [0m[32m✔ unit-pipewire.socket-disabled[0m [90m[0m                   
┃ [34m│  [0m[34m│  [0m[34m├─ [0m[32m✔ unit-wireplumber.service-disabled[0m [90m[0m               
┃ [34m│  [0m[34m│  [0m[34m│  [0m         [34m┌─ [0m[32m✔ home-manager-path[0m [90m⏱ 5s[0m               
┃ [34m│  [0m[34m│  [0m[34m│  [0m      [34m┌─ [0m[32m✔ hm_fontconfigconf.d10hmfonts.conf[0m [90m[0m      
┃ [34m│  [0m[34m│  [0m[34m│  [0m   [34m┌─ [0m[32m✔ home-manager-files[0m [90m[0m                        
┃ [34m│  [0m[34m│  [0m[34m│  [0m[34m┌─ [0m[32m✔ home-manager-generation[0m [90m[0m                      
┃ [34m│  [0m[34m│  [0m[34m├─ [0m[32m✔ unit-home-manager-licht.service[0m [90m[0m                 
┃ [34m│  [0m[34m├─ [0m[33m[1m⏵ system-units[0m[0m ⏱ 1s (∅ 2s)                            
┃ [34m├─ [0m[34m⏸ etc[0m                                                    
┃ [34m⏸ nixos-system-licht-26.05.20260907.93108a5[0m                 [0m
┣━━━ [1mBuilds          [0m │ [1mDownloads      [0m │ [1mHost                   [0m
┃    [33m⏵ [1m1[0m[0m │ [32m✔ [1m22[0m[0m │     │ [33m   [0m │ [32m   [0m │     │ [35m      localhost        [0m
┃    [33m   [0m │ [32m    [0m │     │ [33m↓ [1m1[0m[0m │ [32m↓ [1m9[0m[0m │     │ [35mcache.nixos.org (https)[0m
┗━ ∑ [33m⏵ [1m1[0m[0m │ [32m✔ [1m22[0m[0m │ [34m⏸ [1m4[0m[0m │ [33m↓ [1m1[0m[0m │ [32m↓ [1m9[0m[0m │ [34m⏸ 0[0m │ [1m⏱ 54s                  [0m[?2026l[?2026h[2K[1F[2K[1F[2K[1F[2K[1F[2K[1F[2K[1F[2K[1F[2K[1F[2K[1F[2K[1F[2K[1F[2K[1F[2K[1F[2K[1F[2K[1F[2K[1F[2K[1F[2K[1F[2K[1F[2K[1F[2K[1F[2K[1F[2K[1F[2K[1F[2K[0m┏━ [1mDependency Graph[0m:
┃ [34m┌─ [0m[32m✔ ensure-all-wrappers-paths-exist[0m [90m[0m                       
┃ [34m├─ [0m[32m✔ stage-2-init.sh[0m [90m[0m                                       
┃ [34m├─ [0m[32m✔ perl-5.42.0-env[0m [90m⏱ 7s[0m                                   
┃ [34m├─ [0m[34m⏸ activate[0m[90m waiting for [0m[33m1 ⏵[0m [33m1 ↓[0m                           
┃ [34m│  [0m   [34m┌─ [0m[1m[33m↓ ⏵ texinfo-7.2[0m[0m ⏱ 19s 9.5MiB/13.7MiB               [1m 69.5%[0m
┃ [34m│  [0m[34m┌─ [0m[34m⏸ user-environment[0m                                    
┃ [34m│  [0m[34m│  [0m[34m┌─ [0m[32m✔ unit-console-getty.service-disabled[0m [90m[0m             
┃ [34m│  [0m[34m│  [0m[34m├─ [0m[32m✔ unit-pipewire-pulse.service-disabled[0m [90m[0m            
┃ [34m│  [0m[34m│  [0m[34m├─ [0m[32m✔ unit-pipewire-pulse.socket-disabled[0m [90m[0m             
┃ [34m│  [0m[34m│  [0m[34m├─ [0m[32m✔ unit-pipewire.service-disabled[0m [90m[0m                  
┃ [34m│  [0m[34m│  [0m[34m├─ [0m[32m✔ unit-pipewire.socket-disabled[0m [90m[0m                   
┃ [34m│  [0m[34m│  [0m[34m├─ [0m[32m✔ unit-wireplumber.service-disabled[0m [90m[0m               
┃ [34m│  [0m[34m│  [0m[34m│  [0m         [34m┌─ [0m[32m✔ home-manager-path[0m [90m⏱ 5s[0m               
┃ [34m│  [0m[34m│  [0m[34m│  [0m      [34m┌─ [0m[32m✔ hm_fontconfigconf.d10hmfonts.conf[0m [90m[0m      
┃ [34m│  [0m[34m│  [0m[34m│  [0m   [34m┌─ [0m[32m✔ home-manager-files[0m [90m[0m                        
┃ [34m│  [0m[34m│  [0m[34m│  [0m[34m┌─ [0m[32m✔ home-manager-generation[0m [90m[0m                      
┃ [34m│  [0m[34m│  [0m[34m├─ [0m[32m✔ unit-home-manager-licht.service[0m [90m[0m                 
┃ [34m│  [0m[34m├─ [0m[33m[1m⏵ system-units[0m[0m ⏱ 1s (∅ 2s)                            
┃ [34m├─ [0m[34m⏸ etc[0m                                                    
┃ [34m⏸ nixos-system-licht-26.05.20260907.93108a5[0m                 [0m
┣━━━ [1mBuilds          [0m │ [1mDownloads      [0m │ [1mHost                   [0m
┃    [33m⏵ [1m1[0m[0m │ [32m✔ [1m22[0m[0m │     │ [33m   [0m │ [32m   [0m │     │ [35m      localhost        [0m
┃    [33m   [0m │ [32m    [0m │     │ [33m↓ [1m1[0m[0m │ [32m↓ [1m9[0m[0m │     │ [35mcache.nixos.org (https)[0m
┗━ ∑ [33m⏵ [1m1[0m[0m │ [32m✔ [1m22[0m[0m │ [34m⏸ [1m4[0m[0m │ [33m↓ [1m1[0m[0m │ [32m↓ [1m9[0m[0m │ [34m⏸ 0[0m │ [1m⏱ 54s                  [0m[?2026l[?2026h[2K[1F[2K[1F[2K[1F[2K[1F[2K[1F[2K[1F[2K[1F[2K[1F[2K[1F[2K[1F[2K[1F[2K[1F[2K[1F[2K[1F[2K[1F[2K[1F[2K[1F[2K[1F[2K[1F[2K[1F[2K[1F[2K[1F[2K[1F[2K[1F[2K[0m┏━ [1mDependency Graph[0m:
┃ [34m┌─ [0m[32m✔ ensure-all-wrappers-paths-exist[0m [90m[0m                       
┃ [34m├─ [0m[32m✔ stage-2-init.sh[0m [90m[0m                                       
┃ [34m├─ [0m[32m✔ perl-5.42.0-env[0m [90m⏱ 7s[0m                                   
┃ [34m├─ [0m[34m⏸ activate[0m[90m waiting for [0m[33m1 ⏵[0m [33m1 ↓[0m                           
┃ [34m│  [0m   [34m┌─ [0m[1m[33m↓ ⏵ texinfo-7.2[0m[0m ⏱ 19s 9.6MiB/13.7MiB               [1m 70.5%[0m
┃ [34m│  [0m[34m┌─ [0m[34m⏸ user-environment[0m                                    
┃ [34m│  [0m[34m│  [0m[34m┌─ [0m[32m✔ unit-console-getty.service-disabled[0m [90m[0m             
┃ [34m│  [0m[34m│  [0m[34m├─ [0m[32m✔ unit-pipewire-pulse.service-disabled[0m [90m[0m            
┃ [34m│  [0m[34m│  [0m[34m├─ [0m[32m✔ unit-pipewire-pulse.socket-disabled[0m [90m[0m             
┃ [34m│  [0m[34m│  [0m[34m├─ [0m[32m✔ unit-pipewire.service-disabled[0m [90m[0m                  
┃ [34m│  [0m[34m│  [0m[34m├─ [0m[32m✔ unit-pipewire.socket-disabled[0m [90m[0m                   
┃ [34m│  [0m[34m│  [0m[34m├─ [0m[32m✔ unit-wireplumber.service-disabled[0m [90m[0m               
┃ [34m│  [0m[34m│  [0m[34m│  [0m         [34m┌─ [0m[32m✔ home-manager-path[0m [90m⏱ 5s[0m               
┃ [34m│  [0m[34m│  [0m[34m│  [0m      [34m┌─ [0m[32m✔ hm_fontconfigconf.d10hmfonts.conf[0m [90m[0m      
┃ [34m│  [0m[34m│  [0m[34m│  [0m   [34m┌─ [0m[32m✔ home-manager-files[0m [90m[0m                        
┃ [34m│  [0m[34m│  [0m[34m│  [0m[34m┌─ [0m[32m✔ home-manager-generation[0m [90m[0m                      
┃ [34m│  [0m[34m│  [0m[34m├─ [0m[32m✔ unit-home-manager-licht.service[0m [90m[0m                 
┃ [34m│  [0m[34m├─ [0m[33m[1m⏵ system-units[0m[0m ⏱ 1s (∅ 2s)                            
┃ [34m├─ [0m[34m⏸ etc[0m                                                    
┃ [34m⏸ nixos-system-licht-26.05.20260907.93108a5[0m                 [0m
┣━━━ [1mBuilds          [0m │ [1mDownloads      [0m │ [1mHost                   [0m
┃    [33m⏵ [1m1[0m[0m │ [32m✔ [1m22[0m[0m │     │ [33m   [0m │ [32m   [0m │     │ [35m      localhost        [0m
┃    [33m   [0m │ [32m    [0m │     │ [33m↓ [1m1[0m[0m │ [32m↓ [1m9[0m[0m │     │ [35mcache.nixos.org (https)[0m
┗━ ∑ [33m⏵ [1m1[0m[0m │ [32m✔ [1m22[0m[0m │ [34m⏸ [1m4[0m[0m │ [33m↓ [1m1[0m[0m │ [32m↓ [1m9[0m[0m │ [34m⏸ 0[0m │ [1m⏱ 54s                  [0m[?2026l[?2026h[2K[1F[2K[1F[2K[1F[2K[1F[2K[1F[2K[1F[2K[1F[2K[1F[2K[1F[2K[1F[2K[1F[2K[1F[2K[1F[2K[1F[2K[1F[2K[1F[2K[1F[2K[1F[2K[1F[2K[1F[2K[1F[2K[1F[2K[1F[2K[1F[2K[0m┏━ [1mDependency Graph[0m:
┃ [34m┌─ [0m[32m✔ ensure-all-wrappers-paths-exist[0m [90m[0m                       
┃ [34m├─ [0m[32m✔ stage-2-init.sh[0m [90m[0m                                       
┃ [34m├─ [0m[32m✔ perl-5.42.0-env[0m [90m⏱ 7s[0m                                   
┃ [34m├─ [0m[34m⏸ activate[0m[90m waiting for [0m[33m1 ⏵[0m [33m1 ↓[0m                           
┃ [34m│  [0m   [34m┌─ [0m[1m[33m↓ ⏵ texinfo-7.2[0m[0m ⏱ 19s 9.6MiB/13.7MiB               [1m 70.5%[0m
┃ [34m│  [0m[34m┌─ [0m[34m⏸ user-environment[0m                                    
┃ [34m│  [0m[34m│  [0m[34m┌─ [0m[32m✔ unit-console-getty.service-disabled[0m [90m[0m             
┃ [34m│  [0m[34m│  [0m[34m├─ [0m[32m✔ unit-pipewire-pulse.service-disabled[0m [90m[0m            
┃ [34m│  [0m[34m│  [0m[34m├─ [0m[32m✔ unit-pipewire-pulse.socket-disabled[0m [90m[0m             
┃ [34m│  [0m[34m│  [0m[34m├─ [0m[32m✔ unit-pipewire.service-disabled[0m [90m[0m                  
┃ [34m│  [0m[34m│  [0m[34m├─ [0m[32m✔ unit-pipewire.socket-disabled[0m [90m[0m                   
┃ [34m│  [0m[34m│  [0m[34m├─ [0m[32m✔ unit-wireplumber.service-disabled[0m [90m[0m               
┃ [34m│  [0m[34m│  [0m[34m│  [0m         [34m┌─ [0m[32m✔ home-manager-path[0m [90m⏱ 5s[0m               
┃ [34m│  [0m[34m│  [0m[34m│  [0m      [34m┌─ [0m[32m✔ hm_fontconfigconf.d10hmfonts.conf[0m [90m[0m      
┃ [34m│  [0m[34m│  [0m[34m│  [0m   [34m┌─ [0m[32m✔ home-manager-files[0m [90m[0m                        
┃ [34m│  [0m[34m│  [0m[34m│  [0m[34m┌─ [0m[32m✔ home-manager-generation[0m [90m[0m                      
┃ [34m│  [0m[34m│  [0m[34m├─ [0m[32m✔ unit-home-manager-licht.service[0m [90m[0m                 
┃ [34m│  [0m[34m├─ [0m[33m[1m⏵ system-units[0m[0m ⏱ 1s (∅ 2s)                            
┃ [34m├─ [0m[34m⏸ etc[0m                                                    
┃ [34m⏸ nixos-system-licht-26.05.20260907.93108a5[0m                 [0m
┣━━━ [1mBuilds          [0m │ [1mDownloads      [0m │ [1mHost                   [0m
┃    [33m⏵ [1m1[0m[0m │ [32m✔ [1m22[0m[0m │     │ [33m   [0m │ [32m   [0m │     │ [35m      localhost        [0m
┃    [33m   [0m │ [32m    [0m │     │ [33m↓ [1m1[0m[0m │ [32m↓ [1m9[0m[0m │     │ [35mcache.nixos.org (https)[0m
┗━ ∑ [33m⏵ [1m1[0m[0m │ [32m✔ [1m22[0m[0m │ [34m⏸ [1m4[0m[0m │ [33m↓ [1m1[0m[0m │ [32m↓ [1m9[0m[0m │ [34m⏸ 0[0m │ [1m⏱ 54s                  [0m[?2026l[?2026h[2K[1F[2K[1F[2K[1F[2K[1F[2K[1F[2K[1F[2K[1F[2K[1F[2K[1F[2K[1F[2K[1F[2K[1F[2K[1F[2K[1F[2K[1F[2K[1F[2K[1F[2K[1F[2K[1F[2K[1F[2K[1F[2K[1F[2K[1F[2K[1F[2K[0m┏━ [1mDependency Graph[0m:
┃ [34m┌─ [0m[32m✔ ensure-all-wrappers-paths-exist[0m [90m[0m                       
┃ [34m├─ [0m[32m✔ stage-2-init.sh[0m [90m[0m                                       
┃ [34m├─ [0m[32m✔ perl-5.42.0-env[0m [90m⏱ 7s[0m                                   
┃ [34m├─ [0m[34m⏸ activate[0m[90m waiting for [0m[33m1 ⏵[0m [33m1 ↓[0m                           
┃ [34m│  [0m   [34m┌─ [0m[1m[33m↓ ⏵ texinfo-7.2[0m[0m ⏱ 19s 9.6MiB/13.7MiB               [1m 70.5%[0m
┃ [34m│  [0m[34m┌─ [0m[34m⏸ user-environment[0m                                    
┃ [34m│  [0m[34m│  [0m[34m┌─ [0m[32m✔ unit-console-getty.service-disabled[0m [90m[0m             
┃ [34m│  [0m[34m│  [0m[34m├─ [0m[32m✔ unit-pipewire-pulse.service-disabled[0m [90m[0m            
┃ [34m│  [0m[34m│  [0m[34m├─ [0m[32m✔ unit-pipewire-pulse.socket-disabled[0m [90m[0m             
┃ [34m│  [0m[34m│  [0m[34m├─ [0m[32m✔ unit-pipewire.service-disabled[0m [90m[0m                  
┃ [34m│  [0m[34m│  [0m[34m├─ [0m[32m✔ unit-pipewire.socket-disabled[0m [90m[0m                   
┃ [34m│  [0m[34m│  [0m[34m├─ [0m[32m✔ unit-wireplumber.service-disabled[0m [90m[0m               
┃ [34m│  [0m[34m│  [0m[34m│  [0m         [34m┌─ [0m[32m✔ home-manager-path[0m [90m⏱ 5s[0m               
┃ [34m│  [0m[34m│  [0m[34m│  [0m      [34m┌─ [0m[32m✔ hm_fontconfigconf.d10hmfonts.conf[0m [90m[0m      
┃ [34m│  [0m[34m│  [0m[34m│  [0m   [34m┌─ [0m[32m✔ home-manager-files[0m [90m[0m                        
┃ [34m│  [0m[34m│  [0m[34m│  [0m[34m┌─ [0m[32m✔ home-manager-generation[0m [90m[0m                      
┃ [34m│  [0m[34m│  [0m[34m├─ [0m[32m✔ unit-home-manager-licht.service[0m [90m[0m                 
┃ [34m│  [0m[34m├─ [0m[33m[1m⏵ system-units[0m[0m ⏱ 1s (∅ 2s)                            
┃ [34m├─ [0m[34m⏸ etc[0m                                                    
┃ [34m⏸ nixos-system-licht-26.05.20260907.93108a5[0m                 [0m
┣━━━ [1mBuilds          [0m │ [1mDownloads      [0m │ [1mHost                   [0m
┃    [33m⏵ [1m1[0m[0m │ [32m✔ [1m22[0m[0m │     │ [33m   [0m │ [32m   [0m │     │ [35m      localhost        [0m
┃    [33m   [0m │ [32m    [0m │     │ [33m↓ [1m1[0m[0m │ [32m↓ [1m9[0m[0m │     │ [35mcache.nixos.org (https)[0m
┗━ ∑ [33m⏵ [1m1[0m[0m │ [32m✔ [1m22[0m[0m │ [34m⏸ [1m4[0m[0m │ [33m↓ [1m1[0m[0m │ [32m↓ [1m9[0m[0m │ [34m⏸ 0[0m │ [1m⏱ 54s                  [0m[?2026l[?2026h[2K[1F[2K[1F[2K[1F[2K[1F[2K[1F[2K[1F[2K[1F[2K[1F[2K[1F[2K[1F[2K[1F[2K[1F[2K[1F[2K[1F[2K[1F[2K[1F[2K[1F[2K[1F[2K[1F[2K[1F[2K[1F[2K[1F[2K[1F[2K[1F[2K[0m┏━ [1mDependency Graph[0m:
┃ [34m┌─ [0m[32m✔ ensure-all-wrappers-paths-exist[0m [90m[0m                       
┃ [34m├─ [0m[32m✔ stage-2-init.sh[0m [90m[0m                                       
┃ [34m├─ [0m[32m✔ perl-5.42.0-env[0m [90m⏱ 7s[0m                                   
┃ [34m├─ [0m[34m⏸ activate[0m[90m waiting for [0m[33m1 ⏵[0m [33m1 ↓[0m                           
┃ [34m│  [0m   [34m┌─ [0m[1m[33m↓ ⏵ texinfo-7.2[0m[0m ⏱ 19s 9.8MiB/13.7MiB               [1m 71.4%[0m
┃ [34m│  [0m[34m┌─ [0m[34m⏸ user-environment[0m                                    
┃ [34m│  [0m[34m│  [0m[34m┌─ [0m[32m✔ unit-console-getty.service-disabled[0m [90m[0m             
┃ [34m│  [0m[34m│  [0m[34m├─ [0m[32m✔ unit-pipewire-pulse.service-disabled[0m [90m[0m            
┃ [34m│  [0m[34m│  [0m[34m├─ [0m[32m✔ unit-pipewire-pulse.socket-disabled[0m [90m[0m             
┃ [34m│  [0m[34m│  [0m[34m├─ [0m[32m✔ unit-pipewire.service-disabled[0m [90m[0m                  
┃ [34m│  [0m[34m│  [0m[34m├─ [0m[32m✔ unit-pipewire.socket-disabled[0m [90m[0m                   
┃ [34m│  [0m[34m│  [0m[34m├─ [0m[32m✔ unit-wireplumber.service-disabled[0m [90m[0m               
┃ [34m│  [0m[34m│  [0m[34m│  [0m         [34m┌─ [0m[32m✔ home-manager-path[0m [90m⏱ 5s[0m               
┃ [34m│  [0m[34m│  [0m[34m│  [0m      [34m┌─ [0m[32m✔ hm_fontconfigconf.d10hmfonts.conf[0m [90m[0m      
┃ [34m│  [0m[34m│  [0m[34m│  [0m   [34m┌─ [0m[32m✔ home-manager-files[0m [90m[0m                        
┃ [34m│  [0m[34m│  [0m[34m│  [0m[34m┌─ [0m[32m✔ home-manager-generation[0m [90m[0m                      
┃ [34m│  [0m[34m│  [0m[34m├─ [0m[32m✔ unit-home-manager-licht.service[0m [90m[0m                 
┃ [34m│  [0m[34m├─ [0m[33m[1m⏵ system-units[0m[0m ⏱ 1s (∅ 2s)                            
┃ [34m├─ [0m[34m⏸ etc[0m                                                    
┃ [34m⏸ nixos-system-licht-26.05.20260907.93108a5[0m                 [0m
┣━━━ [1mBuilds          [0m │ [1mDownloads      [0m │ [1mHost                   [0m
┃    [33m⏵ [1m1[0m[0m │ [32m✔ [1m22[0m[0m │     │ [33m   [0m │ [32m   [0m │     │ [35m      localhost        [0m
┃    [33m   [0m │ [32m    [0m │     │ [33m↓ [1m1[0m[0m │ [32m↓ [1m9[0m[0m │     │ [35mcache.nixos.org (https)[0m
┗━ ∑ [33m⏵ [1m1[0m[0m │ [32m✔ [1m22[0m[0m │ [34m⏸ [1m4[0m[0m │ [33m↓ [1m1[0m[0m │ [32m↓ [1m9[0m[0m │ [34m⏸ 0[0m │ [1m⏱ 54s                  [0m[?2026l[?2026h[2K[1F[2K[1F[2K[1F[2K[1F[2K[1F[2K[1F[2K[1F[2K[1F[2K[1F[2K[1F[2K[1F[2K[1F[2K[1F[2K[1F[2K[1F[2K[1F[2K[1F[2K[1F[2K[1F[2K[1F[2K[1F[2K[1F[2K[1F[2K[1F[2K[0m┏━ [1mDependency Graph[0m:
┃ [34m┌─ [0m[32m✔ ensure-all-wrappers-paths-exist[0m [90m[0m                       
┃ [34m├─ [0m[32m✔ stage-2-init.sh[0m [90m[0m                                       
┃ [34m├─ [0m[32m✔ perl-5.42.0-env[0m [90m⏱ 7s[0m                                   
┃ [34m├─ [0m[34m⏸ activate[0m[90m waiting for [0m[33m1 ⏵[0m [33m1 ↓[0m                           
┃ [34m│  [0m   [34m┌─ [0m[1m[33m↓ ⏵ texinfo-7.2[0m[0m ⏱ 19s 10.3MiB/13.7MiB              [1m 75.5%[0m
┃ [34m│  [0m[34m┌─ [0m[34m⏸ user-environment[0m                                    
┃ [34m│  [0m[34m│  [0m[34m┌─ [0m[32m✔ unit-console-getty.service-disabled[0m [90m[0m             
┃ [34m│  [0m[34m│  [0m[34m├─ [0m[32m✔ unit-pipewire-pulse.service-disabled[0m [90m[0m            
┃ [34m│  [0m[34m│  [0m[34m├─ [0m[32m✔ unit-pipewire-pulse.socket-disabled[0m [90m[0m             
┃ [34m│  [0m[34m│  [0m[34m├─ [0m[32m✔ unit-pipewire.service-disabled[0m [90m[0m                  
┃ [34m│  [0m[34m│  [0m[34m├─ [0m[32m✔ unit-pipewire.socket-disabled[0m [90m[0m                   
┃ [34m│  [0m[34m│  [0m[34m├─ [0m[32m✔ unit-wireplumber.service-disabled[0m [90m[0m               
┃ [34m│  [0m[34m│  [0m[34m│  [0m         [34m┌─ [0m[32m✔ home-manager-path[0m [90m⏱ 5s[0m               
┃ [34m│  [0m[34m│  [0m[34m│  [0m      [34m┌─ [0m[32m✔ hm_fontconfigconf.d10hmfonts.conf[0m [90m[0m      
┃ [34m│  [0m[34m│  [0m[34m│  [0m   [34m┌─ [0m[32m✔ home-manager-files[0m [90m[0m                        
┃ [34m│  [0m[34m│  [0m[34m│  [0m[34m┌─ [0m[32m✔ home-manager-generation[0m [90m[0m                      
┃ [34m│  [0m[34m│  [0m[34m├─ [0m[32m✔ unit-home-manager-licht.service[0m [90m[0m                 
┃ [34m│  [0m[34m├─ [0m[33m[1m⏵ system-units[0m[0m ⏱ 1s (∅ 2s)                            
┃ [34m├─ [0m[34m⏸ etc[0m                                                    
┃ [34m⏸ nixos-system-licht-26.05.20260907.93108a5[0m                 [0m
┣━━━ [1mBuilds          [0m │ [1mDownloads      [0m │ [1mHost                   [0m
┃    [33m⏵ [1m1[0m[0m │ [32m✔ [1m22[0m[0m │     │ [33m   [0m │ [32m   [0m │     │ [35m      localhost        [0m
┃    [33m   [0m │ [32m    [0m │     │ [33m↓ [1m1[0m[0m │ [32m↓ [1m9[0m[0m │     │ [35mcache.nixos.org (https)[0m
┗━ ∑ [33m⏵ [1m1[0m[0m │ [32m✔ [1m22[0m[0m │ [34m⏸ [1m4[0m[0m │ [33m↓ [1m1[0m[0m │ [32m↓ [1m9[0m[0m │ [34m⏸ 0[0m │ [1m⏱ 54s                  [0m[?2026l[?2026h[2K[1F[2K[1F[2K[1F[2K[1F[2K[1F[2K[1F[2K[1F[2K[1F[2K[1F[2K[1F[2K[1F[2K[1F[2K[1F[2K[1F[2K[1F[2K[1F[2K[1F[2K[1F[2K[1F[2K[1F[2K[1F[2K[1F[2K[1F[2K[1F[2K[0m┏━ [1mDependency Graph[0m:
┃ [34m┌─ [0m[32m✔ ensure-all-wrappers-paths-exist[0m [90m[0m                       
┃ [34m├─ [0m[32m✔ stage-2-init.sh[0m [90m[0m                                       
┃ [34m├─ [0m[32m✔ perl-5.42.0-env[0m [90m⏱ 7s[0m                                   
┃ [34m├─ [0m[34m⏸ activate[0m[90m waiting for [0m[33m1 ⏵[0m [33m1 ↓[0m                           
┃ [34m│  [0m   [34m┌─ [0m[1m[33m↓ ⏵ texinfo-7.2[0m[0m ⏱ 19s 11.1MiB/13.7MiB              [1m 81.4%[0m
┃ [34m│  [0m[34m┌─ [0m[34m⏸ user-environment[0m                                    
┃ [34m│  [0m[34m│  [0m[34m┌─ [0m[32m✔ unit-console-getty.service-disabled[0m [90m[0m             
┃ [34m│  [0m[34m│  [0m[34m├─ [0m[32m✔ unit-pipewire-pulse.service-disabled[0m [90m[0m            
┃ [34m│  [0m[34m│  [0m[34m├─ [0m[32m✔ unit-pipewire-pulse.socket-disabled[0m [90m[0m             
┃ [34m│  [0m[34m│  [0m[34m├─ [0m[32m✔ unit-pipewire.service-disabled[0m [90m[0m                  
┃ [34m│  [0m[34m│  [0m[34m├─ [0m[32m✔ unit-pipewire.socket-disabled[0m [90m[0m                   
┃ [34m│  [0m[34m│  [0m[34m├─ [0m[32m✔ unit-wireplumber.service-disabled[0m [90m[0m               
┃ [34m│  [0m[34m│  [0m[34m│  [0m         [34m┌─ [0m[32m✔ home-manager-path[0m [90m⏱ 5s[0m               
┃ [34m│  [0m[34m│  [0m[34m│  [0m      [34m┌─ [0m[32m✔ hm_fontconfigconf.d10hmfonts.conf[0m [90m[0m      
┃ [34m│  [0m[34m│  [0m[34m│  [0m   [34m┌─ [0m[32m✔ home-manager-files[0m [90m[0m                        
┃ [34m│  [0m[34m│  [0m[34m│  [0m[34m┌─ [0m[32m✔ home-manager-generation[0m [90m[0m                      
┃ [34m│  [0m[34m│  [0m[34m├─ [0m[32m✔ unit-home-manager-licht.service[0m [90m[0m                 
┃ [34m│  [0m[34m├─ [0m[33m[1m⏵ system-units[0m[0m ⏱ 1s (∅ 2s)                            
┃ [34m├─ [0m[34m⏸ etc[0m                                                    
┃ [34m⏸ nixos-system-licht-26.05.20260907.93108a5[0m                 [0m
┣━━━ [1mBuilds          [0m │ [1mDownloads      [0m │ [1mHost                   [0m
┃    [33m⏵ [1m1[0m[0m │ [32m✔ [1m22[0m[0m │     │ [33m   [0m │ [32m   [0m │     │ [35m      localhost        [0m
┃    [33m   [0m │ [32m    [0m │     │ [33m↓ [1m1[0m[0m │ [32m↓ [1m9[0m[0m │     │ [35mcache.nixos.org (https)[0m
┗━ ∑ [33m⏵ [1m1[0m[0m │ [32m✔ [1m22[0m[0m │ [34m⏸ [1m4[0m[0m │ [33m↓ [1m1[0m[0m │ [32m↓ [1m9[0m[0m │ [34m⏸ 0[0m │ [1m⏱ 54s                  [0m[?2026l[?2026h[2K[1F[2K[1F[2K[1F[2K[1F[2K[1F[2K[1F[2K[1F[2K[1F[2K[1F[2K[1F[2K[1F[2K[1F[2K[1F[2K[1F[2K[1F[2K[1F[2K[1F[2K[1F[2K[1F[2K[1F[2K[1F[2K[1F[2K[1F[2K[1F[2K[0m┏━ [1mDependency Graph[0m:
┃ [34m┌─ [0m[32m✔ ensure-all-wrappers-paths-exist[0m [90m[0m                       
┃ [34m├─ [0m[32m✔ stage-2-init.sh[0m [90m[0m                                       
┃ [34m├─ [0m[32m✔ perl-5.42.0-env[0m [90m⏱ 7s[0m                                   
┃ [34m├─ [0m[34m⏸ activate[0m[90m waiting for [0m[33m1 ⏵[0m [33m1 ↓[0m                           
┃ [34m│  [0m   [34m┌─ [0m[1m[33m↓ ⏵ texinfo-7.2[0m[0m ⏱ 19s 11.5MiB/13.7MiB              [1m 84.2%[0m
┃ [34m│  [0m[34m┌─ [0m[34m⏸ user-environment[0m                                    
┃ [34m│  [0m[34m│  [0m[34m┌─ [0m[32m✔ unit-console-getty.service-disabled[0m [90m[0m             
┃ [34m│  [0m[34m│  [0m[34m├─ [0m[32m✔ unit-pipewire-pulse.service-disabled[0m [90m[0m            
┃ [34m│  [0m[34m│  [0m[34m├─ [0m[32m✔ unit-pipewire-pulse.socket-disabled[0m [90m[0m             
┃ [34m│  [0m[34m│  [0m[34m├─ [0m[32m✔ unit-pipewire.service-disabled[0m [90m[0m                  
┃ [34m│  [0m[34m│  [0m[34m├─ [0m[32m✔ unit-pipewire.socket-disabled[0m [90m[0m                   
┃ [34m│  [0m[34m│  [0m[34m├─ [0m[32m✔ unit-wireplumber.service-disabled[0m [90m[0m               
┃ [34m│  [0m[34m│  [0m[34m│  [0m         [34m┌─ [0m[32m✔ home-manager-path[0m [90m⏱ 5s[0m               
┃ [34m│  [0m[34m│  [0m[34m│  [0m      [34m┌─ [0m[32m✔ hm_fontconfigconf.d10hmfonts.conf[0m [90m[0m      
┃ [34m│  [0m[34m│  [0m[34m│  [0m   [34m┌─ [0m[32m✔ home-manager-files[0m [90m[0m                        
┃ [34m│  [0m[34m│  [0m[34m│  [0m[34m┌─ [0m[32m✔ home-manager-generation[0m [90m[0m                      
┃ [34m│  [0m[34m│  [0m[34m├─ [0m[32m✔ unit-home-manager-licht.service[0m [90m[0m                 
┃ [34m│  [0m[34m├─ [0m[33m[1m⏵ system-units[0m[0m ⏱ 1s (∅ 2s)                            
┃ [34m├─ [0m[34m⏸ etc[0m                                                    
┃ [34m⏸ nixos-system-licht-26.05.20260907.93108a5[0m                 [0m
┣━━━ [1mBuilds          [0m │ [1mDownloads      [0m │ [1mHost                   [0m
┃    [33m⏵ [1m1[0m[0m │ [32m✔ [1m22[0m[0m │     │ [33m   [0m │ [32m   [0m │     │ [35m      localhost        [0m
┃    [33m   [0m │ [32m    [0m │     │ [33m↓ [1m1[0m[0m │ [32m↓ [1m9[0m[0m │     │ [35mcache.nixos.org (https)[0m
┗━ ∑ [33m⏵ [1m1[0m[0m │ [32m✔ [1m22[0m[0m │ [34m⏸ [1m4[0m[0m │ [33m↓ [1m1[0m[0m │ [32m↓ [1m9[0m[0m │ [34m⏸ 0[0m │ [1m⏱ 54s                  [0m[?2026l[?2026h[2K[1F[2K[1F[2K[1F[2K[1F[2K[1F[2K[1F[2K[1F[2K[1F[2K[1F[2K[1F[2K[1F[2K[1F[2K[1F[2K[1F[2K[1F[2K[1F[2K[1F[2K[1F[2K[1F[2K[1F[2K[1F[2K[1F[2K[1F[2K[1F[2K[0m┏━ [1mDependency Graph[0m:
┃ [34m┌─ [0m[32m✔ ensure-all-wrappers-paths-exist[0m [90m[0m                       
┃ [34m├─ [0m[32m✔ stage-2-init.sh[0m [90m[0m                                       
┃ [34m├─ [0m[32m✔ perl-5.42.0-env[0m [90m⏱ 7s[0m                                   
┃ [34m├─ [0m[34m⏸ activate[0m[90m waiting for [0m[33m1 ⏵[0m [33m1 ↓[0m                           
┃ [34m│  [0m   [34m┌─ [0m[1m[33m↓ ⏵ texinfo-7.2[0m[0m ⏱ 19s 11.9MiB/13.7MiB              [1m 86.9%[0m
┃ [34m│  [0m[34m┌─ [0m[34m⏸ user-environment[0m                                    
┃ [34m│  [0m[34m│  [0m[34m┌─ [0m[32m✔ unit-console-getty.service-disabled[0m [90m[0m             
┃ [34m│  [0m[34m│  [0m[34m├─ [0m[32m✔ unit-pipewire-pulse.service-disabled[0m [90m[0m            
┃ [34m│  [0m[34m│  [0m[34m├─ [0m[32m✔ unit-pipewire-pulse.socket-disabled[0m [90m[0m             
┃ [34m│  [0m[34m│  [0m[34m├─ [0m[32m✔ unit-pipewire.service-disabled[0m [90m[0m                  
┃ [34m│  [0m[34m│  [0m[34m├─ [0m[32m✔ unit-pipewire.socket-disabled[0m [90m[0m                   
┃ [34m│  [0m[34m│  [0m[34m├─ [0m[32m✔ unit-wireplumber.service-disabled[0m [90m[0m               
┃ [34m│  [0m[34m│  [0m[34m│  [0m         [34m┌─ [0m[32m✔ home-manager-path[0m [90m⏱ 5s[0m               
┃ [34m│  [0m[34m│  [0m[34m│  [0m      [34m┌─ [0m[32m✔ hm_fontconfigconf.d10hmfonts.conf[0m [90m[0m      
┃ [34m│  [0m[34m│  [0m[34m│  [0m   [34m┌─ [0m[32m✔ home-manager-files[0m [90m[0m                        
┃ [34m│  [0m[34m│  [0m[34m│  [0m[34m┌─ [0m[32m✔ home-manager-generation[0m [90m[0m                      
┃ [34m│  [0m[34m│  [0m[34m├─ [0m[32m✔ unit-home-manager-licht.service[0m [90m[0m                 
┃ [34m│  [0m[34m├─ [0m[33m[1m⏵ system-units[0m[0m ⏱ 1s (∅ 2s)                            
┃ [34m├─ [0m[34m⏸ etc[0m                                                    
┃ [34m⏸ nixos-system-licht-26.05.20260907.93108a5[0m                 [0m
┣━━━ [1mBuilds          [0m │ [1mDownloads      [0m │ [1mHost                   [0m
┃    [33m⏵ [1m1[0m[0m │ [32m✔ [1m22[0m[0m │     │ [33m   [0m │ [32m   [0m │     │ [35m      localhost        [0m
┃    [33m   [0m │ [32m    [0m │     │ [33m↓ [1m1[0m[0m │ [32m↓ [1m9[0m[0m │     │ [35mcache.nixos.org (https)[0m
┗━ ∑ [33m⏵ [1m1[0m[0m │ [32m✔ [1m22[0m[0m │ [34m⏸ [1m4[0m[0m │ [33m↓ [1m1[0m[0m │ [32m↓ [1m9[0m[0m │ [34m⏸ 0[0m │ [1m⏱ 54s                  [0m[?2026l[?2026h[2K[1F[2K[1F[2K[1F[2K[1F[2K[1F[2K[1F[2K[1F[2K[1F[2K[1F[2K[1F[2K[1F[2K[1F[2K[1F[2K[1F[2K[1F[2K[1F[2K[1F[2K[1F[2K[1F[2K[1F[2K[1F[2K[1F[2K[1F[2K[1F[2K[0m┏━ [1mDependency Graph[0m:
┃ [34m┌─ [0m[32m✔ ensure-all-wrappers-paths-exist[0m [90m[0m                       
┃ [34m├─ [0m[32m✔ stage-2-init.sh[0m [90m[0m                                       
┃ [34m├─ [0m[32m✔ perl-5.42.0-env[0m [90m⏱ 7s[0m                                   
┃ [34m├─ [0m[34m⏸ activate[0m[90m waiting for [0m[33m1 ⏵[0m [33m1 ↓[0m                           
┃ [34m│  [0m   [34m┌─ [0m[1m[33m↓ ⏵ texinfo-7.2[0m[0m ⏱ 19s 11.9MiB/13.7MiB              [1m 86.9%[0m
┃ [34m│  [0m[34m┌─ [0m[34m⏸ user-environment[0m                                    
┃ [34m│  [0m[34m│  [0m[34m┌─ [0m[32m✔ unit-console-getty.service-disabled[0m [90m[0m             
┃ [34m│  [0m[34m│  [0m[34m├─ [0m[32m✔ unit-pipewire-pulse.service-disabled[0m [90m[0m            
┃ [34m│  [0m[34m│  [0m[34m├─ [0m[32m✔ unit-pipewire-pulse.socket-disabled[0m [90m[0m             
┃ [34m│  [0m[34m│  [0m[34m├─ [0m[32m✔ unit-pipewire.service-disabled[0m [90m[0m                  
┃ [34m│  [0m[34m│  [0m[34m├─ [0m[32m✔ unit-pipewire.socket-disabled[0m [90m[0m                   
┃ [34m│  [0m[34m│  [0m[34m├─ [0m[32m✔ unit-wireplumber.service-disabled[0m [90m[0m               
┃ [34m│  [0m[34m│  [0m[34m│  [0m         [34m┌─ [0m[32m✔ home-manager-path[0m [90m⏱ 5s[0m               
┃ [34m│  [0m[34m│  [0m[34m│  [0m      [34m┌─ [0m[32m✔ hm_fontconfigconf.d10hmfonts.conf[0m [90m[0m      
┃ [34m│  [0m[34m│  [0m[34m│  [0m   [34m┌─ [0m[32m✔ home-manager-files[0m [90m[0m                        
┃ [34m│  [0m[34m│  [0m[34m│  [0m[34m┌─ [0m[32m✔ home-manager-generation[0m [90m[0m                      
┃ [34m│  [0m[34m│  [0m[34m├─ [0m[32m✔ unit-home-manager-licht.service[0m [90m[0m                 
┃ [34m│  [0m[34m├─ [0m[33m[1m⏵ system-units[0m[0m ⏱ 1s (∅ 2s)                            
┃ [34m├─ [0m[34m⏸ etc[0m                                                    
┃ [34m⏸ nixos-system-licht-26.05.20260907.93108a5[0m                 [0m
┣━━━ [1mBuilds          [0m │ [1mDownloads      [0m │ [1mHost                   [0m
┃    [33m⏵ [1m1[0m[0m │ [32m✔ [1m22[0m[0m │     │ [33m   [0m │ [32m   [0m │     │ [35m      localhost        [0m
┃    [33m   [0m │ [32m    [0m │     │ [33m↓ [1m1[0m[0m │ [32m↓ [1m9[0m[0m │     │ [35mcache.nixos.org (https)[0m
┗━ ∑ [33m⏵ [1m1[0m[0m │ [32m✔ [1m22[0m[0m │ [34m⏸ [1m4[0m[0m │ [33m↓ [1m1[0m[0m │ [32m↓ [1m9[0m[0m │ [34m⏸ 0[0m │ [1m⏱ 54s                  [0m[?2026l[?2026h[2K[1F[2K[1F[2K[1F[2K[1F[2K[1F[2K[1F[2K[1F[2K[1F[2K[1F[2K[1F[2K[1F[2K[1F[2K[1F[2K[1F[2K[1F[2K[1F[2K[1F[2K[1F[2K[1F[2K[1F[2K[1F[2K[1F[2K[1F[2K[1F[2K[0m┏━ [1mDependency Graph[0m:
┃ [34m┌─ [0m[32m✔ ensure-all-wrappers-paths-exist[0m [90m[0m                       
┃ [34m├─ [0m[32m✔ stage-2-init.sh[0m [90m[0m                                       
┃ [34m├─ [0m[32m✔ perl-5.42.0-env[0m [90m⏱ 7s[0m                                   
┃ [34m├─ [0m[34m⏸ activate[0m[90m waiting for [0m[33m1 ⏵[0m [33m1 ↓[0m                           
┃ [34m│  [0m   [34m┌─ [0m[1m[33m↓ ⏵ texinfo-7.2[0m[0m ⏱ 19s 12.2MiB/13.7MiB              [1m 89.7%[0m
┃ [34m│  [0m[34m┌─ [0m[34m⏸ user-environment[0m                                    
┃ [34m│  [0m[34m│  [0m[34m┌─ [0m[32m✔ unit-console-getty.service-disabled[0m [90m[0m             
┃ [34m│  [0m[34m│  [0m[34m├─ [0m[32m✔ unit-pipewire-pulse.service-disabled[0m [90m[0m            
┃ [34m│  [0m[34m│  [0m[34m├─ [0m[32m✔ unit-pipewire-pulse.socket-disabled[0m [90m[0m             
┃ [34m│  [0m[34m│  [0m[34m├─ [0m[32m✔ unit-pipewire.service-disabled[0m [90m[0m                  
┃ [34m│  [0m[34m│  [0m[34m├─ [0m[32m✔ unit-pipewire.socket-disabled[0m [90m[0m                   
┃ [34m│  [0m[34m│  [0m[34m├─ [0m[32m✔ unit-wireplumber.service-disabled[0m [90m[0m               
┃ [34m│  [0m[34m│  [0m[34m│  [0m         [34m┌─ [0m[32m✔ home-manager-path[0m [90m⏱ 5s[0m               
┃ [34m│  [0m[34m│  [0m[34m│  [0m      [34m┌─ [0m[32m✔ hm_fontconfigconf.d10hmfonts.conf[0m [90m[0m      
┃ [34m│  [0m[34m│  [0m[34m│  [0m   [34m┌─ [0m[32m✔ home-manager-files[0m [90m[0m                        
┃ [34m│  [0m[34m│  [0m[34m│  [0m[34m┌─ [0m[32m✔ home-manager-generation[0m [90m[0m                      
┃ [34m│  [0m[34m│  [0m[34m├─ [0m[32m✔ unit-home-manager-licht.service[0m [90m[0m                 
┃ [34m│  [0m[34m├─ [0m[33m[1m⏵ system-units[0m[0m ⏱ 1s (∅ 2s)                            
┃ [34m├─ [0m[34m⏸ etc[0m                                                    
┃ [34m⏸ nixos-system-licht-26.05.20260907.93108a5[0m                 [0m
┣━━━ [1mBuilds          [0m │ [1mDownloads      [0m │ [1mHost                   [0m
┃    [33m⏵ [1m1[0m[0m │ [32m✔ [1m22[0m[0m │     │ [33m   [0m │ [32m   [0m │     │ [35m      localhost        [0m
┃    [33m   [0m │ [32m    [0m │     │ [33m↓ [1m1[0m[0m │ [32m↓ [1m9[0m[0m │     │ [35mcache.nixos.org (https)[0m
┗━ ∑ [33m⏵ [1m1[0m[0m │ [32m✔ [1m22[0m[0m │ [34m⏸ [1m4[0m[0m │ [33m↓ [1m1[0m[0m │ [32m↓ [1m9[0m[0m │ [34m⏸ 0[0m │ [1m⏱ 55s                  [0m[?2026l[?2026h[2K[1F[2K[1F[2K[1F[2K[1F[2K[1F[2K[1F[2K[1F[2K[1F[2K[1F[2K[1F[2K[1F[2K[1F[2K[1F[2K[1F[2K[1F[2K[1F[2K[1F[2K[1F[2K[1F[2K[1F[2K[1F[2K[1F[2K[1F[2K[1F[2K[0m┏━ [1mDependency Graph[0m:
┃ [34m┌─ [0m[32m✔ ensure-all-wrappers-paths-exist[0m [90m[0m                       
┃ [34m├─ [0m[32m✔ stage-2-init.sh[0m [90m[0m                                       
┃ [34m├─ [0m[32m✔ perl-5.42.0-env[0m [90m⏱ 7s[0m                                   
┃ [34m├─ [0m[34m⏸ activate[0m[90m waiting for [0m[33m1 ⏵[0m [33m1 ↓[0m                           
┃ [34m│  [0m   [34m┌─ [0m[1m[33m↓ ⏵ texinfo-7.2[0m[0m ⏱ 19s 12.8MiB/13.7MiB              [1m 93.3%[0m
┃ [34m│  [0m[34m┌─ [0m[34m⏸ user-environment[0m                                    
┃ [34m│  [0m[34m│  [0m[34m┌─ [0m[32m✔ unit-console-getty.service-disabled[0m [90m[0m             
┃ [34m│  [0m[34m│  [0m[34m├─ [0m[32m✔ unit-pipewire-pulse.service-disabled[0m [90m[0m            
┃ [34m│  [0m[34m│  [0m[34m├─ [0m[32m✔ unit-pipewire-pulse.socket-disabled[0m [90m[0m             
┃ [34m│  [0m[34m│  [0m[34m├─ [0m[32m✔ unit-pipewire.service-disabled[0m [90m[0m                  
┃ [34m│  [0m[34m│  [0m[34m├─ [0m[32m✔ unit-pipewire.socket-disabled[0m [90m[0m                   
┃ [34m│  [0m[34m│  [0m[34m├─ [0m[32m✔ unit-wireplumber.service-disabled[0m [90m[0m               
┃ [34m│  [0m[34m│  [0m[34m│  [0m         [34m┌─ [0m[32m✔ home-manager-path[0m [90m⏱ 5s[0m               
┃ [34m│  [0m[34m│  [0m[34m│  [0m      [34m┌─ [0m[32m✔ hm_fontconfigconf.d10hmfonts.conf[0m [90m[0m      
┃ [34m│  [0m[34m│  [0m[34m│  [0m   [34m┌─ [0m[32m✔ home-manager-files[0m [90m[0m                        
┃ [34m│  [0m[34m│  [0m[34m│  [0m[34m┌─ [0m[32m✔ home-manager-generation[0m [90m[0m                      
┃ [34m│  [0m[34m│  [0m[34m├─ [0m[32m✔ unit-home-manager-licht.service[0m [90m[0m                 
┃ [34m│  [0m[34m├─ [0m[33m[1m⏵ system-units[0m[0m ⏱ 1s (∅ 2s)                            
┃ [34m├─ [0m[34m⏸ etc[0m                                                    
┃ [34m⏸ nixos-system-licht-26.05.20260907.93108a5[0m                 [0m
┣━━━ [1mBuilds          [0m │ [1mDownloads      [0m │ [1mHost                   [0m
┃    [33m⏵ [1m1[0m[0m │ [32m✔ [1m22[0m[0m │     │ [33m   [0m │ [32m   [0m │     │ [35m      localhost        [0m
┃    [33m   [0m │ [32m    [0m │     │ [33m↓ [1m1[0m[0m │ [32m↓ [1m9[0m[0m │     │ [35mcache.nixos.org (https)[0m
┗━ ∑ [33m⏵ [1m1[0m[0m │ [32m✔ [1m22[0m[0m │ [34m⏸ [1m4[0m[0m │ [33m↓ [1m1[0m[0m │ [32m↓ [1m9[0m[0m │ [34m⏸ 0[0m │ [1m⏱ 55s                  [0m[?2026l[?2026h[2K[1F[2K[1F[2K[1F[2K[1F[2K[1F[2K[1F[2K[1F[2K[1F[2K[1F[2K[1F[2K[1F[2K[1F[2K[1F[2K[1F[2K[1F[2K[1F[2K[1F[2K[1F[2K[1F[2K[1F[2K[1F[2K[1F[2K[1F[2K[1F[2K[0m┏━ [1mDependency Graph[0m:
┃ [34m┌─ [0m[32m✔ ensure-all-wrappers-paths-exist[0m [90m[0m                       
┃ [34m├─ [0m[32m✔ stage-2-init.sh[0m [90m[0m                                       
┃ [34m├─ [0m[32m✔ perl-5.42.0-env[0m [90m⏱ 7s[0m                                   
┃ [34m├─ [0m[34m⏸ activate[0m[90m waiting for [0m[33m1 ⏵[0m [33m1 ↓[0m                           
┃ [34m│  [0m   [34m┌─ [0m[1m[33m↓ ⏵ texinfo-7.2[0m[0m ⏱ 20s 12.9MiB/13.7MiB              [1m 94.2%[0m
┃ [34m│  [0m[34m┌─ [0m[34m⏸ user-environment[0m                                    
┃ [34m│  [0m[34m│  [0m[34m┌─ [0m[32m✔ unit-console-getty.service-disabled[0m [90m[0m             
┃ [34m│  [0m[34m│  [0m[34m├─ [0m[32m✔ unit-pipewire-pulse.service-disabled[0m [90m[0m            
┃ [34m│  [0m[34m│  [0m[34m├─ [0m[32m✔ unit-pipewire-pulse.socket-disabled[0m [90m[0m             
┃ [34m│  [0m[34m│  [0m[34m├─ [0m[32m✔ unit-pipewire.service-disabled[0m [90m[0m                  
┃ [34m│  [0m[34m│  [0m[34m├─ [0m[32m✔ unit-pipewire.socket-disabled[0m [90m[0m                   
┃ [34m│  [0m[34m│  [0m[34m├─ [0m[32m✔ unit-wireplumber.service-disabled[0m [90m[0m               
┃ [34m│  [0m[34m│  [0m[34m│  [0m         [34m┌─ [0m[32m✔ home-manager-path[0m [90m⏱ 5s[0m               
┃ [34m│  [0m[34m│  [0m[34m│  [0m      [34m┌─ [0m[32m✔ hm_fontconfigconf.d10hmfonts.conf[0m [90m[0m      
┃ [34m│  [0m[34m│  [0m[34m│  [0m   [34m┌─ [0m[32m✔ home-manager-files[0m [90m[0m                        
┃ [34m│  [0m[34m│  [0m[34m│  [0m[34m┌─ [0m[32m✔ home-manager-generation[0m [90m[0m                      
┃ [34m│  [0m[34m│  [0m[34m├─ [0m[32m✔ unit-home-manager-licht.service[0m [90m[0m                 
┃ [34m│  [0m[34m├─ [0m[33m[1m⏵ system-units[0m[0m ⏱ 1s (∅ 2s)                            
┃ [34m├─ [0m[34m⏸ etc[0m                                                    
┃ [34m⏸ nixos-system-licht-26.05.20260907.93108a5[0m                 [0m
┣━━━ [1mBuilds          [0m │ [1mDownloads      [0m │ [1mHost                   [0m
┃    [33m⏵ [1m1[0m[0m │ [32m✔ [1m22[0m[0m │     │ [33m   [0m │ [32m   [0m │     │ [35m      localhost        [0m
┃    [33m   [0m │ [32m    [0m │     │ [33m↓ [1m1[0m[0m │ [32m↓ [1m9[0m[0m │     │ [35mcache.nixos.org (https)[0m
┗━ ∑ [33m⏵ [1m1[0m[0m │ [32m✔ [1m22[0m[0m │ [34m⏸ [1m4[0m[0m │ [33m↓ [1m1[0m[0m │ [32m↓ [1m9[0m[0m │ [34m⏸ 0[0m │ [1m⏱ 55s                  [0m[?2026l[?2026h[2K[1F[2K[1F[2K[1F[2K[1F[2K[1F[2K[1F[2K[1F[2K[1F[2K[1F[2K[1F[2K[1F[2K[1F[2K[1F[2K[1F[2K[1F[2K[1F[2K[1F[2K[1F[2K[1F[2K[1F[2K[1F[2K[1F[2K[1F[2K[1F[2K[0m┏━ [1mDependency Graph[0m:
┃ [34m┌─ [0m[32m✔ ensure-all-wrappers-paths-exist[0m [90m[0m                       
┃ [34m├─ [0m[32m✔ stage-2-init.sh[0m [90m[0m                                       
┃ [34m├─ [0m[32m✔ perl-5.42.0-env[0m [90m⏱ 7s[0m                                   
┃ [34m├─ [0m[34m⏸ activate[0m[90m waiting for [0m[33m1 ⏵[0m [33m1 ↓[0m                           
┃ [34m│  [0m   [34m┌─ [0m[1m[33m↓ ⏵ texinfo-7.2[0m[0m ⏱ 20s 13.0MiB/13.7MiB              [1m 95.2%[0m
┃ [34m│  [0m[34m┌─ [0m[34m⏸ user-environment[0m                                    
┃ [34m│  [0m[34m│  [0m[34m┌─ [0m[32m✔ unit-console-getty.service-disabled[0m [90m[0m             
┃ [34m│  [0m[34m│  [0m[34m├─ [0m[32m✔ unit-pipewire-pulse.service-disabled[0m [90m[0m            
┃ [34m│  [0m[34m│  [0m[34m├─ [0m[32m✔ unit-pipewire-pulse.socket-disabled[0m [90m[0m             
┃ [34m│  [0m[34m│  [0m[34m├─ [0m[32m✔ unit-pipewire.service-disabled[0m [90m[0m                  
┃ [34m│  [0m[34m│  [0m[34m├─ [0m[32m✔ unit-pipewire.socket-disabled[0m [90m[0m                   
┃ [34m│  [0m[34m│  [0m[34m├─ [0m[32m✔ unit-wireplumber.service-disabled[0m [90m[0m               
┃ [34m│  [0m[34m│  [0m[34m│  [0m         [34m┌─ [0m[32m✔ home-manager-path[0m [90m⏱ 5s[0m               
┃ [34m│  [0m[34m│  [0m[34m│  [0m      [34m┌─ [0m[32m✔ hm_fontconfigconf.d10hmfonts.conf[0m [90m[0m      
┃ [34m│  [0m[34m│  [0m[34m│  [0m   [34m┌─ [0m[32m✔ home-manager-files[0m [90m[0m                        
┃ [34m│  [0m[34m│  [0m[34m│  [0m[34m┌─ [0m[32m✔ home-manager-generation[0m [90m[0m                      
┃ [34m│  [0m[34m│  [0m[34m├─ [0m[32m✔ unit-home-manager-licht.service[0m [90m[0m                 
┃ [34m│  [0m[34m├─ [0m[33m[1m⏵ system-units[0m[0m ⏱ 2s (∅ 2s)                            
┃ [34m├─ [0m[34m⏸ etc[0m                                                    
┃ [34m⏸ nixos-system-licht-26.05.20260907.93108a5[0m                 [0m
┣━━━ [1mBuilds          [0m │ [1mDownloads      [0m │ [1mHost                   [0m
┃    [33m⏵ [1m1[0m[0m │ [32m✔ [1m22[0m[0m │     │ [33m   [0m │ [32m   [0m │     │ [35m      localhost        [0m
┃    [33m   [0m │ [32m    [0m │     │ [33m↓ [1m1[0m[0m │ [32m↓ [1m9[0m[0m │     │ [35mcache.nixos.org (https)[0m
┗━ ∑ [33m⏵ [1m1[0m[0m │ [32m✔ [1m22[0m[0m │ [34m⏸ [1m4[0m[0m │ [33m↓ [1m1[0m[0m │ [32m↓ [1m9[0m[0m │ [34m⏸ 0[0m │ [1m⏱ 55s                  [0m[?2026l[?2026h[2K[1F[2K[1F[2K[1F[2K[1F[2K[1F[2K[1F[2K[1F[2K[1F[2K[1F[2K[1F[2K[1F[2K[1F[2K[1F[2K[1F[2K[1F[2K[1F[2K[1F[2K[1F[2K[1F[2K[1F[2K[1F[2K[1F[2K[1F[2K[1F[2K[0m┏━ [1mDependency Graph[0m:
┃ [34m┌─ [0m[32m✔ ensure-all-wrappers-paths-exist[0m [90m[0m                       
┃ [34m├─ [0m[32m✔ stage-2-init.sh[0m [90m[0m                                       
┃ [34m├─ [0m[32m✔ perl-5.42.0-env[0m [90m⏱ 7s[0m                                   
┃ [34m├─ [0m[34m⏸ activate[0m[90m waiting for [0m[33m1 ⏵[0m [33m1 ↓[0m                           
┃ [34m│  [0m   [34m┌─ [0m[1m[33m↓ ⏵ texinfo-7.2[0m[0m ⏱ 20s 13.0MiB/13.7MiB              [1m 95.2%[0m
┃ [34m│  [0m[34m┌─ [0m[34m⏸ user-environment[0m                                    
┃ [34m│  [0m[34m│  [0m[34m┌─ [0m[32m✔ unit-console-getty.service-disabled[0m [90m[0m             
┃ [34m│  [0m[34m│  [0m[34m├─ [0m[32m✔ unit-pipewire-pulse.service-disabled[0m [90m[0m            
┃ [34m│  [0m[34m│  [0m[34m├─ [0m[32m✔ unit-pipewire-pulse.socket-disabled[0m [90m[0m             
┃ [34m│  [0m[34m│  [0m[34m├─ [0m[32m✔ unit-pipewire.service-disabled[0m [90m[0m                  
┃ [34m│  [0m[34m│  [0m[34m├─ [0m[32m✔ unit-pipewire.socket-disabled[0m [90m[0m                   
┃ [34m│  [0m[34m│  [0m[34m├─ [0m[32m✔ unit-wireplumber.service-disabled[0m [90m[0m               
┃ [34m│  [0m[34m│  [0m[34m│  [0m         [34m┌─ [0m[32m✔ home-manager-path[0m [90m⏱ 5s[0m               
┃ [34m│  [0m[34m│  [0m[34m│  [0m      [34m┌─ [0m[32m✔ hm_fontconfigconf.d10hmfonts.conf[0m [90m[0m      
┃ [34m│  [0m[34m│  [0m[34m│  [0m   [34m┌─ [0m[32m✔ home-manager-files[0m [90m[0m                        
┃ [34m│  [0m[34m│  [0m[34m│  [0m[34m┌─ [0m[32m✔ home-manager-generation[0m [90m[0m                      
┃ [34m│  [0m[34m│  [0m[34m├─ [0m[32m✔ unit-home-manager-licht.service[0m [90m[0m                 
┃ [34m│  [0m[34m├─ [0m[33m[1m⏵ system-units[0m[0m ⏱ 2s (∅ 2s)                            
┃ [34m├─ [0m[34m⏸ etc[0m                                                    
┃ [34m⏸ nixos-system-licht-26.05.20260907.93108a5[0m                 [0m
┣━━━ [1mBuilds          [0m │ [1mDownloads      [0m │ [1mHost                   [0m
┃    [33m⏵ [1m1[0m[0m │ [32m✔ [1m22[0m[0m │     │ [33m   [0m │ [32m   [0m │     │ [35m      localhost        [0m
┃    [33m   [0m │ [32m    [0m │     │ [33m↓ [1m1[0m[0m │ [32m↓ [1m9[0m[0m │     │ [35mcache.nixos.org (https)[0m
┗━ ∑ [33m⏵ [1m1[0m[0m │ [32m✔ [1m22[0m[0m │ [34m⏸ [1m4[0m[0m │ [33m↓ [1m1[0m[0m │ [32m↓ [1m9[0m[0m │ [34m⏸ 0[0m │ [1m⏱ 55s                  [0m[?2026l[?2026h[2K[1F[2K[1F[2K[1F[2K[1F[2K[1F[2K[1F[2K[1F[2K[1F[2K[1F[2K[1F[2K[1F[2K[1F[2K[1F[2K[1F[2K[1F[2K[1F[2K[1F[2K[1F[2K[1F[2K[1F[2K[1F[2K[1F[2K[1F[2K[1F[2K[0m┏━ [1mDependency Graph[0m:
┃ [34m┌─ [0m[32m✔ ensure-all-wrappers-paths-exist[0m [90m[0m                       
┃ [34m├─ [0m[32m✔ stage-2-init.sh[0m [90m[0m                                       
┃ [34m├─ [0m[32m✔ perl-5.42.0-env[0m [90m⏱ 7s[0m                                   
┃ [34m├─ [0m[34m⏸ activate[0m[90m waiting for [0m[33m1 ↓[0m                               
┃ [34m│  [0m   [34m┌─ [0m[1m[33m↓ ⏵ texinfo-7.2[0m[0m ⏱ 20s 13.0MiB/13.7MiB              [1m 95.2%[0m
┃ [34m│  [0m[34m┌─ [0m[34m⏸ user-environment[0m                                    
┃ [34m│  [0m[34m│  [0m[34m┌─ [0m[32m✔ unit-console-getty.service-disabled[0m [90m[0m             
┃ [34m│  [0m[34m│  [0m[34m├─ [0m[32m✔ unit-pipewire-pulse.service-disabled[0m [90m[0m            
┃ [34m│  [0m[34m│  [0m[34m├─ [0m[32m✔ unit-pipewire-pulse.socket-disabled[0m [90m[0m             
┃ [34m│  [0m[34m│  [0m[34m├─ [0m[32m✔ unit-pipewire.service-disabled[0m [90m[0m                  
┃ [34m│  [0m[34m│  [0m[34m├─ [0m[32m✔ unit-pipewire.socket-disabled[0m [90m[0m                   
┃ [34m│  [0m[34m│  [0m[34m├─ [0m[32m✔ unit-wireplumber.service-disabled[0m [90m[0m               
┃ [34m│  [0m[34m│  [0m[34m│  [0m         [34m┌─ [0m[32m✔ home-manager-path[0m [90m⏱ 5s[0m               
┃ [34m│  [0m[34m│  [0m[34m│  [0m      [34m┌─ [0m[32m✔ hm_fontconfigconf.d10hmfonts.conf[0m [90m[0m      
┃ [34m│  [0m[34m│  [0m[34m│  [0m   [34m┌─ [0m[32m✔ home-manager-files[0m [90m[0m                        
┃ [34m│  [0m[34m│  [0m[34m│  [0m[34m┌─ [0m[32m✔ home-manager-generation[0m [90m[0m                      
┃ [34m│  [0m[34m│  [0m[34m├─ [0m[32m✔ unit-home-manager-licht.service[0m [90m[0m                 
┃ [34m│  [0m[34m├─ [0m[32m✔ system-units[0m [90m⏱ 2s[0m                                   
┃ [34m├─ [0m[34m⏸ etc[0m                                                    
┃ [34m⏸ nixos-system-licht-26.05.20260907.93108a5[0m                 [0m
┣━━━ [1mBuilds          [0m │ [1mDownloads      [0m │ [1mHost                   [0m
┃    [33m   [0m │ [32m✔ [1m23[0m[0m │     │ [33m   [0m │ [32m   [0m │     │ [35m      localhost        [0m
┃    [33m   [0m │ [32m    [0m │     │ [33m↓ [1m1[0m[0m │ [32m↓ [1m9[0m[0m │     │ [35mcache.nixos.org (https)[0m
┗━ ∑ [33m⏵ 0[0m │ [32m✔ [1m23[0m[0m │ [34m⏸ [1m4[0m[0m │ [33m↓ [1m1[0m[0m │ [32m↓ [1m9[0m[0m │ [34m⏸ 0[0m │ [1m⏱ 55s                  [0m[?2026l[?2026h[2K[1F[2K[1F[2K[1F[2K[1F[2K[1F[2K[1F[2K[1F[2K[1F[2K[1F[2K[1F[2K[1F[2K[1F[2K[1F[2K[1F[2K[1F[2K[1F[2K[1F[2K[1F[2K[1F[2K[1F[2K[1F[2K[1F[2K[1F[2K[1F[2K[0m┏━ [1mDependency Graph[0m:
┃ [34m┌─ [0m[32m✔ ensure-all-wrappers-paths-exist[0m [90m[0m                       
┃ [34m├─ [0m[32m✔ stage-2-init.sh[0m [90m[0m                                       
┃ [34m├─ [0m[32m✔ perl-5.42.0-env[0m [90m⏱ 7s[0m                                   
┃ [34m├─ [0m[34m⏸ activate[0m[90m waiting for [0m[33m1 ↓[0m                               
┃ [34m│  [0m   [34m┌─ [0m[32m✔ unit-console-getty.service-disabled[0m [90m[0m             
┃ [34m│  [0m   [34m├─ [0m[32m✔ unit-pipewire-pulse.service-disabled[0m [90m[0m            
┃ [34m│  [0m   [34m├─ [0m[32m✔ unit-pipewire-pulse.socket-disabled[0m [90m[0m             
┃ [34m│  [0m   [34m├─ [0m[32m✔ unit-pipewire.service-disabled[0m [90m[0m                  
┃ [34m│  [0m   [34m├─ [0m[32m✔ unit-pipewire.socket-disabled[0m [90m[0m                   
┃ [34m│  [0m   [34m├─ [0m[32m✔ unit-wireplumber.service-disabled[0m [90m[0m               
┃ [34m│  [0m   [34m│  [0m      [34m┌─ [0m[32m✔ hm_fontconfigconf.d10hmfonts.conf[0m [90m[0m      
┃ [34m│  [0m   [34m│  [0m   [34m┌─ [0m[32m✔ home-manager-files[0m [90m[0m                        
┃ [34m│  [0m   [34m│  [0m[34m┌─ [0m[32m✔ home-manager-generation[0m [90m[0m                      
┃ [34m│  [0m   [34m├─ [0m[32m✔ unit-home-manager-licht.service[0m [90m[0m                 
┃ [34m│  [0m[34m┌─ [0m[32m✔ system-units[0m [90m⏱ 2s[0m                                   
┃ [34m│  [0m[34m│  [0m[34m┌─ [0m[32m✔ home-manager-path[0m [90m⏱ 5s[0m                           
┃ [34m│  [0m[34m│  [0m[34m├─ [0m[1m[33m↓ ⏵ texinfo-7.2[0m[0m ⏱ 20s 13.0MiB/13.7MiB              [1m 95.2%[0m
┃ [34m│  [0m[34m├─ [0m[34m⏸ user-environment[0m                                    
┃ [34m├─ [0m[34m⏸ etc[0m                                                    
┃ [34m⏸ nixos-system-licht-26.05.20260907.93108a5[0m                 [0m
┣━━━ [1mBuilds          [0m │ [1mDownloads      [0m │ [1mHost                   [0m
┃    [33m   [0m │ [32m✔ [1m23[0m[0m │     │ [33m   [0m │ [32m   [0m │     │ [35m      localhost        [0m
┃    [33m   [0m │ [32m    [0m │     │ [33m↓ [1m1[0m[0m │ [32m↓ [1m9[0m[0m │     │ [35mcache.nixos.org (https)[0m
┗━ ∑ [33m⏵ 0[0m │ [32m✔ [1m23[0m[0m │ [34m⏸ [1m4[0m[0m │ [33m↓ [1m1[0m[0m │ [32m↓ [1m9[0m[0m │ [34m⏸ 0[0m │ [1m⏱ 55s                  [0m[?2026l[?2026h[2K[1F[2K[1F[2K[1F[2K[1F[2K[1F[2K[1F[2K[1F[2K[1F[2K[1F[2K[1F[2K[1F[2K[1F[2K[1F[2K[1F[2K[1F[2K[1F[2K[1F[2K[1F[2K[1F[2K[1F[2K[1F[2K[1F[2K[1F[2K[1F[2K[0m┏━ [1mDependency Graph[0m:
┃ [34m┌─ [0m[32m✔ ensure-all-wrappers-paths-exist[0m [90m[0m                       
┃ [34m├─ [0m[32m✔ stage-2-init.sh[0m [90m[0m                                       
┃ [34m├─ [0m[32m✔ perl-5.42.0-env[0m [90m⏱ 7s[0m                                   
┃ [34m├─ [0m[34m⏸ activate[0m[90m waiting for [0m[33m1 ↓[0m                               
┃ [34m│  [0m   [34m┌─ [0m[32m✔ unit-console-getty.service-disabled[0m [90m[0m             
┃ [34m│  [0m   [34m├─ [0m[32m✔ unit-pipewire-pulse.service-disabled[0m [90m[0m            
┃ [34m│  [0m   [34m├─ [0m[32m✔ unit-pipewire-pulse.socket-disabled[0m [90m[0m             
┃ [34m│  [0m   [34m├─ [0m[32m✔ unit-pipewire.service-disabled[0m [90m[0m                  
┃ [34m│  [0m   [34m├─ [0m[32m✔ unit-pipewire.socket-disabled[0m [90m[0m                   
┃ [34m│  [0m   [34m├─ [0m[32m✔ unit-wireplumber.service-disabled[0m [90m[0m               
┃ [34m│  [0m   [34m│  [0m      [34m┌─ [0m[32m✔ hm_fontconfigconf.d10hmfonts.conf[0m [90m[0m      
┃ [34m│  [0m   [34m│  [0m   [34m┌─ [0m[32m✔ home-manager-files[0m [90m[0m                        
┃ [34m│  [0m   [34m│  [0m[34m┌─ [0m[32m✔ home-manager-generation[0m [90m[0m                      
┃ [34m│  [0m   [34m├─ [0m[32m✔ unit-home-manager-licht.service[0m [90m[0m                 
┃ [34m│  [0m[34m┌─ [0m[32m✔ system-units[0m [90m⏱ 2s[0m                                   
┃ [34m│  [0m[34m│  [0m[34m┌─ [0m[32m✔ home-manager-path[0m [90m⏱ 5s[0m                           
┃ [34m│  [0m[34m│  [0m[34m├─ [0m[1m[33m↓ ⏵ texinfo-7.2[0m[0m ⏱ 20s 13.0MiB/13.7MiB              [1m 95.2%[0m
┃ [34m│  [0m[34m├─ [0m[34m⏸ user-environment[0m                                    
┃ [34m├─ [0m[34m⏸ etc[0m                                                    
┃ [34m⏸ nixos-system-licht-26.05.20260907.93108a5[0m                 [0m
┣━━━ [1mBuilds          [0m │ [1mDownloads      [0m │ [1mHost                   [0m
┃    [33m   [0m │ [32m✔ [1m23[0m[0m │     │ [33m   [0m │ [32m   [0m │     │ [35m      localhost        [0m
┃    [33m   [0m │ [32m    [0m │     │ [33m↓ [1m1[0m[0m │ [32m↓ [1m9[0m[0m │     │ [35mcache.nixos.org (https)[0m
┗━ ∑ [33m⏵ 0[0m │ [32m✔ [1m23[0m[0m │ [34m⏸ [1m4[0m[0m │ [33m↓ [1m1[0m[0m │ [32m↓ [1m9[0m[0m │ [34m⏸ 0[0m │ [1m⏱ 55s                  [0m[?2026l[?2026h[2K[1F[2K[1F[2K[1F[2K[1F[2K[1F[2K[1F[2K[1F[2K[1F[2K[1F[2K[1F[2K[1F[2K[1F[2K[1F[2K[1F[2K[1F[2K[1F[2K[1F[2K[1F[2K[1F[2K[1F[2K[1F[2K[1F[2K[1F[2K[1F[2K[0m┏━ [1mDependency Graph[0m:
┃ [34m┌─ [0m[32m✔ ensure-all-wrappers-paths-exist[0m [90m[0m                       
┃ [34m├─ [0m[32m✔ stage-2-init.sh[0m [90m[0m                                       
┃ [34m├─ [0m[32m✔ perl-5.42.0-env[0m [90m⏱ 7s[0m                                   
┃ [34m├─ [0m[34m⏸ activate[0m[90m waiting for [0m[33m1 ↓[0m                               
┃ [34m│  [0m   [34m┌─ [0m[32m✔ unit-console-getty.service-disabled[0m [90m[0m             
┃ [34m│  [0m   [34m├─ [0m[32m✔ unit-pipewire-pulse.service-disabled[0m [90m[0m            
┃ [34m│  [0m   [34m├─ [0m[32m✔ unit-pipewire-pulse.socket-disabled[0m [90m[0m             
┃ [34m│  [0m   [34m├─ [0m[32m✔ unit-pipewire.service-disabled[0m [90m[0m                  
┃ [34m│  [0m   [34m├─ [0m[32m✔ unit-pipewire.socket-disabled[0m [90m[0m                   
┃ [34m│  [0m   [34m├─ [0m[32m✔ unit-wireplumber.service-disabled[0m [90m[0m               
┃ [34m│  [0m   [34m│  [0m      [34m┌─ [0m[32m✔ hm_fontconfigconf.d10hmfonts.conf[0m [90m[0m      
┃ [34m│  [0m   [34m│  [0m   [34m┌─ [0m[32m✔ home-manager-files[0m [90m[0m                        
┃ [34m│  [0m   [34m│  [0m[34m┌─ [0m[32m✔ home-manager-generation[0m [90m[0m                      
┃ [34m│  [0m   [34m├─ [0m[32m✔ unit-home-manager-licht.service[0m [90m[0m                 
┃ [34m│  [0m[34m┌─ [0m[32m✔ system-units[0m [90m⏱ 2s[0m                                   
┃ [34m│  [0m[34m│  [0m[34m┌─ [0m[32m✔ home-manager-path[0m [90m⏱ 5s[0m                           
┃ [34m│  [0m[34m│  [0m[34m├─ [0m[1m[33m↓ ⏵ texinfo-7.2[0m[0m ⏱ 20s 13.0MiB/13.7MiB              [1m 95.3%[0m
┃ [34m│  [0m[34m├─ [0m[34m⏸ user-environment[0m                                    
┃ [34m├─ [0m[34m⏸ etc[0m                                                    
┃ [34m⏸ nixos-system-licht-26.05.20260907.93108a5[0m                 [0m
┣━━━ [1mBuilds          [0m │ [1mDownloads      [0m │ [1mHost                   [0m
┃    [33m   [0m │ [32m✔ [1m23[0m[0m │     │ [33m   [0m │ [32m   [0m │     │ [35m      localhost        [0m
┃    [33m   [0m │ [32m    [0m │     │ [33m↓ [1m1[0m[0m │ [32m↓ [1m9[0m[0m │     │ [35mcache.nixos.org (https)[0m
┗━ ∑ [33m⏵ 0[0m │ [32m✔ [1m23[0m[0m │ [34m⏸ [1m4[0m[0m │ [33m↓ [1m1[0m[0m │ [32m↓ [1m9[0m[0m │ [34m⏸ 0[0m │ [1m⏱ 55s                  [0m[?2026l[?2026h[2K[1F[2K[1F[2K[1F[2K[1F[2K[1F[2K[1F[2K[1F[2K[1F[2K[1F[2K[1F[2K[1F[2K[1F[2K[1F[2K[1F[2K[1F[2K[1F[2K[1F[2K[1F[2K[1F[2K[1F[2K[1F[2K[1F[2K[1F[2K[1F[2K[0m┏━ [1mDependency Graph[0m:
┃ [34m┌─ [0m[32m✔ ensure-all-wrappers-paths-exist[0m [90m[0m                       
┃ [34m├─ [0m[32m✔ stage-2-init.sh[0m [90m[0m                                       
┃ [34m├─ [0m[32m✔ perl-5.42.0-env[0m [90m⏱ 7s[0m                                   
┃ [34m├─ [0m[34m⏸ activate[0m[90m waiting for [0m[33m1 ↓[0m                               
┃ [34m│  [0m   [34m┌─ [0m[32m✔ unit-console-getty.service-disabled[0m [90m[0m             
┃ [34m│  [0m   [34m├─ [0m[32m✔ unit-pipewire-pulse.service-disabled[0m [90m[0m            
┃ [34m│  [0m   [34m├─ [0m[32m✔ unit-pipewire-pulse.socket-disabled[0m [90m[0m             
┃ [34m│  [0m   [34m├─ [0m[32m✔ unit-pipewire.service-disabled[0m [90m[0m                  
┃ [34m│  [0m   [34m├─ [0m[32m✔ unit-pipewire.socket-disabled[0m [90m[0m                   
┃ [34m│  [0m   [34m├─ [0m[32m✔ unit-wireplumber.service-disabled[0m [90m[0m               
┃ [34m│  [0m   [34m│  [0m      [34m┌─ [0m[32m✔ hm_fontconfigconf.d10hmfonts.conf[0m [90m[0m      
┃ [34m│  [0m   [34m│  [0m   [34m┌─ [0m[32m✔ home-manager-files[0m [90m[0m                        
┃ [34m│  [0m   [34m│  [0m[34m┌─ [0m[32m✔ home-manager-generation[0m [90m[0m                      
┃ [34m│  [0m   [34m├─ [0m[32m✔ unit-home-manager-licht.service[0m [90m[0m                 
┃ [34m│  [0m[34m┌─ [0m[32m✔ system-units[0m [90m⏱ 2s[0m                                   
┃ [34m│  [0m[34m│  [0m[34m┌─ [0m[32m✔ home-manager-path[0m [90m⏱ 5s[0m                           
┃ [34m│  [0m[34m│  [0m[34m├─ [0m[1m[33m↓ ⏵ texinfo-7.2[0m[0m ⏱ 20s 13.1MiB/13.7MiB              [1m 96.1%[0m
┃ [34m│  [0m[34m├─ [0m[34m⏸ user-environment[0m                                    
┃ [34m├─ [0m[34m⏸ etc[0m                                                    
┃ [34m⏸ nixos-system-licht-26.05.20260907.93108a5[0m                 [0m
┣━━━ [1mBuilds          [0m │ [1mDownloads      [0m │ [1mHost                   [0m
┃    [33m   [0m │ [32m✔ [1m23[0m[0m │     │ [33m   [0m │ [32m   [0m │     │ [35m      localhost        [0m
┃    [33m   [0m │ [32m    [0m │     │ [33m↓ [1m1[0m[0m │ [32m↓ [1m9[0m[0m │     │ [35mcache.nixos.org (https)[0m
┗━ ∑ [33m⏵ 0[0m │ [32m✔ [1m23[0m[0m │ [34m⏸ [1m4[0m[0m │ [33m↓ [1m1[0m[0m │ [32m↓ [1m9[0m[0m │ [34m⏸ 0[0m │ [1m⏱ 55s                  [0m[?2026l[?2026h[2K[1F[2K[1F[2K[1F[2K[1F[2K[1F[2K[1F[2K[1F[2K[1F[2K[1F[2K[1F[2K[1F[2K[1F[2K[1F[2K[1F[2K[1F[2K[1F[2K[1F[2K[1F[2K[1F[2K[1F[2K[1F[2K[1F[2K[1F[2K[1F[2K[0m┏━ [1mDependency Graph[0m:
┃ [34m┌─ [0m[32m✔ ensure-all-wrappers-paths-exist[0m [90m[0m                       
┃ [34m├─ [0m[32m✔ stage-2-init.sh[0m [90m[0m                                       
┃ [34m├─ [0m[32m✔ perl-5.42.0-env[0m [90m⏱ 7s[0m                                   
┃ [34m├─ [0m[34m⏸ activate[0m[90m waiting for [0m[33m1 ↓[0m                               
┃ [34m│  [0m   [34m┌─ [0m[32m✔ unit-console-getty.service-disabled[0m [90m[0m             
┃ [34m│  [0m   [34m├─ [0m[32m✔ unit-pipewire-pulse.service-disabled[0m [90m[0m            
┃ [34m│  [0m   [34m├─ [0m[32m✔ unit-pipewire-pulse.socket-disabled[0m [90m[0m             
┃ [34m│  [0m   [34m├─ [0m[32m✔ unit-pipewire.service-disabled[0m [90m[0m                  
┃ [34m│  [0m   [34m├─ [0m[32m✔ unit-pipewire.socket-disabled[0m [90m[0m                   
┃ [34m│  [0m   [34m├─ [0m[32m✔ unit-wireplumber.service-disabled[0m [90m[0m               
┃ [34m│  [0m   [34m│  [0m      [34m┌─ [0m[32m✔ hm_fontconfigconf.d10hmfonts.conf[0m [90m[0m      
┃ [34m│  [0m   [34m│  [0m   [34m┌─ [0m[32m✔ home-manager-files[0m [90m[0m                        
┃ [34m│  [0m   [34m│  [0m[34m┌─ [0m[32m✔ home-manager-generation[0m [90m[0m                      
┃ [34m│  [0m   [34m├─ [0m[32m✔ unit-home-manager-licht.service[0m [90m[0m                 
┃ [34m│  [0m[34m┌─ [0m[32m✔ system-units[0m [90m⏱ 2s[0m                                   
┃ [34m│  [0m[34m│  [0m[34m┌─ [0m[32m✔ home-manager-path[0m [90m⏱ 5s[0m                           
┃ [34m│  [0m[34m│  [0m[34m├─ [0m[1m[33m↓ ⏵ texinfo-7.2[0m[0m ⏱ 20s 13.2MiB/13.7MiB              [1m 97.0%[0m
┃ [34m│  [0m[34m├─ [0m[34m⏸ user-environment[0m                                    
┃ [34m├─ [0m[34m⏸ etc[0m                                                    
┃ [34m⏸ nixos-system-licht-26.05.20260907.93108a5[0m                 [0m
┣━━━ [1mBuilds          [0m │ [1mDownloads      [0m │ [1mHost                   [0m
┃    [33m   [0m │ [32m✔ [1m23[0m[0m │     │ [33m   [0m │ [32m   [0m │     │ [35m      localhost        [0m
┃    [33m   [0m │ [32m    [0m │     │ [33m↓ [1m1[0m[0m │ [32m↓ [1m9[0m[0m │     │ [35mcache.nixos.org (https)[0m
┗━ ∑ [33m⏵ 0[0m │ [32m✔ [1m23[0m[0m │ [34m⏸ [1m4[0m[0m │ [33m↓ [1m1[0m[0m │ [32m↓ [1m9[0m[0m │ [34m⏸ 0[0m │ [1m⏱ 55s                  [0m[?2026l[?2026h[2K[1F[2K[1F[2K[1F[2K[1F[2K[1F[2K[1F[2K[1F[2K[1F[2K[1F[2K[1F[2K[1F[2K[1F[2K[1F[2K[1F[2K[1F[2K[1F[2K[1F[2K[1F[2K[1F[2K[1F[2K[1F[2K[1F[2K[1F[2K[1F[2K[0m┏━ [1mDependency Graph[0m:
┃ [34m┌─ [0m[32m✔ ensure-all-wrappers-paths-exist[0m [90m[0m                       
┃ [34m├─ [0m[32m✔ stage-2-init.sh[0m [90m[0m                                       
┃ [34m├─ [0m[32m✔ perl-5.42.0-env[0m [90m⏱ 7s[0m                                   
┃ [34m├─ [0m[34m⏸ activate[0m[90m waiting for [0m[33m1 ↓[0m                               
┃ [34m│  [0m   [34m┌─ [0m[32m✔ unit-console-getty.service-disabled[0m [90m[0m             
┃ [34m│  [0m   [34m├─ [0m[32m✔ unit-pipewire-pulse.service-disabled[0m [90m[0m            
┃ [34m│  [0m   [34m├─ [0m[32m✔ unit-pipewire-pulse.socket-disabled[0m [90m[0m             
┃ [34m│  [0m   [34m├─ [0m[32m✔ unit-pipewire.service-disabled[0m [90m[0m                  
┃ [34m│  [0m   [34m├─ [0m[32m✔ unit-pipewire.socket-disabled[0m [90m[0m                   
┃ [34m│  [0m   [34m├─ [0m[32m✔ unit-wireplumber.service-disabled[0m [90m[0m               
┃ [34m│  [0m   [34m│  [0m      [34m┌─ [0m[32m✔ hm_fontconfigconf.d10hmfonts.conf[0m [90m[0m      
┃ [34m│  [0m   [34m│  [0m   [34m┌─ [0m[32m✔ home-manager-files[0m [90m[0m                        
┃ [34m│  [0m   [34m│  [0m[34m┌─ [0m[32m✔ home-manager-generation[0m [90m[0m                      
┃ [34m│  [0m   [34m├─ [0m[32m✔ unit-home-manager-licht.service[0m [90m[0m                 
┃ [34m│  [0m[34m┌─ [0m[32m✔ system-units[0m [90m⏱ 2s[0m                                   
┃ [34m│  [0m[34m│  [0m[34m┌─ [0m[32m✔ home-manager-path[0m [90m⏱ 5s[0m                           
┃ [34m│  [0m[34m│  [0m[34m├─ [0m[1m[33m↓ ⏵ texinfo-7.2[0m[0m ⏱ 20s 13.2MiB/13.7MiB              [1m 97.0%[0m
┃ [34m│  [0m[34m├─ [0m[34m⏸ user-environment[0m                                    
┃ [34m├─ [0m[34m⏸ etc[0m                                                    
┃ [34m⏸ nixos-system-licht-26.05.20260907.93108a5[0m                 [0m
┣━━━ [1mBuilds          [0m │ [1mDownloads      [0m │ [1mHost                   [0m
┃    [33m   [0m │ [32m✔ [1m23[0m[0m │     │ [33m   [0m │ [32m   [0m │     │ [35m      localhost        [0m
┃    [33m   [0m │ [32m    [0m │     │ [33m↓ [1m1[0m[0m │ [32m↓ [1m9[0m[0m │     │ [35mcache.nixos.org (https)[0m
┗━ ∑ [33m⏵ 0[0m │ [32m✔ [1m23[0m[0m │ [34m⏸ [1m4[0m[0m │ [33m↓ [1m1[0m[0m │ [32m↓ [1m9[0m[0m │ [34m⏸ 0[0m │ [1m⏱ 55s                  [0m[?2026l[?2026h[2K[1F[2K[1F[2K[1F[2K[1F[2K[1F[2K[1F[2K[1F[2K[1F[2K[1F[2K[1F[2K[1F[2K[1F[2K[1F[2K[1F[2K[1F[2K[1F[2K[1F[2K[1F[2K[1F[2K[1F[2K[1F[2K[1F[2K[1F[2K[1F[2K[0m┏━ [1mDependency Graph[0m:
┃ [34m┌─ [0m[32m✔ ensure-all-wrappers-paths-exist[0m [90m[0m                       
┃ [34m├─ [0m[32m✔ stage-2-init.sh[0m [90m[0m                                       
┃ [34m├─ [0m[32m✔ perl-5.42.0-env[0m [90m⏱ 7s[0m                                   
┃ [34m├─ [0m[34m⏸ activate[0m[90m waiting for [0m[33m1 ↓[0m                               
┃ [34m│  [0m   [34m┌─ [0m[32m✔ unit-console-getty.service-disabled[0m [90m[0m             
┃ [34m│  [0m   [34m├─ [0m[32m✔ unit-pipewire-pulse.service-disabled[0m [90m[0m            
┃ [34m│  [0m   [34m├─ [0m[32m✔ unit-pipewire-pulse.socket-disabled[0m [90m[0m             
┃ [34m│  [0m   [34m├─ [0m[32m✔ unit-pipewire.service-disabled[0m [90m[0m                  
┃ [34m│  [0m   [34m├─ [0m[32m✔ unit-pipewire.socket-disabled[0m [90m[0m                   
┃ [34m│  [0m   [34m├─ [0m[32m✔ unit-wireplumber.service-disabled[0m [90m[0m               
┃ [34m│  [0m   [34m│  [0m      [34m┌─ [0m[32m✔ hm_fontconfigconf.d10hmfonts.conf[0m [90m[0m      
┃ [34m│  [0m   [34m│  [0m   [34m┌─ [0m[32m✔ home-manager-files[0m [90m[0m                        
┃ [34m│  [0m   [34m│  [0m[34m┌─ [0m[32m✔ home-manager-generation[0m [90m[0m                      
┃ [34m│  [0m   [34m├─ [0m[32m✔ unit-home-manager-licht.service[0m [90m[0m                 
┃ [34m│  [0m[34m┌─ [0m[32m✔ system-units[0m [90m⏱ 2s[0m                                   
┃ [34m│  [0m[34m│  [0m[34m┌─ [0m[32m✔ home-manager-path[0m [90m⏱ 5s[0m                           
┃ [34m│  [0m[34m│  [0m[34m├─ [0m[1m[33m↓ ⏵ texinfo-7.2[0m[0m ⏱ 20s 13.2MiB/13.7MiB              [1m 97.0%[0m
┃ [34m│  [0m[34m├─ [0m[34m⏸ user-environment[0m                                    
┃ [34m├─ [0m[34m⏸ etc[0m                                                    
┃ [34m⏸ nixos-system-licht-26.05.20260907.93108a5[0m                 [0m
┣━━━ [1mBuilds          [0m │ [1mDownloads      [0m │ [1mHost                   [0m
┃    [33m   [0m │ [32m✔ [1m23[0m[0m │     │ [33m   [0m │ [32m   [0m │     │ [35m      localhost        [0m
┃    [33m   [0m │ [32m    [0m │     │ [33m↓ [1m1[0m[0m │ [32m↓ [1m9[0m[0m │     │ [35mcache.nixos.org (https)[0m
┗━ ∑ [33m⏵ 0[0m │ [32m✔ [1m23[0m[0m │ [34m⏸ [1m4[0m[0m │ [33m↓ [1m1[0m[0m │ [32m↓ [1m9[0m[0m │ [34m⏸ 0[0m │ [1m⏱ 55s                  [0m[?2026l[?2026h[2K[1F[2K[1F[2K[1F[2K[1F[2K[1F[2K[1F[2K[1F[2K[1F[2K[1F[2K[1F[2K[1F[2K[1F[2K[1F[2K[1F[2K[1F[2K[1F[2K[1F[2K[1F[2K[1F[2K[1F[2K[1F[2K[1F[2K[1F[2K[1F[2K[0m┏━ [1mDependency Graph[0m:
┃ [34m┌─ [0m[32m✔ ensure-all-wrappers-paths-exist[0m [90m[0m                       
┃ [34m├─ [0m[32m✔ stage-2-init.sh[0m [90m[0m                                       
┃ [34m├─ [0m[32m✔ perl-5.42.0-env[0m [90m⏱ 7s[0m                                   
┃ [34m├─ [0m[34m⏸ activate[0m[90m waiting for [0m[33m1 ↓[0m                               
┃ [34m│  [0m   [34m┌─ [0m[32m✔ unit-console-getty.service-disabled[0m [90m[0m             
┃ [34m│  [0m   [34m├─ [0m[32m✔ unit-pipewire-pulse.service-disabled[0m [90m[0m            
┃ [34m│  [0m   [34m├─ [0m[32m✔ unit-pipewire-pulse.socket-disabled[0m [90m[0m             
┃ [34m│  [0m   [34m├─ [0m[32m✔ unit-pipewire.service-disabled[0m [90m[0m                  
┃ [34m│  [0m   [34m├─ [0m[32m✔ unit-pipewire.socket-disabled[0m [90m[0m                   
┃ [34m│  [0m   [34m├─ [0m[32m✔ unit-wireplumber.service-disabled[0m [90m[0m               
┃ [34m│  [0m   [34m│  [0m      [34m┌─ [0m[32m✔ hm_fontconfigconf.d10hmfonts.conf[0m [90m[0m      
┃ [34m│  [0m   [34m│  [0m   [34m┌─ [0m[32m✔ home-manager-files[0m [90m[0m                        
┃ [34m│  [0m   [34m│  [0m[34m┌─ [0m[32m✔ home-manager-generation[0m [90m[0m                      
┃ [34m│  [0m   [34m├─ [0m[32m✔ unit-home-manager-licht.service[0m [90m[0m                 
┃ [34m│  [0m[34m┌─ [0m[32m✔ system-units[0m [90m⏱ 2s[0m                                   
┃ [34m│  [0m[34m│  [0m[34m┌─ [0m[32m✔ home-manager-path[0m [90m⏱ 5s[0m                           
┃ [34m│  [0m[34m│  [0m[34m├─ [0m[1m[33m↓ ⏵ texinfo-7.2[0m[0m ⏱ 20s 13.4MiB/13.7MiB              [1m 97.9%[0m
┃ [34m│  [0m[34m├─ [0m[34m⏸ user-environment[0m                                    
┃ [34m├─ [0m[34m⏸ etc[0m                                                    
┃ [34m⏸ nixos-system-licht-26.05.20260907.93108a5[0m                 [0m
┣━━━ [1mBuilds          [0m │ [1mDownloads      [0m │ [1mHost                   [0m
┃    [33m   [0m │ [32m✔ [1m23[0m[0m │     │ [33m   [0m │ [32m   [0m │     │ [35m      localhost        [0m
┃    [33m   [0m │ [32m    [0m │     │ [33m↓ [1m1[0m[0m │ [32m↓ [1m9[0m[0m │     │ [35mcache.nixos.org (https)[0m
┗━ ∑ [33m⏵ 0[0m │ [32m✔ [1m23[0m[0m │ [34m⏸ [1m4[0m[0m │ [33m↓ [1m1[0m[0m │ [32m↓ [1m9[0m[0m │ [34m⏸ 0[0m │ [1m⏱ 55s                  [0m[?2026l[?2026h[2K[1F[2K[1F[2K[1F[2K[1F[2K[1F[2K[1F[2K[1F[2K[1F[2K[1F[2K[1F[2K[1F[2K[1F[2K[1F[2K[1F[2K[1F[2K[1F[2K[1F[2K[1F[2K[1F[2K[1F[2K[1F[2K[1F[2K[1F[2K[1F[2K[0m┏━ [1mDependency Graph[0m:
┃ [34m┌─ [0m[32m✔ ensure-all-wrappers-paths-exist[0m [90m[0m                       
┃ [34m├─ [0m[32m✔ stage-2-init.sh[0m [90m[0m                                       
┃ [34m├─ [0m[32m✔ perl-5.42.0-env[0m [90m⏱ 7s[0m                                   
┃ [34m├─ [0m[34m⏸ activate[0m[90m waiting for [0m[33m1 ↓[0m                               
┃ [34m│  [0m   [34m┌─ [0m[32m✔ unit-console-getty.service-disabled[0m [90m[0m             
┃ [34m│  [0m   [34m├─ [0m[32m✔ unit-pipewire-pulse.service-disabled[0m [90m[0m            
┃ [34m│  [0m   [34m├─ [0m[32m✔ unit-pipewire-pulse.socket-disabled[0m [90m[0m             
┃ [34m│  [0m   [34m├─ [0m[32m✔ unit-pipewire.service-disabled[0m [90m[0m                  
┃ [34m│  [0m   [34m├─ [0m[32m✔ unit-pipewire.socket-disabled[0m [90m[0m                   
┃ [34m│  [0m   [34m├─ [0m[32m✔ unit-wireplumber.service-disabled[0m [90m[0m               
┃ [34m│  [0m   [34m│  [0m      [34m┌─ [0m[32m✔ hm_fontconfigconf.d10hmfonts.conf[0m [90m[0m      
┃ [34m│  [0m   [34m│  [0m   [34m┌─ [0m[32m✔ home-manager-files[0m [90m[0m                        
┃ [34m│  [0m   [34m│  [0m[34m┌─ [0m[32m✔ home-manager-generation[0m [90m[0m                      
┃ [34m│  [0m   [34m├─ [0m[32m✔ unit-home-manager-licht.service[0m [90m[0m                 
┃ [34m│  [0m[34m┌─ [0m[32m✔ system-units[0m [90m⏱ 2s[0m                                   
┃ [34m│  [0m[34m│  [0m[34m┌─ [0m[32m✔ home-manager-path[0m [90m⏱ 5s[0m                           
┃ [34m│  [0m[34m│  [0m[34m├─ [0m[1m[33m↓ ⏵ texinfo-7.2[0m[0m ⏱ 20s 13.4MiB/13.7MiB              [1m 97.9%[0m
┃ [34m│  [0m[34m├─ [0m[34m⏸ user-environment[0m                                    
┃ [34m├─ [0m[34m⏸ etc[0m                                                    
┃ [34m⏸ nixos-system-licht-26.05.20260907.93108a5[0m                 [0m
┣━━━ [1mBuilds          [0m │ [1mDownloads      [0m │ [1mHost                   [0m
┃    [33m   [0m │ [32m✔ [1m23[0m[0m │     │ [33m   [0m │ [32m   [0m │     │ [35m      localhost        [0m
┃    [33m   [0m │ [32m    [0m │     │ [33m↓ [1m1[0m[0m │ [32m↓ [1m9[0m[0m │     │ [35mcache.nixos.org (https)[0m
┗━ ∑ [33m⏵ 0[0m │ [32m✔ [1m23[0m[0m │ [34m⏸ [1m4[0m[0m │ [33m↓ [1m1[0m[0m │ [32m↓ [1m9[0m[0m │ [34m⏸ 0[0m │ [1m⏱ 55s                  [0m[?2026l[?2026h[2K[1F[2K[1F[2K[1F[2K[1F[2K[1F[2K[1F[2K[1F[2K[1F[2K[1F[2K[1F[2K[1F[2K[1F[2K[1F[2K[1F[2K[1F[2K[1F[2K[1F[2K[1F[2K[1F[2K[1F[2K[1F[2K[1F[2K[1F[2K[1F[2K[0m┏━ [1mDependency Graph[0m:
┃ [34m┌─ [0m[32m✔ ensure-all-wrappers-paths-exist[0m [90m[0m                       
┃ [34m├─ [0m[32m✔ stage-2-init.sh[0m [90m[0m                                       
┃ [34m├─ [0m[32m✔ perl-5.42.0-env[0m [90m⏱ 7s[0m                                   
┃ [34m├─ [0m[34m⏸ activate[0m[90m waiting for [0m[33m1 ↓[0m                               
┃ [34m│  [0m   [34m┌─ [0m[32m✔ unit-console-getty.service-disabled[0m [90m[0m             
┃ [34m│  [0m   [34m├─ [0m[32m✔ unit-pipewire-pulse.service-disabled[0m [90m[0m            
┃ [34m│  [0m   [34m├─ [0m[32m✔ unit-pipewire-pulse.socket-disabled[0m [90m[0m             
┃ [34m│  [0m   [34m├─ [0m[32m✔ unit-pipewire.service-disabled[0m [90m[0m                  
┃ [34m│  [0m   [34m├─ [0m[32m✔ unit-pipewire.socket-disabled[0m [90m[0m                   
┃ [34m│  [0m   [34m├─ [0m[32m✔ unit-wireplumber.service-disabled[0m [90m[0m               
┃ [34m│  [0m   [34m│  [0m      [34m┌─ [0m[32m✔ hm_fontconfigconf.d10hmfonts.conf[0m [90m[0m      
┃ [34m│  [0m   [34m│  [0m   [34m┌─ [0m[32m✔ home-manager-files[0m [90m[0m                        
┃ [34m│  [0m   [34m│  [0m[34m┌─ [0m[32m✔ home-manager-generation[0m [90m[0m                      
┃ [34m│  [0m   [34m├─ [0m[32m✔ unit-home-manager-licht.service[0m [90m[0m                 
┃ [34m│  [0m[34m┌─ [0m[32m✔ system-units[0m [90m⏱ 2s[0m                                   
┃ [34m│  [0m[34m│  [0m[34m┌─ [0m[32m✔ home-manager-path[0m [90m⏱ 5s[0m                           
┃ [34m│  [0m[34m│  [0m[34m├─ [0m[1m[33m↓ ⏵ texinfo-7.2[0m[0m ⏱ 20s 13.7MiB/13.7MiB              [1m100.0%[0m
┃ [34m│  [0m[34m├─ [0m[34m⏸ user-environment[0m                                    
┃ [34m├─ [0m[34m⏸ etc[0m                                                    
┃ [34m⏸ nixos-system-licht-26.05.20260907.93108a5[0m                 [0m
┣━━━ [1mBuilds          [0m │ [1mDownloads      [0m │ [1mHost                   [0m
┃    [33m   [0m │ [32m✔ [1m23[0m[0m │     │ [33m   [0m │ [32m   [0m │     │ [35m      localhost        [0m
┃    [33m   [0m │ [32m    [0m │     │ [33m↓ [1m1[0m[0m │ [32m↓ [1m9[0m[0m │     │ [35mcache.nixos.org (https)[0m
┗━ ∑ [33m⏵ 0[0m │ [32m✔ [1m23[0m[0m │ [34m⏸ [1m4[0m[0m │ [33m↓ [1m1[0m[0m │ [32m↓ [1m9[0m[0m │ [34m⏸ 0[0m │ [1m⏱ 56s                  [0m[?2026l[?2026h[2K[1F[2K[1F[2K[1F[2K[1F[2K[1F[2K[1F[2K[1F[2K[1F[2K[1F[2K[1F[2K[1F[2K[1F[2K[1F[2K[1F[2K[1F[2K[1F[2K[1F[2K[1F[2K[1F[2K[1F[2K[1F[2K[1F[2K[1F[2K[1F[2K[0m┏━ [1mDependency Graph[0m:
┃ [34m┌─ [0m[32m✔ ensure-all-wrappers-paths-exist[0m [90m[0m                       
┃ [34m├─ [0m[32m✔ stage-2-init.sh[0m [90m[0m                                       
┃ [34m├─ [0m[32m✔ perl-5.42.0-env[0m [90m⏱ 7s[0m                                   
┃ [34m├─ [0m[34m⏸ activate[0m                                               
┃ [34m│  [0m   [34m┌─ [0m[32m✔ unit-console-getty.service-disabled[0m [90m[0m             
┃ [34m│  [0m   [34m├─ [0m[32m✔ unit-pipewire-pulse.service-disabled[0m [90m[0m            
┃ [34m│  [0m   [34m├─ [0m[32m✔ unit-pipewire-pulse.socket-disabled[0m [90m[0m             
┃ [34m│  [0m   [34m├─ [0m[32m✔ unit-pipewire.service-disabled[0m [90m[0m                  
┃ [34m│  [0m   [34m├─ [0m[32m✔ unit-pipewire.socket-disabled[0m [90m[0m                   
┃ [34m│  [0m   [34m├─ [0m[32m✔ unit-wireplumber.service-disabled[0m [90m[0m               
┃ [34m│  [0m   [34m│  [0m      [34m┌─ [0m[32m✔ hm_fontconfigconf.d10hmfonts.conf[0m [90m[0m      
┃ [34m│  [0m   [34m│  [0m   [34m┌─ [0m[32m✔ home-manager-files[0m [90m[0m                        
┃ [34m│  [0m   [34m│  [0m[34m┌─ [0m[32m✔ home-manager-generation[0m [90m[0m                      
┃ [34m│  [0m   [34m├─ [0m[32m✔ unit-home-manager-licht.service[0m [90m[0m                 
┃ [34m│  [0m[34m┌─ [0m[32m✔ system-units[0m [90m⏱ 2s[0m                                   
┃ [34m│  [0m[34m│  [0m   [34m┌─ [0m[32m✔ dummy-xdg-mime-dirs2[0m [90m[0m                         
┃ [34m│  [0m[34m│  [0m[34m┌─ [0m[32m✔ home-manager-path[0m [90m⏱ 5s[0m                           
┃ [34m│  [0m[34m├─ [0m[34m⏸ user-environment[0m                                    
┃ [34m├─ [0m[34m⏸ etc[0m                                                    
┃ [34m⏸ nixos-system-licht-26.05.20260907.93108a5[0m                 [0m
┣━━━ [1mBuilds          [0m │ [1mDownloads       [0m │ [1mHost                   [0m
┃    [33m   [0m │ [32m✔ [1m23[0m[0m │     │ [33m   [0m │ [32m    [0m │     │ [35m      localhost        [0m
┃    [33m   [0m │ [32m    [0m │     │ [33m   [0m │ [32m↓ [1m10[0m[0m │     │ [35mcache.nixos.org (https)[0m
┗━ ∑ [33m⏵ 0[0m │ [32m✔ [1m23[0m[0m │ [34m⏸ [1m4[0m[0m │ [33m↓ 0[0m │ [32m↓ [1m10[0m[0m │ [34m⏸ 0[0m │ [1m⏱ 56s                  [0m[?2026l[?2026h[2K[1F[2K[1F[2K[1F[2K[1F[2K[1F[2K[1F[2K[1F[2K[1F[2K[1F[2K[1F[2K[1F[2K[1F[2K[1F[2K[1F[2K[1F[2K[1F[2K[1F[2K[1F[2K[1F[2K[1F[2K[1F[2K[1F[2K[1F[2K[1F[2K[0m[34muser-environment> [0mbuilding '/nix/store/fjn69kb7il5vcvm81rbim1zq5v6x8cng-user-environment.drv'
[0m┏━ [1mDependency Graph[0m:
┃ [34m┌─ [0m[32m✔ ensure-all-wrappers-paths-exist[0m [90m[0m                       
┃ [34m├─ [0m[32m✔ stage-2-init.sh[0m [90m[0m                                       
┃ [34m├─ [0m[32m✔ perl-5.42.0-env[0m [90m⏱ 7s[0m                                   
┃ [34m├─ [0m[34m⏸ activate[0m[90m waiting for [0m[33m1 ⏵[0m                               
┃ [34m│  [0m   [34m┌─ [0m[32m✔ unit-console-getty.service-disabled[0m [90m[0m             
┃ [34m│  [0m   [34m├─ [0m[32m✔ unit-pipewire-pulse.service-disabled[0m [90m[0m            
┃ [34m│  [0m   [34m├─ [0m[32m✔ unit-pipewire-pulse.socket-disabled[0m [90m[0m             
┃ [34m│  [0m   [34m├─ [0m[32m✔ unit-pipewire.service-disabled[0m [90m[0m                  
┃ [34m│  [0m   [34m├─ [0m[32m✔ unit-pipewire.socket-disabled[0m [90m[0m                   
┃ [34m│  [0m   [34m├─ [0m[32m✔ unit-wireplumber.service-disabled[0m [90m[0m               
┃ [34m│  [0m   [34m│  [0m      [34m┌─ [0m[32m✔ hm_fontconfigconf.d10hmfonts.conf[0m [90m[0m      
┃ [34m│  [0m   [34m│  [0m   [34m┌─ [0m[32m✔ home-manager-files[0m [90m[0m                        
┃ [34m│  [0m   [34m│  [0m[34m┌─ [0m[32m✔ home-manager-generation[0m [90m[0m                      
┃ [34m│  [0m   [34m├─ [0m[32m✔ unit-home-manager-licht.service[0m [90m[0m                 
┃ [34m│  [0m[34m┌─ [0m[32m✔ system-units[0m [90m⏱ 2s[0m                                   
┃ [34m│  [0m[34m│  [0m   [34m┌─ [0m[32m✔ dummy-xdg-mime-dirs2[0m [90m[0m                         
┃ [34m│  [0m[34m│  [0m[34m┌─ [0m[32m✔ home-manager-path[0m [90m⏱ 5s[0m                           
┃ [34m│  [0m[34m├─ [0m[33m[1m⏵ user-environment[0m[0m                                    
┃ [34m├─ [0m[34m⏸ etc[0m                                                    
┃ [34m⏸ nixos-system-licht-26.05.20260907.93108a5[0m                 [0m
┣━━━ [1mBuilds          [0m │ [1mDownloads       [0m │ [1mHost                   [0m
┃    [33m⏵ [1m1[0m[0m │ [32m✔ [1m23[0m[0m │     │ [33m   [0m │ [32m    [0m │     │ [35m      localhost        [0m
┃    [33m   [0m │ [32m    [0m │     │ [33m   [0m │ [32m↓ [1m10[0m[0m │     │ [35mcache.nixos.org (https)[0m
┗━ ∑ [33m⏵ [1m1[0m[0m │ [32m✔ [1m23[0m[0m │ [34m⏸ [1m3[0m[0m │ [33m↓ 0[0m │ [32m↓ [1m10[0m[0m │ [34m⏸ 0[0m │ [1m⏱ 56s                  [0m[?2026l[?2026h[2K[1F[2K[1F[2K[1F[2K[1F[2K[1F[2K[1F[2K[1F[2K[1F[2K[1F[2K[1F[2K[1F[2K[1F[2K[1F[2K[1F[2K[1F[2K[1F[2K[1F[2K[1F[2K[1F[2K[1F[2K[1F[2K[1F[2K[1F[2K[1F[2K[0m[34muser-environment> [0mstructuredAttrs is enabled
[0m┏━ [1mDependency Graph[0m:
┃ [34m┌─ [0m[32m✔ ensure-all-wrappers-paths-exist[0m [90m[0m                       
┃ [34m├─ [0m[32m✔ stage-2-init.sh[0m [90m[0m                                       
┃ [34m├─ [0m[32m✔ perl-5.42.0-env[0m [90m⏱ 7s[0m                                   
┃ [34m├─ [0m[34m⏸ activate[0m[90m waiting for [0m[33m1 ⏵[0m                               
┃ [34m│  [0m   [34m┌─ [0m[32m✔ unit-console-getty.service-disabled[0m [90m[0m             
┃ [34m│  [0m   [34m├─ [0m[32m✔ unit-pipewire-pulse.service-disabled[0m [90m[0m            
┃ [34m│  [0m   [34m├─ [0m[32m✔ unit-pipewire-pulse.socket-disabled[0m [90m[0m             
┃ [34m│  [0m   [34m├─ [0m[32m✔ unit-pipewire.service-disabled[0m [90m[0m                  
┃ [34m│  [0m   [34m├─ [0m[32m✔ unit-pipewire.socket-disabled[0m [90m[0m                   
┃ [34m│  [0m   [34m├─ [0m[32m✔ unit-wireplumber.service-disabled[0m [90m[0m               
┃ [34m│  [0m   [34m│  [0m      [34m┌─ [0m[32m✔ hm_fontconfigconf.d10hmfonts.conf[0m [90m[0m      
┃ [34m│  [0m   [34m│  [0m   [34m┌─ [0m[32m✔ home-manager-files[0m [90m[0m                        
┃ [34m│  [0m   [34m│  [0m[34m┌─ [0m[32m✔ home-manager-generation[0m [90m[0m                      
┃ [34m│  [0m   [34m├─ [0m[32m✔ unit-home-manager-licht.service[0m [90m[0m                 
┃ [34m│  [0m[34m┌─ [0m[32m✔ system-units[0m [90m⏱ 2s[0m                                   
┃ [34m│  [0m[34m│  [0m   [34m┌─ [0m[32m✔ dummy-xdg-mime-dirs2[0m [90m[0m                         
┃ [34m│  [0m[34m│  [0m[34m┌─ [0m[32m✔ home-manager-path[0m [90m⏱ 5s[0m                           
┃ [34m│  [0m[34m├─ [0m[33m[1m⏵ user-environment[0m[0m                                    
┃ [34m├─ [0m[34m⏸ etc[0m                                                    
┃ [34m⏸ nixos-system-licht-26.05.20260907.93108a5[0m                 [0m
┣━━━ [1mBuilds          [0m │ [1mDownloads       [0m │ [1mHost                   [0m
┃    [33m⏵ [1m1[0m[0m │ [32m✔ [1m23[0m[0m │     │ [33m   [0m │ [32m    [0m │     │ [35m      localhost        [0m
┃    [33m   [0m │ [32m    [0m │     │ [33m   [0m │ [32m↓ [1m10[0m[0m │     │ [35mcache.nixos.org (https)[0m
┗━ ∑ [33m⏵ [1m1[0m[0m │ [32m✔ [1m23[0m[0m │ [34m⏸ [1m3[0m[0m │ [33m↓ 0[0m │ [32m↓ [1m10[0m[0m │ [34m⏸ 0[0m │ [1m⏱ 56s                  [0m[?2026l[?2026h[2K[1F[2K[1F[2K[1F[2K[1F[2K[1F[2K[1F[2K[1F[2K[1F[2K[1F[2K[1F[2K[1F[2K[1F[2K[1F[2K[1F[2K[1F[2K[1F[2K[1F[2K[1F[2K[1F[2K[1F[2K[1F[2K[1F[2K[1F[2K[1F[2K[0m[34muser-environment> [0mcreated 720 symlinks in user environment
[0m┏━ [1mDependency Graph[0m:
┃ [34m┌─ [0m[32m✔ ensure-all-wrappers-paths-exist[0m [90m[0m                       
┃ [34m├─ [0m[32m✔ stage-2-init.sh[0m [90m[0m                                       
┃ [34m├─ [0m[32m✔ perl-5.42.0-env[0m [90m⏱ 7s[0m                                   
┃ [34m├─ [0m[34m⏸ activate[0m[90m waiting for [0m[33m1 ⏵[0m                               
┃ [34m│  [0m   [34m┌─ [0m[32m✔ unit-console-getty.service-disabled[0m [90m[0m             
┃ [34m│  [0m   [34m├─ [0m[32m✔ unit-pipewire-pulse.service-disabled[0m [90m[0m            
┃ [34m│  [0m   [34m├─ [0m[32m✔ unit-pipewire-pulse.socket-disabled[0m [90m[0m             
┃ [34m│  [0m   [34m├─ [0m[32m✔ unit-pipewire.service-disabled[0m [90m[0m                  
┃ [34m│  [0m   [34m├─ [0m[32m✔ unit-pipewire.socket-disabled[0m [90m[0m                   
┃ [34m│  [0m   [34m├─ [0m[32m✔ unit-wireplumber.service-disabled[0m [90m[0m               
┃ [34m│  [0m   [34m│  [0m      [34m┌─ [0m[32m✔ hm_fontconfigconf.d10hmfonts.conf[0m [90m[0m      
┃ [34m│  [0m   [34m│  [0m   [34m┌─ [0m[32m✔ home-manager-files[0m [90m[0m                        
┃ [34m│  [0m   [34m│  [0m[34m┌─ [0m[32m✔ home-manager-generation[0m [90m[0m                      
┃ [34m│  [0m   [34m├─ [0m[32m✔ unit-home-manager-licht.service[0m [90m[0m                 
┃ [34m│  [0m[34m┌─ [0m[32m✔ system-units[0m [90m⏱ 2s[0m                                   
┃ [34m│  [0m[34m│  [0m   [34m┌─ [0m[32m✔ dummy-xdg-mime-dirs2[0m [90m[0m                         
┃ [34m│  [0m[34m│  [0m[34m┌─ [0m[32m✔ home-manager-path[0m [90m⏱ 5s[0m                           
┃ [34m│  [0m[34m├─ [0m[33m[1m⏵ user-environment[0m[0m                                    
┃ [34m├─ [0m[34m⏸ etc[0m                                                    
┃ [34m⏸ nixos-system-licht-26.05.20260907.93108a5[0m                 [0m
┣━━━ [1mBuilds          [0m │ [1mDownloads       [0m │ [1mHost                   [0m
┃    [33m⏵ [1m1[0m[0m │ [32m✔ [1m23[0m[0m │     │ [33m   [0m │ [32m    [0m │     │ [35m      localhost        [0m
┃    [33m   [0m │ [32m    [0m │     │ [33m   [0m │ [32m↓ [1m10[0m[0m │     │ [35mcache.nixos.org (https)[0m
┗━ ∑ [33m⏵ [1m1[0m[0m │ [32m✔ [1m23[0m[0m │ [34m⏸ [1m3[0m[0m │ [33m↓ 0[0m │ [32m↓ [1m10[0m[0m │ [34m⏸ 0[0m │ [1m⏱ 56s                  [0m[?2026l[?2026h[2K[1F[2K[1F[2K[1F[2K[1F[2K[1F[2K[1F[2K[1F[2K[1F[2K[1F[2K[1F[2K[1F[2K[1F[2K[1F[2K[1F[2K[1F[2K[1F[2K[1F[2K[1F[2K[1F[2K[1F[2K[1F[2K[1F[2K[1F[2K[1F[2K[0m┏━ [1mDependency Graph[0m:
┃ [34m┌─ [0m[32m✔ ensure-all-wrappers-paths-exist[0m [90m[0m                       
┃ [34m├─ [0m[32m✔ stage-2-init.sh[0m [90m[0m                                       
┃ [34m├─ [0m[32m✔ perl-5.42.0-env[0m [90m⏱ 7s[0m                                   
┃ [34m├─ [0m[34m⏸ activate[0m                                               
┃ [34m│  [0m   [34m┌─ [0m[32m✔ unit-console-getty.service-disabled[0m [90m[0m             
┃ [34m│  [0m   [34m├─ [0m[32m✔ unit-pipewire-pulse.service-disabled[0m [90m[0m            
┃ [34m│  [0m   [34m├─ [0m[32m✔ unit-pipewire-pulse.socket-disabled[0m [90m[0m             
┃ [34m│  [0m   [34m├─ [0m[32m✔ unit-pipewire.service-disabled[0m [90m[0m                  
┃ [34m│  [0m   [34m├─ [0m[32m✔ unit-pipewire.socket-disabled[0m [90m[0m                   
┃ [34m│  [0m   [34m├─ [0m[32m✔ unit-wireplumber.service-disabled[0m [90m[0m               
┃ [34m│  [0m   [34m│  [0m      [34m┌─ [0m[32m✔ hm_fontconfigconf.d10hmfonts.conf[0m [90m[0m      
┃ [34m│  [0m   [34m│  [0m   [34m┌─ [0m[32m✔ home-manager-files[0m [90m[0m                        
┃ [34m│  [0m   [34m│  [0m[34m┌─ [0m[32m✔ home-manager-generation[0m [90m[0m                      
┃ [34m│  [0m   [34m├─ [0m[32m✔ unit-home-manager-licht.service[0m [90m[0m                 
┃ [34m│  [0m[34m┌─ [0m[32m✔ system-units[0m [90m⏱ 2s[0m                                   
┃ [34m│  [0m[34m│  [0m   [34m┌─ [0m[32m✔ dummy-xdg-mime-dirs2[0m [90m[0m                         
┃ [34m│  [0m[34m│  [0m[34m┌─ [0m[32m✔ home-manager-path[0m [90m⏱ 5s[0m                           
┃ [34m│  [0m[34m├─ [0m[32m✔ user-environment[0m [90m⏱ 1s[0m                               
┃ [34m├─ [0m[34m⏸ etc[0m                                                    
┃ [34m⏸ nixos-system-licht-26.05.20260907.93108a5[0m                 [0m
┣━━━ [1mBuilds          [0m │ [1mDownloads       [0m │ [1mHost                   [0m
┃    [33m   [0m │ [32m✔ [1m24[0m[0m │     │ [33m   [0m │ [32m    [0m │     │ [35m      localhost        [0m
┃    [33m   [0m │ [32m    [0m │     │ [33m   [0m │ [32m↓ [1m10[0m[0m │     │ [35mcache.nixos.org (https)[0m
┗━ ∑ [33m⏵ 0[0m │ [32m✔ [1m24[0m[0m │ [34m⏸ [1m3[0m[0m │ [33m↓ 0[0m │ [32m↓ [1m10[0m[0m │ [34m⏸ 0[0m │ [1m⏱ 57s                  [0m[?2026l[?2026h[2K[1F[2K[1F[2K[1F[2K[1F[2K[1F[2K[1F[2K[1F[2K[1F[2K[1F[2K[1F[2K[1F[2K[1F[2K[1F[2K[1F[2K[1F[2K[1F[2K[1F[2K[1F[2K[1F[2K[1F[2K[1F[2K[1F[2K[1F[2K[1F[2K[0m[34metc> [0mbuilding '/nix/store/1g0fk5xb9g6h7g3kazxfkv9f5hy95wh5-etc.drv'
[0m┏━ [1mDependency Graph[0m:
┃ [34m┌─ [0m[32m✔ ensure-all-wrappers-paths-exist[0m [90m[0m                       
┃ [34m├─ [0m[32m✔ stage-2-init.sh[0m [90m[0m                                       
┃ [34m├─ [0m[32m✔ perl-5.42.0-env[0m [90m⏱ 7s[0m                                   
┃ [34m├─ [0m[34m⏸ activate[0m[90m waiting for [0m[33m1 ⏵[0m                               
┃ [34m│  [0m   [34m┌─ [0m[32m✔ unit-console-getty.service-disabled[0m [90m[0m             
┃ [34m│  [0m   [34m├─ [0m[32m✔ unit-pipewire-pulse.service-disabled[0m [90m[0m            
┃ [34m│  [0m   [34m├─ [0m[32m✔ unit-pipewire-pulse.socket-disabled[0m [90m[0m             
┃ [34m│  [0m   [34m├─ [0m[32m✔ unit-pipewire.service-disabled[0m [90m[0m                  
┃ [34m│  [0m   [34m├─ [0m[32m✔ unit-pipewire.socket-disabled[0m [90m[0m                   
┃ [34m│  [0m   [34m├─ [0m[32m✔ unit-wireplumber.service-disabled[0m [90m[0m               
┃ [34m│  [0m   [34m│  [0m      [34m┌─ [0m[32m✔ hm_fontconfigconf.d10hmfonts.conf[0m [90m[0m      
┃ [34m│  [0m   [34m│  [0m   [34m┌─ [0m[32m✔ home-manager-files[0m [90m[0m                        
┃ [34m│  [0m   [34m│  [0m[34m┌─ [0m[32m✔ home-manager-generation[0m [90m[0m                      
┃ [34m│  [0m   [34m├─ [0m[32m✔ unit-home-manager-licht.service[0m [90m[0m                 
┃ [34m│  [0m[34m┌─ [0m[32m✔ system-units[0m [90m⏱ 2s[0m                                   
┃ [34m│  [0m[34m│  [0m   [34m┌─ [0m[32m✔ dummy-xdg-mime-dirs2[0m [90m[0m                         
┃ [34m│  [0m[34m│  [0m[34m┌─ [0m[32m✔ home-manager-path[0m [90m⏱ 5s[0m                           
┃ [34m│  [0m[34m├─ [0m[32m✔ user-environment[0m [90m⏱ 1s[0m                               
┃ [34m├─ [0m[33m[1m⏵ etc[0m[0m                                                    
┃ [34m⏸ nixos-system-licht-26.05.20260907.93108a5[0m                 [0m
┣━━━ [1mBuilds          [0m │ [1mDownloads       [0m │ [1mHost                   [0m
┃    [33m⏵ [1m1[0m[0m │ [32m✔ [1m24[0m[0m │     │ [33m   [0m │ [32m    [0m │     │ [35m      localhost        [0m
┃    [33m   [0m │ [32m    [0m │     │ [33m   [0m │ [32m↓ [1m10[0m[0m │     │ [35mcache.nixos.org (https)[0m
┗━ ∑ [33m⏵ [1m1[0m[0m │ [32m✔ [1m24[0m[0m │ [34m⏸ [1m2[0m[0m │ [33m↓ 0[0m │ [32m↓ [1m10[0m[0m │ [34m⏸ 0[0m │ [1m⏱ 57s                  [0m[?2026l[?2026h[2K[1F[2K[1F[2K[1F[2K[1F[2K[1F[2K[1F[2K[1F[2K[1F[2K[1F[2K[1F[2K[1F[2K[1F[2K[1F[2K[1F[2K[1F[2K[1F[2K[1F[2K[1F[2K[1F[2K[1F[2K[1F[2K[1F[2K[1F[2K[1F[2K[0m┏━ [1mDependency Graph[0m:
┃ [34m┌─ [0m[32m✔ ensure-all-wrappers-paths-exist[0m [90m[0m                       
┃ [34m├─ [0m[32m✔ stage-2-init.sh[0m [90m[0m                                       
┃ [34m├─ [0m[32m✔ perl-5.42.0-env[0m [90m⏱ 7s[0m                                   
┃ [34m├─ [0m[34m⏸ activate[0m[90m waiting for [0m[33m1 ⏵[0m                               
┃ [34m│  [0m   [34m┌─ [0m[32m✔ unit-console-getty.service-disabled[0m [90m[0m             
┃ [34m│  [0m   [34m├─ [0m[32m✔ unit-pipewire-pulse.service-disabled[0m [90m[0m            
┃ [34m│  [0m   [34m├─ [0m[32m✔ unit-pipewire-pulse.socket-disabled[0m [90m[0m             
┃ [34m│  [0m   [34m├─ [0m[32m✔ unit-pipewire.service-disabled[0m [90m[0m                  
┃ [34m│  [0m   [34m├─ [0m[32m✔ unit-pipewire.socket-disabled[0m [90m[0m                   
┃ [34m│  [0m   [34m├─ [0m[32m✔ unit-wireplumber.service-disabled[0m [90m[0m               
┃ [34m│  [0m   [34m│  [0m      [34m┌─ [0m[32m✔ hm_fontconfigconf.d10hmfonts.conf[0m [90m[0m      
┃ [34m│  [0m   [34m│  [0m   [34m┌─ [0m[32m✔ home-manager-files[0m [90m[0m                        
┃ [34m│  [0m   [34m│  [0m[34m┌─ [0m[32m✔ home-manager-generation[0m [90m[0m                      
┃ [34m│  [0m   [34m├─ [0m[32m✔ unit-home-manager-licht.service[0m [90m[0m                 
┃ [34m│  [0m[34m┌─ [0m[32m✔ system-units[0m [90m⏱ 2s[0m                                   
┃ [34m│  [0m[34m│  [0m   [34m┌─ [0m[32m✔ dummy-xdg-mime-dirs2[0m [90m[0m                         
┃ [34m│  [0m[34m│  [0m[34m┌─ [0m[32m✔ home-manager-path[0m [90m⏱ 5s[0m                           
┃ [34m│  [0m[34m├─ [0m[32m✔ user-environment[0m [90m⏱ 1s[0m                               
┃ [34m├─ [0m[33m[1m⏵ etc[0m[0m ⏱ 1s (∅ 1s)                                        
┃ [34m⏸ nixos-system-licht-26.05.20260907.93108a5[0m                 [0m
┣━━━ [1mBuilds          [0m │ [1mDownloads       [0m │ [1mHost                   [0m
┃    [33m⏵ [1m1[0m[0m │ [32m✔ [1m24[0m[0m │     │ [33m   [0m │ [32m    [0m │     │ [35m      localhost        [0m
┃    [33m   [0m │ [32m    [0m │     │ [33m   [0m │ [32m↓ [1m10[0m[0m │     │ [35mcache.nixos.org (https)[0m
┗━ ∑ [33m⏵ [1m1[0m[0m │ [32m✔ [1m24[0m[0m │ [34m⏸ [1m2[0m[0m │ [33m↓ 0[0m │ [32m↓ [1m10[0m[0m │ [34m⏸ 0[0m │ [1m⏱ 58s                  [0m[?2026l[?2026h[2K[1F[2K[1F[2K[1F[2K[1F[2K[1F[2K[1F[2K[1F[2K[1F[2K[1F[2K[1F[2K[1F[2K[1F[2K[1F[2K[1F[2K[1F[2K[1F[2K[1F[2K[1F[2K[1F[2K[1F[2K[1F[2K[1F[2K[1F[2K[1F[2K[0m┏━ [1mDependency Graph[0m:
┃ [34m┌─ [0m[32m✔ ensure-all-wrappers-paths-exist[0m [90m[0m                       
┃ [34m├─ [0m[32m✔ stage-2-init.sh[0m [90m[0m                                       
┃ [34m├─ [0m[32m✔ perl-5.42.0-env[0m [90m⏱ 7s[0m                                   
┃ [34m├─ [0m[34m⏸ activate[0m                                               
┃ [34m│  [0m   [34m┌─ [0m[32m✔ unit-console-getty.service-disabled[0m [90m[0m             
┃ [34m│  [0m   [34m├─ [0m[32m✔ unit-pipewire-pulse.service-disabled[0m [90m[0m            
┃ [34m│  [0m   [34m├─ [0m[32m✔ unit-pipewire-pulse.socket-disabled[0m [90m[0m             
┃ [34m│  [0m   [34m├─ [0m[32m✔ unit-pipewire.service-disabled[0m [90m[0m                  
┃ [34m│  [0m   [34m├─ [0m[32m✔ unit-pipewire.socket-disabled[0m [90m[0m                   
┃ [34m│  [0m   [34m├─ [0m[32m✔ unit-wireplumber.service-disabled[0m [90m[0m               
┃ [34m│  [0m   [34m│  [0m      [34m┌─ [0m[32m✔ hm_fontconfigconf.d10hmfonts.conf[0m [90m[0m      
┃ [34m│  [0m   [34m│  [0m   [34m┌─ [0m[32m✔ home-manager-files[0m [90m[0m                        
┃ [34m│  [0m   [34m│  [0m[34m┌─ [0m[32m✔ home-manager-generation[0m [90m[0m                      
┃ [34m│  [0m   [34m├─ [0m[32m✔ unit-home-manager-licht.service[0m [90m[0m                 
┃ [34m│  [0m[34m┌─ [0m[32m✔ system-units[0m [90m⏱ 2s[0m                                   
┃ [34m│  [0m[34m│  [0m   [34m┌─ [0m[32m✔ dummy-xdg-mime-dirs2[0m [90m[0m                         
┃ [34m│  [0m[34m│  [0m[34m┌─ [0m[32m✔ home-manager-path[0m [90m⏱ 5s[0m                           
┃ [34m│  [0m[34m├─ [0m[32m✔ user-environment[0m [90m⏱ 1s[0m                               
┃ [34m├─ [0m[32m✔ etc[0m [90m⏱ 1s[0m                                               
┃ [34m⏸ nixos-system-licht-26.05.20260907.93108a5[0m                 [0m
┣━━━ [1mBuilds          [0m │ [1mDownloads       [0m │ [1mHost                   [0m
┃    [33m   [0m │ [32m✔ [1m25[0m[0m │     │ [33m   [0m │ [32m    [0m │     │ [35m      localhost        [0m
┃    [33m   [0m │ [32m    [0m │     │ [33m   [0m │ [32m↓ [1m10[0m[0m │     │ [35mcache.nixos.org (https)[0m
┗━ ∑ [33m⏵ 0[0m │ [32m✔ [1m25[0m[0m │ [34m⏸ [1m2[0m[0m │ [33m↓ 0[0m │ [32m↓ [1m10[0m[0m │ [34m⏸ 0[0m │ [1m⏱ 58s                  [0m[?2026l[?2026h[2K[1F[2K[1F[2K[1F[2K[1F[2K[1F[2K[1F[2K[1F[2K[1F[2K[1F[2K[1F[2K[1F[2K[1F[2K[1F[2K[1F[2K[1F[2K[1F[2K[1F[2K[1F[2K[1F[2K[1F[2K[1F[2K[1F[2K[1F[2K[1F[2K[0m[34mactivate> [0mbuilding '/nix/store/ay7954qpbycnghjh9cxr2mh01vfhh86w-activate.drv'
[0m┏━ [1mDependency Graph[0m:
┃ [34m┌─ [0m[32m✔ ensure-all-wrappers-paths-exist[0m [90m[0m                       
┃ [34m├─ [0m[32m✔ stage-2-init.sh[0m [90m[0m                                       
┃ [34m├─ [0m[32m✔ perl-5.42.0-env[0m [90m⏱ 7s[0m                                   
┃ [34m│  [0m      [34m┌─ [0m[32m✔ unit-console-getty.service-disabled[0m [90m[0m          
┃ [34m│  [0m      [34m├─ [0m[32m✔ unit-pipewire-pulse.service-disabled[0m [90m[0m         
┃ [34m│  [0m      [34m├─ [0m[32m✔ unit-pipewire-pulse.socket-disabled[0m [90m[0m          
┃ [34m│  [0m      [34m├─ [0m[32m✔ unit-pipewire.service-disabled[0m [90m[0m               
┃ [34m│  [0m      [34m├─ [0m[32m✔ unit-pipewire.socket-disabled[0m [90m[0m                
┃ [34m│  [0m      [34m├─ [0m[32m✔ unit-wireplumber.service-disabled[0m [90m[0m            
┃ [34m│  [0m      [34m│  [0m      [34m┌─ [0m[32m✔ hm_fontconfigconf.d10hmfonts.conf[0m [90m[0m   
┃ [34m│  [0m      [34m│  [0m   [34m┌─ [0m[32m✔ home-manager-files[0m [90m[0m                     
┃ [34m│  [0m      [34m│  [0m[34m┌─ [0m[32m✔ home-manager-generation[0m [90m[0m                   
┃ [34m│  [0m      [34m├─ [0m[32m✔ unit-home-manager-licht.service[0m [90m[0m              
┃ [34m│  [0m   [34m┌─ [0m[32m✔ system-units[0m [90m⏱ 2s[0m                                
┃ [34m│  [0m   [34m│  [0m   [34m┌─ [0m[32m✔ dummy-xdg-mime-dirs2[0m [90m[0m                      
┃ [34m│  [0m   [34m│  [0m[34m┌─ [0m[32m✔ home-manager-path[0m [90m⏱ 5s[0m                        
┃ [34m│  [0m   [34m├─ [0m[32m✔ user-environment[0m [90m⏱ 1s[0m                            
┃ [34m│  [0m[34m┌─ [0m[32m✔ etc[0m [90m⏱ 1s[0m                                            
┃ [34m├─ [0m[33m[1m⏵ activate[0m[0m                                               
┃ [34m⏸ nixos-system-licht-26.05.20260907.93108a5[0m                 [0m
┣━━━ [1mBuilds          [0m │ [1mDownloads       [0m │ [1mHost                   [0m
┃    [33m⏵ [1m1[0m[0m │ [32m✔ [1m25[0m[0m │     │ [33m   [0m │ [32m    [0m │     │ [35m      localhost        [0m
┃    [33m   [0m │ [32m    [0m │     │ [33m   [0m │ [32m↓ [1m10[0m[0m │     │ [35mcache.nixos.org (https)[0m
┗━ ∑ [33m⏵ [1m1[0m[0m │ [32m✔ [1m25[0m[0m │ [34m⏸ [1m1[0m[0m │ [33m↓ 0[0m │ [32m↓ [1m10[0m[0m │ [34m⏸ 0[0m │ [1m⏱ 59s                  [0m[?2026l[?2026h[2K[1F[2K[1F[2K[1F[2K[1F[2K[1F[2K[1F[2K[1F[2K[1F[2K[1F[2K[1F[2K[1F[2K[1F[2K[1F[2K[1F[2K[1F[2K[1F[2K[1F[2K[1F[2K[1F[2K[1F[2K[1F[2K[1F[2K[1F[2K[1F[2K[0m┏━ [1mDependency Graph[0m:
┃ [34m┌─ [0m[32m✔ ensure-all-wrappers-paths-exist[0m [90m[0m                       
┃ [34m├─ [0m[32m✔ stage-2-init.sh[0m [90m[0m                                       
┃ [34m├─ [0m[32m✔ perl-5.42.0-env[0m [90m⏱ 7s[0m                                   
┃ [34m│  [0m      [34m┌─ [0m[32m✔ unit-console-getty.service-disabled[0m [90m[0m          
┃ [34m│  [0m      [34m├─ [0m[32m✔ unit-pipewire-pulse.service-disabled[0m [90m[0m         
┃ [34m│  [0m      [34m├─ [0m[32m✔ unit-pipewire-pulse.socket-disabled[0m [90m[0m          
┃ [34m│  [0m      [34m├─ [0m[32m✔ unit-pipewire.service-disabled[0m [90m[0m               
┃ [34m│  [0m      [34m├─ [0m[32m✔ unit-pipewire.socket-disabled[0m [90m[0m                
┃ [34m│  [0m      [34m├─ [0m[32m✔ unit-wireplumber.service-disabled[0m [90m[0m            
┃ [34m│  [0m      [34m│  [0m      [34m┌─ [0m[32m✔ hm_fontconfigconf.d10hmfonts.conf[0m [90m[0m   
┃ [34m│  [0m      [34m│  [0m   [34m┌─ [0m[32m✔ home-manager-files[0m [90m[0m                     
┃ [34m│  [0m      [34m│  [0m[34m┌─ [0m[32m✔ home-manager-generation[0m [90m[0m                   
┃ [34m│  [0m      [34m├─ [0m[32m✔ unit-home-manager-licht.service[0m [90m[0m              
┃ [34m│  [0m   [34m┌─ [0m[32m✔ system-units[0m [90m⏱ 2s[0m                                
┃ [34m│  [0m   [34m│  [0m   [34m┌─ [0m[32m✔ dummy-xdg-mime-dirs2[0m [90m[0m                      
┃ [34m│  [0m   [34m│  [0m[34m┌─ [0m[32m✔ home-manager-path[0m [90m⏱ 5s[0m                        
┃ [34m│  [0m   [34m├─ [0m[32m✔ user-environment[0m [90m⏱ 1s[0m                            
┃ [34m│  [0m[34m┌─ [0m[32m✔ etc[0m [90m⏱ 1s[0m                                            
┃ [34m├─ [0m[32m✔ activate[0m [90m[0m                                              
┃ [34m⏸ nixos-system-licht-26.05.20260907.93108a5[0m                 [0m
┣━━━ [1mBuilds          [0m │ [1mDownloads       [0m │ [1mHost                   [0m
┃    [33m   [0m │ [32m✔ [1m26[0m[0m │     │ [33m   [0m │ [32m    [0m │     │ [35m      localhost        [0m
┃    [33m   [0m │ [32m    [0m │     │ [33m   [0m │ [32m↓ [1m10[0m[0m │     │ [35mcache.nixos.org (https)[0m
┗━ ∑ [33m⏵ 0[0m │ [32m✔ [1m26[0m[0m │ [34m⏸ [1m1[0m[0m │ [33m↓ 0[0m │ [32m↓ [1m10[0m[0m │ [34m⏸ 0[0m │ [1m⏱ 59s                  [0m[?2026l[?2026h[2K[1F[2K[1F[2K[1F[2K[1F[2K[1F[2K[1F[2K[1F[2K[1F[2K[1F[2K[1F[2K[1F[2K[1F[2K[1F[2K[1F[2K[1F[2K[1F[2K[1F[2K[1F[2K[1F[2K[1F[2K[1F[2K[1F[2K[1F[2K[1F[2K[0m[34mnixos-system-licht-26.05.20260907.93108a> [0mbuilding '/nix/store/nhbpnl8mbdcsam7yvdph39r30kwk6mvx-nixos-system-licht-26.05.20260907.93108a5.drv'
[0m┏━ [1mDependency Graph[0m:
┃ [34m┌─ [0m[32m✔ ensure-all-wrappers-paths-exist[0m [90m[0m                       
┃ [34m├─ [0m[32m✔ stage-2-init.sh[0m [90m[0m                                       
┃ [34m├─ [0m[32m✔ perl-5.42.0-env[0m [90m⏱ 7s[0m                                   
┃ [34m│  [0m      [34m┌─ [0m[32m✔ unit-console-getty.service-disabled[0m [90m[0m          
┃ [34m│  [0m      [34m├─ [0m[32m✔ unit-pipewire-pulse.service-disabled[0m [90m[0m         
┃ [34m│  [0m      [34m├─ [0m[32m✔ unit-pipewire-pulse.socket-disabled[0m [90m[0m          
┃ [34m│  [0m      [34m├─ [0m[32m✔ unit-pipewire.service-disabled[0m [90m[0m               
┃ [34m│  [0m      [34m├─ [0m[32m✔ unit-pipewire.socket-disabled[0m [90m[0m                
┃ [34m│  [0m      [34m├─ [0m[32m✔ unit-wireplumber.service-disabled[0m [90m[0m            
┃ [34m│  [0m      [34m│  [0m      [34m┌─ [0m[32m✔ hm_fontconfigconf.d10hmfonts.conf[0m [90m[0m   
┃ [34m│  [0m      [34m│  [0m   [34m┌─ [0m[32m✔ home-manager-files[0m [90m[0m                     
┃ [34m│  [0m      [34m│  [0m[34m┌─ [0m[32m✔ home-manager-generation[0m [90m[0m                   
┃ [34m│  [0m      [34m├─ [0m[32m✔ unit-home-manager-licht.service[0m [90m[0m              
┃ [34m│  [0m   [34m┌─ [0m[32m✔ system-units[0m [90m⏱ 2s[0m                                
┃ [34m│  [0m   [34m│  [0m   [34m┌─ [0m[32m✔ dummy-xdg-mime-dirs2[0m [90m[0m                      
┃ [34m│  [0m   [34m│  [0m[34m┌─ [0m[32m✔ home-manager-path[0m [90m⏱ 5s[0m                        
┃ [34m│  [0m   [34m├─ [0m[32m✔ user-environment[0m [90m⏱ 1s[0m                            
┃ [34m│  [0m[34m┌─ [0m[32m✔ etc[0m [90m⏱ 1s[0m                                            
┃ [34m├─ [0m[32m✔ activate[0m [90m[0m                                              
┃ [33m[1m⏵ nixos-system-licht-26.05.20260907.93108a5[0m[0m                 [0m
┣━━━ [1mBuilds          [0m │ [1mDownloads       [0m │ [1mHost                   [0m
┃    [33m⏵ [1m1[0m[0m │ [32m✔ [1m26[0m[0m │     │ [33m   [0m │ [32m    [0m │     │ [35m      localhost        [0m
┃    [33m   [0m │ [32m    [0m │     │ [33m   [0m │ [32m↓ [1m10[0m[0m │     │ [35mcache.nixos.org (https)[0m
┗━ ∑ [33m⏵ [1m1[0m[0m │ [32m✔ [1m26[0m[0m │ [34m⏸ 0[0m │ [33m↓ 0[0m │ [32m↓ [1m10[0m[0m │ [34m⏸ 0[0m │ [1m⏱ 59s                  [0m[?2026l[?2026h[2K[1F[2K[1F[2K[1F[2K[1F[2K[1F[2K[1F[2K[1F[2K[1F[2K[1F[2K[1F[2K[1F[2K[1F[2K[1F[2K[1F[2K[1F[2K[1F[2K[1F[2K[1F[2K[1F[2K[1F[2K[1F[2K[1F[2K[1F[2K[1F[2K[0m[34mnixos-system-licht-26.05.20260907.93108a> [0mstructuredAttrs is enabled
[0m┏━ [1mDependency Graph[0m:
┃ [34m┌─ [0m[32m✔ ensure-all-wrappers-paths-exist[0m [90m[0m                       
┃ [34m├─ [0m[32m✔ stage-2-init.sh[0m [90m[0m                                       
┃ [34m├─ [0m[32m✔ perl-5.42.0-env[0m [90m⏱ 7s[0m                                   
┃ [34m│  [0m      [34m┌─ [0m[32m✔ unit-console-getty.service-disabled[0m [90m[0m          
┃ [34m│  [0m      [34m├─ [0m[32m✔ unit-pipewire-pulse.service-disabled[0m [90m[0m         
┃ [34m│  [0m      [34m├─ [0m[32m✔ unit-pipewire-pulse.socket-disabled[0m [90m[0m          
┃ [34m│  [0m      [34m├─ [0m[32m✔ unit-pipewire.service-disabled[0m [90m[0m               
┃ [34m│  [0m      [34m├─ [0m[32m✔ unit-pipewire.socket-disabled[0m [90m[0m                
┃ [34m│  [0m      [34m├─ [0m[32m✔ unit-wireplumber.service-disabled[0m [90m[0m            
┃ [34m│  [0m      [34m│  [0m      [34m┌─ [0m[32m✔ hm_fontconfigconf.d10hmfonts.conf[0m [90m[0m   
┃ [34m│  [0m      [34m│  [0m   [34m┌─ [0m[32m✔ home-manager-files[0m [90m[0m                     
┃ [34m│  [0m      [34m│  [0m[34m┌─ [0m[32m✔ home-manager-generation[0m [90m[0m                   
┃ [34m│  [0m      [34m├─ [0m[32m✔ unit-home-manager-licht.service[0m [90m[0m              
┃ [34m│  [0m   [34m┌─ [0m[32m✔ system-units[0m [90m⏱ 2s[0m                                
┃ [34m│  [0m   [34m│  [0m   [34m┌─ [0m[32m✔ dummy-xdg-mime-dirs2[0m [90m[0m                      
┃ [34m│  [0m   [34m│  [0m[34m┌─ [0m[32m✔ home-manager-path[0m [90m⏱ 5s[0m                        
┃ [34m│  [0m   [34m├─ [0m[32m✔ user-environment[0m [90m⏱ 1s[0m                            
┃ [34m│  [0m[34m┌─ [0m[32m✔ etc[0m [90m⏱ 1s[0m                                            
┃ [34m├─ [0m[32m✔ activate[0m [90m[0m                                              
┃ [33m[1m⏵ nixos-system-licht-26.05.20260907.93108a5[0m[0m                 [0m
┣━━━ [1mBuilds          [0m │ [1mDownloads       [0m │ [1mHost                   [0m
┃    [33m⏵ [1m1[0m[0m │ [32m✔ [1m26[0m[0m │     │ [33m   [0m │ [32m    [0m │     │ [35m      localhost        [0m
┃    [33m   [0m │ [32m    [0m │     │ [33m   [0m │ [32m↓ [1m10[0m[0m │     │ [35mcache.nixos.org (https)[0m
┗━ ∑ [33m⏵ [1m1[0m[0m │ [32m✔ [1m26[0m[0m │ [34m⏸ 0[0m │ [33m↓ 0[0m │ [32m↓ [1m10[0m[0m │ [34m⏸ 0[0m │ [1m⏱ 59s                  [0m[?2026l[?2026h[2K[1F[2K[1F[2K[1F[2K[1F[2K[1F[2K[1F[2K[1F[2K[1F[2K[1F[2K[1F[2K[1F[2K[1F[2K[1F[2K[1F[2K[1F[2K[1F[2K[1F[2K[1F[2K[1F[2K[1F[2K[1F[2K[1F[2K[1F[2K[1F[2K[0m┏━ [1mDependency Graph[0m:
┃ [34m┌─ [0m[32m✔ ensure-all-wrappers-paths-exist[0m [90m[0m                       
┃ [34m├─ [0m[32m✔ stage-2-init.sh[0m [90m[0m                                       
┃ [34m├─ [0m[32m✔ perl-5.42.0-env[0m [90m⏱ 7s[0m                                   
┃ [34m│  [0m      [34m┌─ [0m[32m✔ unit-console-getty.service-disabled[0m [90m[0m          
┃ [34m│  [0m      [34m├─ [0m[32m✔ unit-pipewire-pulse.service-disabled[0m [90m[0m         
┃ [34m│  [0m      [34m├─ [0m[32m✔ unit-pipewire-pulse.socket-disabled[0m [90m[0m          
┃ [34m│  [0m      [34m├─ [0m[32m✔ unit-pipewire.service-disabled[0m [90m[0m               
┃ [34m│  [0m      [34m├─ [0m[32m✔ unit-pipewire.socket-disabled[0m [90m[0m                
┃ [34m│  [0m      [34m├─ [0m[32m✔ unit-wireplumber.service-disabled[0m [90m[0m            
┃ [34m│  [0m      [34m│  [0m      [34m┌─ [0m[32m✔ hm_fontconfigconf.d10hmfonts.conf[0m [90m[0m   
┃ [34m│  [0m      [34m│  [0m   [34m┌─ [0m[32m✔ home-manager-files[0m [90m[0m                     
┃ [34m│  [0m      [34m│  [0m[34m┌─ [0m[32m✔ home-manager-generation[0m [90m[0m                   
┃ [34m│  [0m      [34m├─ [0m[32m✔ unit-home-manager-licht.service[0m [90m[0m              
┃ [34m│  [0m   [34m┌─ [0m[32m✔ system-units[0m [90m⏱ 2s[0m                                
┃ [34m│  [0m   [34m│  [0m   [34m┌─ [0m[32m✔ dummy-xdg-mime-dirs2[0m [90m[0m                      
┃ [34m│  [0m   [34m│  [0m[34m┌─ [0m[32m✔ home-manager-path[0m [90m⏱ 5s[0m                        
┃ [34m│  [0m   [34m├─ [0m[32m✔ user-environment[0m [90m⏱ 1s[0m                            
┃ [34m│  [0m[34m┌─ [0m[32m✔ etc[0m [90m⏱ 1s[0m                                            
┃ [34m├─ [0m[32m✔ activate[0m [90m[0m                                              
┃ [32m✔ nixos-system-licht-26.05.20260907.93108a5[0m [90m[0m                [0m
┣━━━ [1mBuilds          [0m │ [1mDownloads       [0m │ [1mHost                   [0m
┃    [33m   [0m │ [32m✔ [1m27[0m[0m │     │ [33m   [0m │ [32m    [0m │     │ [35m      localhost        [0m
┃    [33m   [0m │ [32m    [0m │     │ [33m   [0m │ [32m↓ [1m10[0m[0m │     │ [35mcache.nixos.org (https)[0m
┗━ ∑ [33m⏵ 0[0m │ [32m✔ [1m27[0m[0m │ [34m⏸ 0[0m │ [33m↓ 0[0m │ [32m↓ [1m10[0m[0m │ [34m⏸ 0[0m │ [1m⏱ 59s                  [0m[?2026l[?2026h[2K[1F[2K[1F[2K[1F[2K[1F[2K[1F[2K[1F[2K[1F[2K[1F[2K[1F[2K[1F[2K[1F[2K[1F[2K[1F[2K[1F[2K[1F[2K[1F[2K[1F[2K[1F[2K[1F[2K[1F[2K[1F[2K[1F[2K[1F[2K[1F[2K[0m┏━ [1mDependency Graph[0m:
┃ [34m┌─ [0m[32m✔ ensure-all-wrappers-paths-exist[0m [90m[0m                       
┃ [34m├─ [0m[32m✔ stage-2-init.sh[0m [90m[0m                                       
┃ [34m├─ [0m[32m✔ perl-5.42.0-env[0m [90m⏱ 7s[0m                                   
┃ [34m│  [0m      [34m┌─ [0m[32m✔ unit-console-getty.service-disabled[0m [90m[0m          
┃ [34m│  [0m      [34m├─ [0m[32m✔ unit-pipewire-pulse.service-disabled[0m [90m[0m         
┃ [34m│  [0m      [34m├─ [0m[32m✔ unit-pipewire-pulse.socket-disabled[0m [90m[0m          
┃ [34m│  [0m      [34m├─ [0m[32m✔ unit-pipewire.service-disabled[0m [90m[0m               
┃ [34m│  [0m      [34m├─ [0m[32m✔ unit-pipewire.socket-disabled[0m [90m[0m                
┃ [34m│  [0m      [34m├─ [0m[32m✔ unit-wireplumber.service-disabled[0m [90m[0m            
┃ [34m│  [0m      [34m│  [0m      [34m┌─ [0m[32m✔ hm_fontconfigconf.d10hmfonts.conf[0m [90m[0m   
┃ [34m│  [0m      [34m│  [0m   [34m┌─ [0m[32m✔ home-manager-files[0m [90m[0m                     
┃ [34m│  [0m      [34m│  [0m[34m┌─ [0m[32m✔ home-manager-generation[0m [90m[0m                   
┃ [34m│  [0m      [34m├─ [0m[32m✔ unit-home-manager-licht.service[0m [90m[0m              
┃ [34m│  [0m   [34m┌─ [0m[32m✔ system-units[0m [90m⏱ 2s[0m                                
┃ [34m│  [0m   [34m│  [0m   [34m┌─ [0m[32m✔ dummy-xdg-mime-dirs2[0m [90m[0m                      
┃ [34m│  [0m   [34m│  [0m[34m┌─ [0m[32m✔ home-manager-path[0m [90m⏱ 5s[0m                        
┃ [34m│  [0m   [34m├─ [0m[32m✔ user-environment[0m [90m⏱ 1s[0m                            
┃ [34m│  [0m[34m┌─ [0m[32m✔ etc[0m [90m⏱ 1s[0m                                            
┃ [34m├─ [0m[32m✔ activate[0m [90m[0m                                              
┃ [32m✔ nixos-system-licht-26.05.20260907.93108a5[0m [90m[0m                [0m
┣━━━ [1mBuilds          [0m │ [1mDownloads       [0m │ [1mHost                          [0m
┃    [33m   [0m │ [32m✔ [1m27[0m[0m │     │ [33m   [0m │ [32m    [0m │     │ [35m      localhost               [0m
┃    [33m   [0m │ [32m    [0m │     │ [33m   [0m │ [32m↓ [1m10[0m[0m │     │ [35mcache.nixos.org (https)       [0m
┗━ ∑ [33m⏵ 0[0m │ [32m✔ [1m27[0m[0m │ [34m⏸ 0[0m │ [33m↓ 0[0m │ [32m↓ [1m10[0m[0m │ [34m⏸ 0[0m │ [1m[32mFinished at 08:22:04 after 59s[0m[0m[?2026l[?25h
[1m<<<[0m /nix/store/gpr73iwv2xqh7f3r8l4rpffxwng7mzd6-nixos-system-licht-26.05.20260907.93108a5
[1m>>>[0m /nix/store/4ihi67xjva4shb8dfnlcgc3rc983xacr-nixos-system-licht-26.05.20260907.93108a5

[1mADDED[0m
[[1;32mA[0m.] gitleaks [32m8[0m.[32m30[0m.[32m1[0m, [96m+28.4 MiB[0m

[1mPATHS[0m: [31m1617[0m -> [32m1618[0m ([32m+10[0m, [31m-9[0m)
[1mSIZE[0m: [31m10.7 GiB[0m -> [32m10.7 GiB[0m
[1mDIFF[0m: +[32m28.4 MiB[0m
[32m>[0m Activating configuration
[32m>[0m Adding configuration to bootloader
